사고번호,사고일시,요일,시군구,사고내용,사망자수,중상자수,경상자수,부상신고자수,사고유형,법규위반,노면상태,기상상태,도로형태,가해운전자 차종,가해운전자 성별,가해운전자 연령,가해운전자 상해정도,피해운전자 차종,피해운전자 성별,피해운전자 연령,피해운전자 상해정도
2021012300100013,2021년 1월 23일 01시,토요일,부산광역시 부산진구 연지동,경상사고,0,0,2,0,차대차 - 측면충돌,신호위반,젖음/습기,흐림,교차로 - 교차로안,승용,남,28세,상해없음,승용,남,52세,경상
2021012300100065,2021년 1월 23일 09시,토요일,부산광역시 해운대구 반송동,경상사고,0,0,1,0,차대사람 - 차도통행중,안전운전불이행,젖음/습기,비,교차로 - 교차로횡단보도내,승용,남,71세,상해없음,보행자,남,23세,경상
2021012300100066,2021년 1월 23일 09시,토요일,부산광역시 금정구 부곡동,경상사고,0,0,1,0,차대사람 - 기타,안전운전불이행,젖음/습기,비,교차로 - 교차로안,화물,남,70세,상해없음,보행자,여,48세,경상
2021012300100105,2021년 1월 23일 11시,토요일,부산광역시 북구 화명동,부상신고사고,0,0,0,1,차대차 - 측면충돌,안전운전불이행,젖음/습기,비,교차로 - 교차로안,원동기,남,24세,부상신고,승용,남,74세,상해없음
2021012300100106,2021년 1월 23일 11시,토요일,부산광역시 동래구 온천동,경상사고,0,0,1,0,차대차 - 측면충돌,안전운전불이행,건조,맑음,단일로 - 기타,화물,여,61세,상해없음,승용,남,61세,경상
2021012300100139,2021년 1월 23일 12시,토요일,부산광역시 북구 덕천동,중상사고,0,1,0,0,차대차 - 기타,신호위반,젖음/습기,비,교차로 - 교차로안,승용,여,57세,상해없음,승용,여,47세,중상
2021012300100140,2021년 1월 23일 12시,토요일,부산광역시 동래구 온천동,경상사고,0,0,1,0,차대사람 - 차도통행중,안전운전불이행,젖음/습기,비,단일로 - 기타,승용,남,49세,상해없음,보행자,여,72세,경상
2021012300100141,2021년 1월 23일 12시,토요일,부산광역시 동래구 칠산동,중상사고,0,1,0,0,차대차 - 정면충돌,안전운전불이행,젖음/습기,흐림,단일로 - 기타,화물,남,47세,상해없음,이륜,남,51세,중상
2021012300100143,2021년 1월 23일 12시,토요일,부산광역시 연제구 연산동,경상사고,0,0,2,0,차대차 - 기타,안전거리미확보,건조,맑음,교차로 - 교차로안,화물,남,31세,상해없음,승용,남,30세,경상
2021012300100172,2021년 1월 23일 13시,토요일,부산광역시 사하구 하단동,중상사고,0,1,1,0,차대차 - 측면충돌,중앙선침범,젖음/습기,맑음,단일로 - 기타,화물,남,68세,상해없음,승용,여,39세,중상
2021012300100173,2021년 1월 23일 13시,토요일,부산광역시 사상구 엄궁동,경상사고,0,0,2,0,차대차 - 측면충돌,안전운전불이행,건조,맑음,기타 - 기타,승용,남,64세,상해없음,승용,여,36세,경상
2021012300100196,2021년 1월 23일 14시,토요일,부산광역시 서구 충무동2가,경상사고,0,0,1,0,차대차 - 측면충돌,안전운전불이행,젖음/습기,비,교차로 - 교차로안,이륜,남,39세,경상,승용,남,56세,상해없음
2021012300100198,2021년 1월 23일 14시,토요일,부산광역시 남구 용호동,경상사고,0,0,1,0,차대사람 - 기타,안전운전불이행,건조,맑음,단일로 - 기타,승용,남,37세,상해없음,보행자,여,60세,경상
2021012300100199,2021년 1월 23일 14시,토요일,부산광역시 남구 용당동,경상사고,0,0,1,0,차대차 - 기타,안전운전불이행,건조,맑음,단일로 - 기타,승용,남,39세,상해없음,이륜,남,56세,경상
2021012300100200,2021년 1월 23일 14시,토요일,부산광역시 부산진구 개금동,경상사고,0,0,1,0,차대차 - 추돌,불법유턴,젖음/습기,흐림,단일로 - 기타,승용,남,49세,상해없음,이륜,남,21세,경상
2021012300100240,2021년 1월 23일 15시,토요일,부산광역시 영도구 동삼동,경상사고,0,0,1,0,차대차 - 추돌,안전운전불이행,건조,맑음,단일로 - 기타,승용,여,33세,기타불명,승용,남,57세,경상
2021012300100270,2021년 1월 23일 16시,토요일,부산광역시 영도구 남항동2가,경상사고,0,0,1,0,차대차 - 측면충돌,안전운전불이행,건조,맑음,교차로 - 교차로안,승용,여,39세,경상,승용,남,58세,상해없음
2021012300100271,2021년 1월 23일 16시,토요일,부산광역시 해운대구 좌동,부상신고사고,0,0,0,3,차대차 - 기타,안전거리미확보,건조,맑음,단일로 - 기타,승용,남,37세,부상신고,승용,남,28세,부상신고
2021012300100272,2021년 1월 23일 16시,토요일,부산광역시 금정구 부곡동,경상사고,0,0,1,0,차대사람 - 횡단중,보행자보호의무위반,젖음/습기,흐림,교차로 - 교차로안,승용,여,26세,상해없음,보행자,남,19세,경상
2021012300100303,2021년 1월 23일 17시,토요일,부산광역시 사상구 엄궁동,중상사고,0,1,0,0,차대사람 - 차도통행중,안전운전불이행,건조,맑음,교차로 - 교차로안,승용,남,39세,상해없음,보행자,여,77세,중상
2021012300100304,2021년 1월 23일 17시,토요일,부산광역시 사상구 감전동,경상사고,0,0,1,0,차대차 - 추돌,안전거리미확보,건조,맑음,교차로 - 교차로안,화물,남,33세,상해없음,승용,남,62세,경상
2021012300100338,2021년 1월 23일 18시,토요일,부산광역시 수영구 광안동,경상사고,0,0,1,0,차대차 - 후진중충돌,안전운전불이행,건조,맑음,단일로 - 기타,승용,남,49세,상해없음,이륜,남,44세,경상
2021012300100339,2021년 1월 23일 18시,토요일,부산광역시 기장군 기장읍,중상사고,0,1,0,0,차량단독 - 전도전복 - 전복,안전운전불이행,젖음/습기,비,단일로 - 기타,승용,남,52세,상해없음,,,,
2021012300100438,2021년 1월 23일 21시,토요일,부산광역시 중구 부평동2가,중상사고,0,1,0,0,차대차 - 기타,안전운전불이행,건조,맑음,기타 - 기타,승용,여,26세,상해없음,승용,남,29세,중상
2021012400100061,2021년 1월 24일 10시,일요일,부산광역시 부산진구 부전동,중상사고,0,1,0,0,차대사람 - 기타,안전운전불이행,건조,맑음,단일로 - 기타,건설기계,남,38세,상해없음,보행자,여,69세,중상
2021012400100113,2021년 1월 24일 13시,일요일,부산광역시 북구 구포동,경상사고,0,0,1,0,차대사람 - 길가장자리구역통행중,안전운전불이행,건조,맑음,단일로 - 기타,승용,남,58세,상해없음,보행자,남,53세,경상
2021012400100114,2021년 1월 24일 13시,일요일,부산광역시 부산진구 가야동,경상사고,0,0,1,0,차대차 - 측면충돌,불법유턴,건조,맑음,교차로 - 교차로안,승용,남,54세,상해없음,이륜,남,22세,경상
2021012400100115,2021년 1월 24일 13시,일요일,부산광역시 사상구 괘법동,경상사고,0,0,1,0,차대차 - 추돌,안전운전불이행,건조,맑음,교차로 - 교차로부근,승용,여,47세,상해없음,승용,남,53세,경상
2021012400100142,2021년 1월 24일 14시,일요일,부산광역시 금정구 오륜동,부상신고사고,0,0,0,1,차대차 - 기타,안전운전불이행,건조,맑음,단일로 - 터널,승용,여,35세,부상신고,기타불명,기타불명,미분류,기타불명
2021012400100188,2021년 1월 24일 16시,일요일,부산광역시 부산진구 당감동,중상사고,0,1,0,0,차대차 - 기타,신호위반,건조,맑음,교차로 - 교차로안,자전거,남,48세,중상,승용,여,53세,상해없음
2021012400100208,2021년 1월 24일 17시,일요일,부산광역시 남구 문현동,중상사고,0,1,0,0,차대차 - 측면충돌,신호위반,건조,맑음,교차로 - 교차로안,이륜,남,61세,중상,승용,남,55세,상해없음
2021012400100236,2021년 1월 24일 18시,일요일,부산광역시 동래구 낙민동,경상사고,0,0,1,0,차대차 - 측면충돌,신호위반,건조,맑음,교차로 - 교차로부근,이륜,남,26세,상해없음,이륜,남,53세,경상
2021012400100237,2021년 1월 24일 18시,일요일,부산광역시 부산진구 당감동,중상사고,0,1,1,1,차대차 - 측면충돌,신호위반,건조,맑음,교차로 - 교차로부근,승용,남,62세,상해없음,승용,여,36세,경상
2021012400100267,2021년 1월 24일 19시,일요일,부산광역시 동래구 수안동,경상사고,0,0,2,0,차대차 - 기타,교차로운행방법위반,건조,맑음,교차로 - 교차로안,승용,남,63세,상해없음,승용,남,21세,경상
2021012400100293,2021년 1월 24일 20시,일요일,부산광역시 금정구 서동,중상사고,0,1,0,0,차대사람 - 횡단중,안전운전불이행,건조,맑음,교차로 - 교차로안,승용,남,68세,상해없음,보행자,남,61세,중상
2021012400100294,2021년 1월 24일 20시,일요일,부산광역시 강서구 대저1동,경상사고,0,0,1,0,차대차 - 추돌,안전거리미확보,건조,맑음,단일로 - 기타,특수,남,57세,상해없음,승용,여,27세,경상
2021012400100359,2021년 1월 24일 23시,일요일,부산광역시 해운대구 우동,경상사고,0,0,2,0,차대차 - 측면충돌,안전운전불이행,건조,맑음,교차로 - 교차로안,승용,남,62세,상해없음,승용,남,32세,경상
2021012500100064,2021년 1월 25일 08시,월요일,부산광역시 부산진구 개금동,경상사고,0,0,1,0,차대차 - 측면충돌,안전거리미확보,건조,맑음,단일로 - 기타,승용,남,26세,상해없음,화물,남,31세,경상
2021012500100096,2021년 1월 25일 09시,월요일,부산광역시 사하구 감천동,중상사고,0,1,0,0,차대차 - 기타,안전운전불이행,건조,맑음,단일로 - 기타,이륜,남,66세,상해없음,화물,남,45세,상해없음
2021012500100097,2021년 1월 25일 09시,월요일,부산광역시 연제구 연산동,경상사고,0,0,1,0,차대차 - 추돌,신호위반,건조,맑음,교차로 - 교차로횡단보도내,화물,남,60세,상해없음,자전거,남,63세,경상
2021012500100127,2021년 1월 25일 10시,월요일,부산광역시 사상구 감전동,경상사고,0,0,1,0,차대차 - 측면충돌,교차로운행방법위반,건조,맑음,교차로 - 교차로안,화물,남,66세,상해없음,승용,남,25세,경상
2021012500100156,2021년 1월 25일 11시,월요일,부산광역시 북구 만덕동,중상사고,0,1,1,0,차대차 - 기타,안전운전불이행,건조,맑음,교차로 - 교차로부근,승용,남,75세,상해없음,화물,남,46세,중상
2021012500100157,2021년 1월 25일 11시,월요일,부산광역시 부산진구 부전동,경상사고,0,0,1,0,차대차 - 측면충돌,안전거리미확보,건조,맑음,교차로 - 교차로부근,승용,남,50세,상해없음,승용,남,32세,경상
2021012500100191,2021년 1월 25일 12시,월요일,부산광역시 수영구 광안동,경상사고,0,0,1,0,차대사람 - 기타,신호위반,건조,맑음,교차로 - 교차로횡단보도내,승용,남,71세,상해없음,보행자,여,24세,경상
2021012500100192,2021년 1월 25일 12시,월요일,부산광역시 기장군 기장읍,중상사고,0,1,0,0,차대차 - 측면충돌,교차로운행방법위반,건조,맑음,교차로 - 교차로안,승용,남,66세,기타불명,승용,여,24세,중상
2021012500100224,2021년 1월 25일 13시,월요일,부산광역시 남구 대연동,경상사고,0,0,1,0,차대차 - 추돌,안전거리미확보,건조,맑음,단일로 - 기타,승용,남,53세,상해없음,승용,여,43세,경상
2021012500100259,2021년 1월 25일 14시,월요일,부산광역시 동래구 명륜동,경상사고,0,0,1,0,차대차 - 추돌,안전거리미확보,건조,맑음,단일로 - 기타,개인형이동수단(PM),남,22세,상해없음,이륜,남,26세,경상
2021012500100260,2021년 1월 25일 14시,월요일,부산광역시 부산진구 부암동,경상사고,0,0,1,0,차대사람 - 길가장자리구역통행중,안전운전불이행,건조,맑음,기타 - 기타,이륜,남,45세,상해없음,보행자,남,10세,경상
2021012500100261,2021년 1월 25일 14시,월요일,부산광역시 금정구 부곡동,경상사고,0,0,2,0,차대차 - 추돌,안전거리미확보,건조,맑음,단일로 - 터널,승용,남,63세,상해없음,승용,남,63세,경상
2021012500100262,2021년 1월 25일 14시,월요일,부산광역시 사하구 하단동,경상사고,0,0,1,0,차대차 - 측면충돌,안전거리미확보,건조,맑음,단일로 - 기타,건설기계,남,51세,상해없음,승용,남,69세,경상
2021012500100263,2021년 1월 25일 14시,월요일,부산광역시 기장군 기장읍,경상사고,0,0,1,1,차대차 - 기타,교차로운행방법위반,건조,맑음,교차로 - 교차로안,승용,여,30세,부상신고,승용,여,47세,경상
2021012500100298,2021년 1월 25일 15시,월요일,부산광역시 동구 초량동,경상사고,0,0,1,0,차대차 - 측면충돌,안전운전불이행,건조,맑음,단일로 - 기타,승용,남,56세,상해없음,이륜,남,49세,경상
2021012500100299,2021년 1월 25일 15시,월요일,부산광역시 동구 초량동,경상사고,0,0,2,0,차대차 - 측면충돌,안전거리미확보,건조,맑음,단일로 - 기타,승용,남,53세,상해없음,승용,여,50세,경상
2021012500100300,2021년 1월 25일 15시,월요일,부산광역시 동래구 사직동,경상사고,0,0,1,0,차대차 - 추돌,안전운전불이행,건조,맑음,단일로 - 기타,승합,남,67세,상해없음,승용,여,33세,경상
2021012500100301,2021년 1월 25일 15시,월요일,부산광역시 영도구 봉래동5가,경상사고,0,0,1,0,차대차 - 측면충돌,교차로운행방법위반,건조,맑음,교차로 - 교차로안,화물,남,49세,상해없음,이륜,남,17세,경상
2021012500100302,2021년 1월 25일 15시,월요일,부산광역시 사하구 하단동,경상사고,0,0,1,0,차대차 - 추돌,안전거리미확보,건조,맑음,단일로 - 기타,승용,남,62세,상해없음,화물,남,44세,경상
2021012500100303,2021년 1월 25일 15시,월요일,부산광역시 강서구 범방동,사망사고,1,0,1,0,차대차 - 추돌,안전운전불이행,건조,맑음,교차로 - 교차로부근,화물,남,59세,사망,화물,남,60세,경상
2021012500100335,2021년 1월 25일 16시,월요일,부산광역시 수영구 광안동,중상사고,0,1,2,0,차대차 - 측면충돌,교차로운행방법위반,건조,맑음,교차로 - 교차로안,승용,남,64세,상해없음,화물,남,64세,중상
2021012500100372,2021년 1월 25일 17시,월요일,부산광역시 해운대구 우동,경상사고,0,0,1,0,차대차 - 측면충돌,신호위반,건조,맑음,교차로 - 교차로부근,승용,여,50세,상해없음,자전거,남,17세,경상
2021012500100410,2021년 1월 25일 18시,월요일,부산광역시 동래구 온천동,중상사고,0,1,1,0,차대차 - 정면충돌,신호위반,건조,맑음,교차로 - 교차로안,이륜,남,43세,중상,승용,남,68세,경상
2021012500100411,2021년 1월 25일 18시,월요일,부산광역시 부산진구 전포동,경상사고,0,0,1,0,차대사람 - 횡단중,안전운전불이행,건조,맑음,교차로 - 교차로안,승용,남,38세,상해없음,보행자,여,27세,경상
2021012500100412,2021년 1월 25일 18시,월요일,부산광역시 부산진구 부전동,중상사고,0,1,0,0,차대차 - 기타,중앙선침범,건조,맑음,단일로 - 기타,승용,남,67세,상해없음,이륜,남,21세,중상
2021012500100413,2021년 1월 25일 18시,월요일,부산광역시 부산진구 부암동,경상사고,0,0,1,0,차대사람 - 기타,안전운전불이행,건조,맑음,단일로 - 기타,기타불명,기타불명,미분류,기타불명,보행자,남,14세,경상
2021012500100461,2021년 1월 25일 19시,월요일,부산광역시 부산진구 당감동,경상사고,0,0,1,0,차대차 - 기타,신호위반,건조,맑음,교차로 - 교차로부근,이륜,남,39세,상해없음,이륜,남,64세,경상
2021012500100497,2021년 1월 25일 20시,월요일,부산광역시 동구 범일동,경상사고,0,0,2,0,차대차 - 추돌,안전거리미확보,건조,맑음,기타 - 기타,화물,남,47세,상해없음,승용,여,45세,경상
2021012500100498,2021년 1월 25일 20시,월요일,부산광역시 부산진구 부전동,경상사고,0,0,1,0,차대차 - 정면충돌,신호위반,건조,맑음,교차로 - 교차로안,승용,여,65세,상해없음,승합,남,61세,경상
2021012500100499,2021년 1월 25일 20시,월요일,부산광역시 기장군 기장읍,경상사고,0,0,1,0,차대차 - 추돌,안전운전불이행,건조,맑음,교차로 - 교차로안,승용,여,50세,상해없음,승용,남,39세,경상
2021012500100531,2021년 1월 25일 21시,월요일,부산광역시 남구 용호동,경상사고,0,0,1,0,차대차 - 측면충돌,안전운전불이행,건조,맑음,단일로 - 기타,승용,남,28세,상해없음,자전거,남,25세,경상
2021012500100532,2021년 1월 25일 21시,월요일,부산광역시 수영구 남천동,경상사고,0,0,2,0,차대차 - 측면충돌,안전운전불이행,건조,맑음,단일로 - 기타,승용,남,20세,상해없음,승용,남,49세,경상
2021012500100533,2021년 1월 25일 21시,월요일,부산광역시 연제구 연산동,경상사고,0,0,1,0,차대차 - 추돌,안전거리미확보,건조,맑음,교차로 - 교차로안,승용,남,20세,상해없음,승용,남,66세,경상
2021012600100001,2021년 1월 26일 00시,화요일,부산광역시 해운대구 재송동,경상사고,0,0,2,0,차대차 - 측면충돌,안전운전불이행,젖음/습기,비,단일로 - 기타,승용,여,52세,상해없음,승용,남,72세,경상
2021012600100019,2021년 1월 26일 03시,화요일,부산광역시 부산진구 전포동,부상신고사고,0,0,0,1,차량단독 - 전도전복 - 전도,안전운전불이행,건조,맑음,단일로 - 기타,이륜,남,20세,부상신고,,,,
2021012600100030,2021년 1월 26일 05시,화요일,부산광역시 부산진구 연지동,중상사고,0,1,0,0,차대차 - 기타,안전운전불이행,젖음/습기,비,단일로 - 기타,화물,남,50세,상해없음,자전거,남,78세,중상
2021012600100040,2021년 1월 26일 06시,화요일,부산광역시 강서구 송정동,경상사고,0,0,2,0,차대차 - 추돌,안전운전불이행,건조,맑음,단일로 - 기타,승용,남,45세,상해없음,승용,남,37세,경상
2021012600100063,2021년 1월 26일 07시,화요일,부산광역시 사하구 괴정동,부상신고사고,0,0,0,1,차대차 - 측면충돌,안전거리미확보,젖음/습기,맑음,단일로 - 기타,승용,남,56세,부상신고,승합,남,81세,상해없음
2021012600100064,2021년 1월 26일 07시,화요일,부산광역시 강서구 명지동,경상사고,0,0,1,0,차대차 - 측면충돌,안전운전불이행,젖음/습기,비,단일로 - 기타,화물,남,59세,상해없음,승용,여,29세,경상
2021012600100087,2021년 1월 26일 08시,화요일,부산광역시 동구 초량동,중상사고,0,1,0,0,차대차 - 측면충돌,중앙선침범,젖음/습기,비,단일로 - 기타,승용,남,64세,상해없음,이륜,남,62세,중상
2021012600100116,2021년 1월 26일 09시,화요일,부산광역시 북구 덕천동,경상사고,0,0,1,0,차대차 - 기타,안전운전불이행,젖음/습기,비,단일로 - 기타,승합,남,60세,상해없음,승용,여,65세,경상
2021012600100140,2021년 1월 26일 10시,화요일,부산광역시 사상구 엄궁동,경상사고,0,0,1,0,차대차 - 측면충돌,교차로운행방법위반,젖음/습기,비,교차로 - 교차로부근,승용,남,28세,상해없음,승용,남,45세,경상
2021012600100172,2021년 1월 26일 11시,화요일,부산광역시 서구 동대신동2가,부상신고사고,0,0,0,1,차대차 - 추돌,안전거리미확보,젖음/습기,비,교차로 - 교차로부근,승용,남,63세,상해없음,이륜,남,17세,부상신고
2021012600100173,2021년 1월 26일 11시,화요일,부산광역시 해운대구 우동,경상사고,0,0,1,0,차대사람 - 횡단중,안전운전불이행,젖음/습기,비,교차로 - 교차로부근,승용,남,67세,상해없음,보행자,여,20세,경상
2021012600100174,2021년 1월 26일 11시,화요일,부산광역시 사하구 감천동,경상사고,0,0,1,0,차대차 - 측면충돌,교차로운행방법위반,젖음/습기,비,교차로 - 교차로안,승용,남,63세,경상,특수,남,63세,상해없음
2021012600100196,2021년 1월 26일 12시,화요일,부산광역시 서구 서대신동3가,중상사고,0,1,0,0,차대사람 - 횡단중,보행자보호의무위반,젖음/습기,비,교차로 - 교차로안,화물,남,51세,기타불명,보행자,남,68세,중상
2021012600100197,2021년 1월 26일 12시,화요일,부산광역시 사상구 엄궁동,중상사고,0,1,0,0,차대사람 - 보도통행중,신호위반,젖음/습기,비,교차로 - 교차로부근,승용,남,20세,상해없음,보행자,여,23세,중상
2021012600100225,2021년 1월 26일 13시,화요일,부산광역시 해운대구 반여동,경상사고,0,0,1,0,차대차 - 측면충돌,안전거리미확보,젖음/습기,비,단일로 - 기타,승용,여,76세,상해없음,승용,여,46세,경상
2021012600100226,2021년 1월 26일 13시,화요일,부산광역시 부산진구 전포동,부상신고사고,0,0,0,1,차대차 - 추돌,안전거리미확보,젖음/습기,비,교차로 - 교차로부근,이륜,남,19세,부상신고,승용,여,40세,상해없음
2021012600100349,2021년 1월 26일 17시,화요일,부산광역시 강서구 대저2동,경상사고,0,0,1,0,차대차 - 측면충돌,안전거리미확보,젖음/습기,비,단일로 - 기타,승용,남,39세,상해없음,화물,남,60세,경상
2021012600100392,2021년 1월 26일 18시,화요일,부산광역시 부산진구 부전동,경상사고,0,0,1,0,차대사람 - 기타,보행자보호의무위반,젖음/습기,비,교차로 - 교차로안,승용,남,35세,상해없음,보행자,여,66세,경상
2021012600100441,2021년 1월 26일 19시,화요일,부산광역시 중구 중앙동6가,경상사고,0,0,4,0,차대차 - 측면충돌,안전운전불이행,건조,맑음,교차로 - 교차로안,승용,남,22세,상해없음,승용,남,22세,경상
2021012600100442,2021년 1월 26일 19시,화요일,부산광역시 남구 대연동,경상사고,0,0,1,0,차대차 - 기타,신호위반,건조,맑음,교차로 - 교차로안,승용,남,28세,상해없음,이륜,남,24세,경상
2021012600100443,2021년 1월 26일 19시,화요일,부산광역시 영도구 청학동,경상사고,0,0,1,0,차대차 - 기타,신호위반,건조,맑음,교차로 - 교차로안,이륜,남,19세,경상,승용,남,36세,상해없음
2021012600100487,2021년 1월 26일 20시,화요일,부산광역시 남구 대연동,경상사고,0,0,1,0,차대차 - 측면충돌,안전운전불이행,건조,맑음,교차로 - 교차로부근,승용,남,48세,상해없음,화물,남,60세,경상
2021012600100488,2021년 1월 26일 20시,화요일,부산광역시 동래구 사직동,경상사고,0,0,1,0,차대차 - 측면충돌,안전운전불이행,건조,맑음,교차로 - 교차로안,승용,여,44세,상해없음,이륜,남,23세,경상
2021012600100513,2021년 1월 26일 21시,화요일,부산광역시 중구 중앙동4가,경상사고,0,0,2,0,차대차 - 추돌,안전운전불이행,젖음/습기,맑음,단일로 - 기타,승용,남,48세,상해없음,승용,남,50세,경상
2021012600100514,2021년 1월 26일 21시,화요일,부산광역시 영도구 봉래동3가,경상사고,0,0,2,1,차대차 - 측면충돌,신호위반,건조,맑음,교차로 - 교차로안,승용,남,65세,상해없음,승용,여,41세,경상
2021012600100539,2021년 1월 26일 22시,화요일,부산광역시 금정구 노포동,경상사고,0,0,1,0,차대차 - 추돌,안전운전불이행,젖음/습기,흐림,교차로 - 교차로부근,승용,여,38세,상해없음,승용,남,47세,경상
2021012600100559,2021년 1월 26일 23시,화요일,부산광역시 중구 부평동2가,경상사고,0,0,1,0,차대차 - 측면충돌,안전운전불이행,건조,맑음,교차로 - 교차로부근,승합,남,67세,상해없음,이륜,남,19세,경상
2021012700100026,2021년 1월 27일 06시,수요일,부산광역시 북구 구포동,경상사고,0,0,1,0,차대차 - 기타,안전운전불이행,건조,맑음,교차로 - 교차로안,화물,남,65세,상해없음,승용,여,35세,경상
2021012700100027,2021년 1월 27일 06시,수요일,부산광역시 동래구 안락동,중상사고,0,1,0,0,차대차 - 기타,안전운전불이행,건조,맑음,단일로 - 기타,승용,남,51세,상해없음,기타불명,여,73세,중상
2021012700100044,2021년 1월 27일 07시,수요일,부산광역시 북구 덕천동,경상사고,0,0,1,0,차대차 - 측면충돌,기타,건조,맑음,기타 - 기타,화물,남,59세,상해없음,승용,남,35세,경상
2021012700100061,2021년 1월 27일 08시,수요일,부산광역시 서구 동대신동3가,경상사고,0,0,1,0,차대사람 - 횡단중,안전운전불이행,건조,맑음,교차로 - 교차로부근,승용,남,75세,상해없음,보행자,여,66세,경상
2021012700100062,2021년 1월 27일 08시,수요일,부산광역시 북구 덕천동,경상사고,0,0,2,0,차대차 - 기타,차로위반,건조,맑음,단일로 - 기타,승용,여,24세,상해없음,승용,여,43세,경상
2021012700100063,2021년 1월 27일 08시,수요일,부산광역시 기장군 정관읍,경상사고,0,0,1,0,차대차 - 추돌,안전운전불이행,건조,맑음,교차로 - 교차로부근,승용,여,35세,상해없음,승용,남,50세,경상
2021012700100094,2021년 1월 27일 09시,수요일,부산광역시 수영구 민락동,경상사고,0,0,1,0,차대차 - 추돌,안전운전불이행,건조,맑음,교차로 - 교차로부근,승용,남,25세,상해없음,승용,남,36세,경상
2021012700100161,2021년 1월 27일 12시,수요일,부산광역시 중구 영주동,중상사고,0,1,0,0,차대사람 - 보도통행중,보행자보호의무위반,건조,맑음,단일로 - 기타,화물,남,27세,상해없음,보행자,여,82세,중상
2021012700100162,2021년 1월 27일 12시,수요일,부산광역시 부산진구 가야동,경상사고,0,0,1,0,차대차 - 기타,안전운전불이행,건조,맑음,단일로 - 기타,화물,남,58세,상해없음,승용,여,49세,경상
2021012700100163,2021년 1월 27일 12시,수요일,부산광역시 연제구 연산동,부상신고사고,0,0,0,1,차량단독 - 기타,안전운전불이행,건조,맑음,단일로 - 기타,자전거,남,80세,부상신고,,,,
2021012700100188,2021년 1월 27일 13시,수요일,부산광역시 북구 화명동,경상사고,0,0,1,0,차대차 - 측면충돌,안전운전불이행,건조,맑음,단일로 - 터널,화물,남,59세,상해없음,승용,남,44세,경상
2021012700100224,2021년 1월 27일 14시,수요일,부산광역시 서구 충무동1가,부상신고사고,0,0,0,1,차대차 - 기타,차로위반,건조,맑음,단일로 - 기타,승용,남,32세,상해없음,원동기,남,17세,부상신고
2021012700100225,2021년 1월 27일 14시,수요일,부산광역시 해운대구 좌동,경상사고,0,0,1,0,차대차 - 추돌,안전운전불이행,건조,맑음,교차로 - 교차로부근,화물,남,19세,상해없음,승용,여,49세,경상
2021012700100226,2021년 1월 27일 14시,수요일,부산광역시 부산진구 당감동,경상사고,0,0,1,0,차대사람 - 기타,안전운전불이행,건조,맑음,기타 - 기타,승용,여,61세,상해없음,보행자,남,63세,경상
2021012700100227,2021년 1월 27일 14시,수요일,부산광역시 부산진구 당감동,경상사고,0,0,1,0,차대사람 - 기타,신호위반,건조,맑음,단일로 - 기타,원동기,남,38세,상해없음,보행자,남,36세,경상
2021012700100228,2021년 1월 27일 14시,수요일,부산광역시 연제구 연산동,경상사고,0,0,1,0,차대차 - 기타,안전운전불이행,건조,맑음,단일로 - 기타,승용,남,63세,상해없음,이륜,남,31세,경상
2021012700100263,2021년 1월 27일 15시,수요일,부산광역시 동구 초량동,경상사고,0,0,1,0,차대사람 - 기타,보행자보호의무위반,건조,맑음,단일로 - 기타,승용,남,68세,상해없음,보행자,여,61세,경상
2021012700100264,2021년 1월 27일 15시,수요일,부산광역시 강서구 대저2동,중상사고,0,1,3,0,차대차 - 측면충돌,안전운전불이행,건조,맑음,교차로 - 교차로안,승용,남,54세,경상,승용,남,58세,경상
2021012700100265,2021년 1월 27일 15시,수요일,부산광역시 강서구 명지동,중상사고,0,1,0,0,차대차 - 기타,교차로운행방법위반,건조,맑음,교차로 - 교차로안,승용,여,41세,상해없음,이륜,남,20세,중상
2021012700100291,2021년 1월 27일 16시,수요일,부산광역시 부산진구 당감동,경상사고,0,0,1,0,차대사람 - 차도통행중,안전운전불이행,건조,맑음,단일로 - 기타,승용,여,58세,상해없음,보행자,여,79세,경상
2021012700100292,2021년 1월 27일 16시,수요일,부산광역시 금정구 회동동,경상사고,0,0,1,0,차대차 - 기타,기타,건조,맑음,단일로 - 기타,화물,남,60세,상해없음,승용,남,39세,경상
2021012700100318,2021년 1월 27일 17시,수요일,부산광역시 동래구 온천동,경상사고,0,0,1,0,차대차 - 정면충돌,안전운전불이행,건조,맑음,교차로 - 교차로안,이륜,남,23세,상해없음,이륜,남,39세,경상
2021012700100362,2021년 1월 27일 18시,수요일,부산광역시 남구 감만동,부상신고사고,0,0,0,1,차대차 - 측면충돌,신호위반,건조,맑음,교차로 - 교차로안,이륜,남,57세,부상신고,승용,여,55세,상해없음
2021012700100363,2021년 1월 27일 18시,수요일,부산광역시 남구 문현동,경상사고,0,0,1,0,차대차 - 측면충돌,안전운전불이행,건조,맑음,단일로 - 기타,승용,남,38세,상해없음,이륜,남,30세,경상
2021012700100364,2021년 1월 27일 18시,수요일,부산광역시 연제구 연산동,경상사고,0,0,1,0,차대사람 - 횡단중,보행자보호의무위반,건조,맑음,교차로 - 교차로안,화물,남,36세,상해없음,보행자,남,34세,경상
2021012700100412,2021년 1월 27일 19시,수요일,부산광역시 북구 구포동,경상사고,0,0,1,0,차대차 - 추돌,안전거리미확보,건조,맑음,단일로 - 기타,승용,남,32세,상해없음,승합,남,58세,경상