사고번호,사고일시,요일,시군구,사고내용,사망자수,중상자수,경상자수,부상신고자수,사고유형,법규위반,노면상태,기상상태,도로형태,가해운전자 차종,가해운전자 성별,가해운전자 연령,가해운전자 상해정도,피해운전자 차종,피해운전자 성별,피해운전자 연령,피해운전자 상해정도
2021020100100117,2021년 2월 1일 10시,월요일,부산광역시 북구 구포동,사망사고,1,0,0,0,차대차 - 측면충돌,안전운전불이행,젖음/습기,비,교차로 - 교차로안,승용,남,70세,상해없음,기타불명,남,66세,사망
2021020100100139,2021년 2월 1일 11시,월요일,부산광역시 기장군 기장읍,경상사고,0,0,1,0,차대사람 - 기타,안전운전불이행,젖음/습기,비,단일로 - 기타,승용,여,56세,상해없음,보행자,여,68세,경상
2021020100100165,2021년 2월 1일 12시,월요일,부산광역시 서구 동대신동2가,경상사고,0,0,1,0,차대차 - 측면충돌,안전운전불이행,젖음/습기,흐림,단일로 - 기타,화물,남,73세,상해없음,이륜,남,28세,경상
2021020100100192,2021년 2월 1일 13시,월요일,부산광역시 남구 우암동,경상사고,0,0,1,0,차대차 - 측면충돌,안전운전불이행,건조,맑음,단일로 - 기타,화물,남,33세,경상,화물,남,47세,기타불명
2021020100100193,2021년 2월 1일 13시,월요일,부산광역시 남구 문현동,중상사고,0,2,0,0,차대차 - 추돌,안전운전불이행,건조,맑음,단일로 - 기타,승합,남,51세,상해없음,승용,남,55세,중상
2021020100100288,2021년 2월 1일 17시,월요일,부산광역시 남구 대연동,중상사고,0,1,5,0,차대차 - 기타,중앙선침범,건조,맑음,단일로 - 기타,승용,남,50세,상해없음,승용,남,68세,경상
2021020100100289,2021년 2월 1일 17시,월요일,부산광역시 연제구 거제동,경상사고,0,0,1,0,차대차 - 기타,안전운전불이행,젖음/습기,흐림,교차로 - 교차로안,승용,남,57세,상해없음,이륜,남,45세,경상
2021020100100327,2021년 2월 1일 18시,월요일,부산광역시 부산진구 범천동,경상사고,0,0,2,0,차대차 - 기타,안전운전불이행,기타,맑음,단일로 - 기타,화물,남,54세,상해없음,승용,여,48세,경상
2021020100100328,2021년 2월 1일 18시,월요일,부산광역시 금정구 노포동,부상신고사고,0,0,0,1,차대차 - 추돌,안전운전불이행,젖음/습기,흐림,단일로 - 기타,이륜,남,62세,부상신고,승용,남,55세,상해없음
2021020100100329,2021년 2월 1일 18시,월요일,부산광역시 금정구 장전동,경상사고,0,0,1,0,차대차 - 측면충돌,신호위반,건조,맑음,교차로 - 교차로안,승용,남,70세,상해없음,승용,남,64세,경상
2021020100100386,2021년 2월 1일 19시,월요일,부산광역시 남구 용당동,경상사고,0,0,2,0,차대차 - 후진중충돌,안전거리미확보,건조,맑음,단일로 - 기타,승용,남,54세,상해없음,승용,남,53세,경상
2021020100100387,2021년 2월 1일 19시,월요일,부산광역시 사하구 장림동,중상사고,0,1,0,0,차대차 - 측면충돌,안전운전불이행,건조,맑음,교차로 - 교차로안,화물,남,60세,상해없음,이륜,남,42세,중상
2021020100100388,2021년 2월 1일 19시,월요일,부산광역시 연제구 연산동,중상사고,0,1,0,0,차대사람 - 횡단중,보행자보호의무위반,건조,맑음,기타 - 기타,승용,여,46세,상해없음,보행자,여,35세,중상
2021020100100389,2021년 2월 1일 19시,월요일,부산광역시 사상구 괘법동,경상사고,0,0,1,0,차대차 - 측면충돌,중앙선침범,건조,맑음,단일로 - 기타,승용,남,54세,상해없음,승용,남,60세,경상
2021020100100424,2021년 2월 1일 20시,월요일,부산광역시 금정구 노포동,경상사고,0,0,1,0,차대차 - 기타,안전운전불이행,건조,맑음,기타 - 기타,승용,남,57세,상해없음,승용,남,58세,경상
2021020200100051,2021년 2월 2일 08시,화요일,부산광역시 영도구 청학동,경상사고,0,0,1,0,차대차 - 측면충돌,안전거리미확보,건조,맑음,단일로 - 기타,승합,남,51세,상해없음,승용,남,32세,경상
2021020200100052,2021년 2월 2일 08시,화요일,부산광역시 부산진구 범전동,사망사고,1,0,0,0,차대차 - 기타,안전운전불이행,건조,맑음,단일로 - 기타,특수,남,63세,상해없음,이륜,남,79세,사망
2021020200100053,2021년 2월 2일 08시,화요일,부산광역시 부산진구 부암동,경상사고,0,0,2,0,차대차 - 정면충돌,안전운전불이행,건조,맑음,단일로 - 기타,승용,남,41세,상해없음,승용,남,43세,경상
2021020200100054,2021년 2월 2일 08시,화요일,부산광역시 금정구 부곡동,경상사고,0,0,1,0,차대사람 - 기타,안전운전불이행,건조,맑음,교차로 - 교차로안,승용,남,34세,상해없음,보행자,남,40세,경상
2021020200100102,2021년 2월 2일 10시,화요일,부산광역시 부산진구 부전동,경상사고,0,0,1,0,차대차 - 정면충돌,신호위반,건조,맑음,교차로 - 교차로안,승용,여,68세,상해없음,이륜,남,35세,경상
2021020200100166,2021년 2월 2일 12시,화요일,부산광역시 동래구 사직동,부상신고사고,0,0,0,1,차대차 - 측면충돌,교차로운행방법위반,건조,맑음,교차로 - 교차로안,화물,남,63세,상해없음,화물,남,53세,부상신고
2021020200100167,2021년 2월 2일 12시,화요일,부산광역시 강서구 명지동,경상사고,0,0,1,0,차대차 - 추돌,안전거리미확보,건조,맑음,교차로 - 교차로부근,승용,남,68세,상해없음,승용,여,59세,경상
2021020200100255,2021년 2월 2일 15시,화요일,부산광역시 해운대구 재송동,중상사고,0,1,0,0,차대사람 - 횡단중,안전운전불이행,건조,맑음,단일로 - 기타,승용,남,44세,상해없음,보행자,여,66세,중상
2021020200100256,2021년 2월 2일 15시,화요일,부산광역시 사하구 감천동,중상사고,0,1,0,0,차대차 - 기타,안전운전불이행,건조,맑음,교차로 - 교차로부근,화물,남,43세,상해없음,승용,여,44세,중상
2021020200100286,2021년 2월 2일 16시,화요일,부산광역시 수영구 남천동,중상사고,0,1,0,0,차량단독 - 기타,안전운전불이행,건조,맑음,단일로 - 기타,승용,남,71세,상해없음,,,,
2021020200100287,2021년 2월 2일 16시,화요일,부산광역시 북구 덕천동,부상신고사고,0,0,0,1,차대차 - 기타,직진우회전진행방해,건조,맑음,교차로 - 교차로안,원동기,남,28세,부상신고,승용,여,53세,상해없음
2021020200100311,2021년 2월 2일 17시,화요일,부산광역시 기장군 장안읍,경상사고,0,0,2,0,차대차 - 측면충돌,중앙선침범,건조,맑음,교차로 - 교차로부근,승용,여,53세,상해없음,승용,남,23세,경상
2021020200100351,2021년 2월 2일 18시,화요일,부산광역시 금정구 구서동,경상사고,0,0,1,0,차대차 - 추돌,안전운전불이행,건조,맑음,단일로 - 기타,승용,여,52세,상해없음,승용,남,51세,경상
2021020200100352,2021년 2월 2일 18시,화요일,부산광역시 연제구 연산동,경상사고,0,0,1,0,차대차 - 추돌,안전운전불이행,건조,맑음,단일로 - 기타,승용,남,62세,상해없음,승용,여,55세,경상
2021020200100353,2021년 2월 2일 18시,화요일,부산광역시 연제구 연산동,경상사고,0,0,1,0,차대차 - 기타,안전운전불이행,건조,맑음,단일로 - 기타,승용,여,50세,상해없음,승용,여,39세,경상
2021020200100354,2021년 2월 2일 18시,화요일,부산광역시 기장군 일광면,경상사고,0,0,3,0,차대차 - 측면충돌,교차로운행방법위반,건조,맑음,교차로 - 교차로안,승용,남,46세,상해없음,승용,남,28세,경상
2021020200100381,2021년 2월 2일 19시,화요일,부산광역시 기장군 철마면,경상사고,0,0,2,0,차대차 - 기타,안전운전불이행,건조,맑음,교차로 - 교차로안,승용,여,59세,상해없음,승용,남,41세,경상
2021020200100452,2021년 2월 2일 21시,화요일,부산광역시 해운대구 중동,경상사고,0,0,1,0,차대차 - 측면충돌,신호위반,건조,흐림,단일로 - 기타,승합,남,71세,상해없음,승용,여,48세,경상
2021020200100453,2021년 2월 2일 21시,화요일,부산광역시 부산진구 범천동,경상사고,0,0,2,0,차대차 - 추돌,안전운전불이행,건조,맑음,기타 - 기타,승용,여,36세,상해없음,승용,여,53세,경상
2021020200100454,2021년 2월 2일 21시,화요일,부산광역시 사하구 하단동,경상사고,0,0,1,0,차대사람 - 기타,안전운전불이행,건조,맑음,교차로 - 교차로부근,승용,남,31세,상해없음,보행자,여,51세,경상
2021020200100505,2021년 2월 2일 23시,화요일,부산광역시 남구 문현동,중상사고,0,1,0,0,차대차 - 정면충돌,중앙선침범,건조,맑음,교차로 - 교차로안,승용,남,39세,상해없음,이륜,남,17세,중상
2021020300100021,2021년 2월 3일 06시,수요일,부산광역시 동래구 안락동,중상사고,0,1,0,0,차대차 - 기타,안전운전불이행,건조,맑음,단일로 - 기타,승용,남,40세,상해없음,기타불명,남,77세,중상
2021020300100022,2021년 2월 3일 06시,수요일,부산광역시 영도구 청학동,경상사고,0,0,1,0,차대차 - 추돌,신호위반,건조,맑음,단일로 - 기타,승용,여,25세,상해없음,승용,남,46세,경상
2021020300100023,2021년 2월 3일 06시,수요일,부산광역시 부산진구 전포동,중상사고,0,1,0,0,차대차 - 기타,직진우회전진행방해,건조,맑음,교차로 - 교차로안,승합,남,30세,상해없음,이륜,남,36세,중상
2021020300100081,2021년 2월 3일 09시,수요일,부산광역시 부산진구 개금동,중상사고,0,1,0,0,차대사람 - 횡단중,보행자보호의무위반,건조,맑음,교차로 - 교차로횡단보도내,화물,남,56세,상해없음,보행자,여,59세,중상
2021020300100082,2021년 2월 3일 09시,수요일,부산광역시 사하구 구평동,사망사고,1,1,1,0,차대차 - 기타,안전운전불이행,건조,맑음,단일로 - 지하차도(도로)내,화물,남,58세,중상,화물,남,61세,상해없음
2021020300100113,2021년 2월 3일 10시,수요일,부산광역시 영도구 동삼동,중상사고,0,1,0,0,차대사람 - 횡단중,안전운전불이행,건조,맑음,단일로 - 기타,승용,여,45세,상해없음,보행자,여,83세,중상
2021020300100114,2021년 2월 3일 10시,수요일,부산광역시 강서구 녹산동,경상사고,0,0,3,0,차대차 - 추돌,안전운전불이행,건조,맑음,교차로 - 교차로부근,화물,남,45세,상해없음,승용,남,46세,경상
2021020300100136,2021년 2월 3일 11시,수요일,부산광역시 남구 대연동,경상사고,0,0,2,0,차대차 - 측면충돌,안전운전불이행,건조,맑음,단일로 - 기타,승용,남,42세,경상,건설기계,남,45세,경상
2021020300100137,2021년 2월 3일 11시,수요일,부산광역시 부산진구 전포동,경상사고,0,0,3,0,차대차 - 측면충돌,신호위반,건조,맑음,교차로 - 교차로부근,건설기계,남,66세,상해없음,승용,남,66세,경상
2021020300100138,2021년 2월 3일 11시,수요일,부산광역시 금정구 부곡동,경상사고,0,0,1,0,차대차 - 기타,안전거리미확보,건조,맑음,단일로 - 기타,승용,남,64세,상해없음,이륜,남,36세,경상
2021020300100195,2021년 2월 3일 13시,수요일,부산광역시 부산진구 전포동,부상신고사고,0,0,0,1,차대사람 - 기타,안전운전불이행,건조,맑음,단일로 - 기타,승용,남,86세,상해없음,보행자,남,67세,부상신고
2021020300100196,2021년 2월 3일 13시,수요일,부산광역시 사하구 하단동,중상사고,0,1,1,0,차대차 - 기타,신호위반,건조,맑음,교차로 - 교차로안,화물,남,58세,상해없음,승용,남,54세,경상
2021020300100222,2021년 2월 3일 14시,수요일,부산광역시 부산진구 전포동,중상사고,0,1,0,0,차대사람 - 차도통행중,안전운전불이행,건조,맑음,기타 - 기타,건설기계,남,49세,상해없음,보행자,남,83세,중상
2021020300100223,2021년 2월 3일 14시,수요일,부산광역시 부산진구 양정동,경상사고,0,0,1,0,차대차 - 측면충돌,안전운전불이행,건조,맑음,단일로 - 기타,승용,남,25세,상해없음,자전거,남,11세,경상
2021020300100256,2021년 2월 3일 15시,수요일,부산광역시 북구 구포동,중상사고,0,1,1,0,차대차 - 기타,중앙선침범,건조,맑음,단일로 - 기타,승용,여,54세,상해없음,승용,남,23세,경상
2021020300100257,2021년 2월 3일 15시,수요일,부산광역시 부산진구 양정동,부상신고사고,0,0,0,1,차량단독 - 기타,안전운전불이행,건조,맑음,교차로 - 교차로부근,이륜,남,42세,부상신고,,,,
2021020300100300,2021년 2월 3일 16시,수요일,부산광역시 동래구 낙민동,경상사고,0,0,1,0,차대차 - 추돌,안전운전불이행,건조,맑음,단일로 - 기타,승용,남,62세,상해없음,승용,남,24세,경상
2021020300100334,2021년 2월 3일 17시,수요일,부산광역시 부산진구 부전동,경상사고,0,0,1,0,차대사람 - 횡단중,보행자보호의무위반,건조,맑음,교차로 - 교차로횡단보도내,승용,남,22세,상해없음,보행자,여,36세,경상
2021020300100335,2021년 2월 3일 17시,수요일,부산광역시 금정구 부곡동,중상사고,0,1,1,0,차대차 - 추돌,안전운전불이행,건조,맑음,단일로 - 기타,승용,남,46세,상해없음,승용,여,58세,경상
2021020300100387,2021년 2월 3일 18시,수요일,부산광역시 부산진구 양정동,경상사고,0,0,1,0,차대차 - 측면충돌,차로위반,건조,맑음,교차로 - 교차로부근,승용,여,48세,상해없음,승용,여,57세,경상
2021020300100388,2021년 2월 3일 18시,수요일,부산광역시 금정구 부곡동,경상사고,0,0,2,0,차대차 - 측면충돌,기타,건조,맑음,교차로 - 교차로안,승용,남,28세,상해없음,승용,남,43세,경상
2021020300100441,2021년 2월 3일 19시,수요일,부산광역시 해운대구 우동,경상사고,0,0,1,0,차대차 - 정면충돌,교차로운행방법위반,건조,흐림,교차로 - 교차로안,승용,남,35세,기타불명,승용,여,29세,경상
2021020300100477,2021년 2월 3일 20시,수요일,부산광역시 동구 좌천동,경상사고,0,0,1,0,차대차 - 기타,안전거리미확보,건조,맑음,교차로 - 교차로부근,승용,남,73세,상해없음,승용,남,36세,경상
2021020300100505,2021년 2월 3일 21시,수요일,부산광역시 강서구 송정동,중상사고,0,6,0,0,차대차 - 추돌,안전운전불이행,건조,맑음,교차로 - 교차로부근,승용,남,26세,상해없음,승용,여,34세,중상
2021020300100547,2021년 2월 3일 22시,수요일,부산광역시 사상구 괘법동,경상사고,0,0,1,0,차대차 - 측면충돌,안전거리미확보,건조,맑음,교차로 - 교차로부근,승용,남,40세,상해없음,승용,남,40세,경상
2021020400100024,2021년 2월 4일 06시,목요일,부산광역시 해운대구 좌동,중상사고,0,1,0,0,차대사람 - 횡단중,보행자보호의무위반,건조,맑음,단일로 - 기타,승용,여,54세,상해없음,보행자,여,18세,중상
2021020400100070,2021년 2월 4일 08시,목요일,부산광역시 해운대구 좌동,경상사고,0,0,1,0,차량단독 - 공작물충돌,교차로운행방법위반,건조,맑음,교차로 - 교차로안,승용,여,31세,경상,,,,
2021020400100117,2021년 2월 4일 09시,목요일,부산광역시 동래구 명장동,경상사고,0,0,1,0,차대차 - 측면충돌,안전운전불이행,건조,맑음,단일로 - 기타,승용,여,33세,경상,승용,여,39세,기타불명
2021020400100118,2021년 2월 4일 09시,목요일,부산광역시 해운대구 우동,중상사고,0,1,0,0,차대차 - 측면충돌,안전운전불이행,건조,맑음,단일로 - 기타,승용,여,47세,상해없음,승용,여,36세,중상
2021020400100156,2021년 2월 4일 10시,목요일,부산광역시 남구 문현동,중상사고,0,1,0,0,차대차 - 측면충돌,안전운전불이행,건조,맑음,교차로 - 교차로안,승용,여,32세,상해없음,이륜,남,23세,중상
2021020400100183,2021년 2월 4일 11시,목요일,부산광역시 서구 아미동2가,경상사고,0,0,1,0,차량단독 - 전도전복 - 전도,안전운전불이행,건조,맑음,교차로 - 교차로안,원동기,남,17세,경상,,,,
2021020400100184,2021년 2월 4일 11시,목요일,부산광역시 수영구 민락동,경상사고,0,0,1,0,차대차 - 측면충돌,중앙선침범,건조,맑음,단일로 - 기타,승용,남,61세,상해없음,화물,남,45세,경상
2021020400100185,2021년 2월 4일 11시,목요일,부산광역시 부산진구 양정동,중상사고,0,1,0,0,차대차 - 추돌,신호위반,건조,맑음,교차로 - 교차로안,승용,여,58세,상해없음,이륜,남,48세,중상
2021020400100186,2021년 2월 4일 11시,목요일,부산광역시 금정구 장전동,경상사고,0,0,1,0,차대차 - 기타,안전운전불이행,건조,맑음,교차로 - 교차로안,자전거,남,79세,경상,이륜,남,24세,상해없음
2021020400100224,2021년 2월 4일 12시,목요일,부산광역시 영도구 봉래동3가,중상사고,0,1,0,0,차대차 - 측면충돌,안전운전불이행,건조,맑음,교차로 - 교차로부근,특수,남,51세,상해없음,특수,남,38세,상해없음
2021020400100225,2021년 2월 4일 12시,목요일,부산광역시 강서구 명지동,경상사고,0,0,1,0,차대차 - 측면충돌,신호위반,건조,맑음,교차로 - 교차로부근,승용,남,56세,상해없음,화물,남,64세,경상
2021020400100261,2021년 2월 4일 13시,목요일,부산광역시 중구 중앙동4가,경상사고,0,0,1,0,차대사람 - 횡단중,안전운전불이행,건조,맑음,단일로 - 기타,승용,남,54세,상해없음,보행자,남,48세,경상
2021020400100262,2021년 2월 4일 13시,목요일,부산광역시 북구 만덕동,경상사고,0,0,1,0,차대차 - 기타,안전거리미확보,건조,맑음,단일로 - 기타,화물,남,60세,상해없음,승합,남,50세,경상
2021020400100263,2021년 2월 4일 13시,목요일,부산광역시 해운대구 반여동,경상사고,0,0,1,0,차대사람 - 기타,안전운전불이행,건조,맑음,단일로 - 기타,화물,남,59세,상해없음,보행자,남,54세,경상
2021020400100264,2021년 2월 4일 13시,목요일,부산광역시 부산진구 개금동,경상사고,0,0,2,0,차대차 - 기타,안전거리미확보,건조,맑음,교차로 - 교차로부근,승용,남,75세,상해없음,승용,남,42세,경상
2021020400100300,2021년 2월 4일 14시,목요일,부산광역시 해운대구 재송동,경상사고,0,0,4,2,차대차 - 추돌,기타,건조,맑음,단일로 - 기타,화물,남,45세,상해없음,승용,남,41세,부상신고
2021020400100333,2021년 2월 4일 15시,목요일,부산광역시 동구 수정동,경상사고,0,0,1,0,차대차 - 기타,안전거리미확보,건조,맑음,교차로 - 교차로부근,승용,남,73세,상해없음,승용,여,29세,경상
2021020400100375,2021년 2월 4일 16시,목요일,부산광역시 동구 수정동,경상사고,0,0,1,0,차대차 - 측면충돌,안전거리미확보,건조,맑음,단일로 - 기타,승합,남,68세,상해없음,승용,남,63세,상해없음
2021020400100376,2021년 2월 4일 16시,목요일,부산광역시 남구 대연동,경상사고,0,0,1,0,차대차 - 측면충돌,안전운전불이행,건조,맑음,교차로 - 교차로안,승용,남,25세,기타불명,승용,여,36세,경상
2021020400100377,2021년 2월 4일 16시,목요일,부산광역시 영도구 동삼동,중상사고,0,1,0,0,차대차 - 측면충돌,교차로운행방법위반,건조,맑음,교차로 - 교차로안,승용,남,57세,상해없음,이륜,남,58세,중상
2021020400100378,2021년 2월 4일 16시,목요일,부산광역시 해운대구 중동,중상사고,0,1,0,0,차대차 - 정면충돌,교차로운행방법위반,건조,맑음,교차로 - 교차로안,승용,여,49세,상해없음,이륜,남,62세,중상
2021020400100418,2021년 2월 4일 17시,목요일,부산광역시 서구 동대신동3가,중상사고,0,1,0,0,차대차 - 측면충돌,안전운전불이행,건조,맑음,단일로 - 기타,승용,남,51세,상해없음,승용,남,61세,중상
2021020400100450,2021년 2월 4일 18시,목요일,부산광역시 강서구 녹산동,경상사고,0,0,1,0,차대사람 - 기타,안전운전불이행,건조,맑음,교차로 - 교차로부근,승용,여,50세,상해없음,보행자,여,79세,경상
2021020400100492,2021년 2월 4일 19시,목요일,부산광역시 수영구 광안동,중상사고,0,1,0,0,차대차 - 기타,안전운전불이행,건조,맑음,단일로 - 기타,이륜,남,21세,중상,승합,남,49세,상해없음
2021020400100493,2021년 2월 4일 19시,목요일,부산광역시 동래구 사직동,중상사고,0,1,0,0,차대사람 - 기타,교차로운행방법위반,건조,맑음,교차로 - 교차로안,승용,여,39세,상해없음,보행자,여,80세,중상
2021020400100527,2021년 2월 4일 20시,목요일,부산광역시 사하구 감천동,중상사고,0,1,0,0,차대차 - 기타,신호위반,건조,맑음,교차로 - 교차로횡단보도내,이륜,남,21세,기타불명,이륜,남,59세,중상
2021020400100528,2021년 2월 4일 20시,목요일,부산광역시 연제구 거제동,경상사고,0,0,2,0,차대차 - 기타,안전거리미확보,건조,맑음,단일로 - 기타,승용,남,29세,기타불명,승용,남,28세,경상
2021020400100562,2021년 2월 4일 21시,목요일,부산광역시 동래구 명륜동,경상사고,0,0,2,0,차대차 - 측면충돌,안전운전불이행,건조,맑음,단일로 - 기타,화물,남,54세,상해없음,승용,남,40세,경상
2021020400100563,2021년 2월 4일 21시,목요일,부산광역시 동래구 온천동,경상사고,0,0,2,0,차대차 - 추돌,안전운전불이행,건조,맑음,단일로 - 기타,승용,남,30세,상해없음,승용,남,24세,경상
2021020400100564,2021년 2월 4일 21시,목요일,부산광역시 부산진구 양정동,경상사고,0,0,2,0,차대차 - 기타,중앙선침범,건조,맑음,단일로 - 기타,승용,남,32세,기타불명,원동기,남,37세,경상
2021020400100604,2021년 2월 4일 22시,목요일,부산광역시 동래구 온천동,경상사고,0,0,1,0,차대차 - 추돌,안전운전불이행,건조,맑음,단일로 - 기타,이륜,기타불명,미분류,기타불명,승용,남,28세,경상
2021020400100622,2021년 2월 4일 23시,목요일,부산광역시 해운대구 중동,경상사고,0,0,1,0,차대차 - 측면충돌,신호위반,건조,맑음,교차로 - 교차로안,승용,여,43세,상해없음,승용,남,60세,경상
2021020500100023,2021년 2월 5일 06시,금요일,부산광역시 강서구 죽동동,중상사고,0,1,0,0,차대차 - 정면충돌,안전운전불이행,건조,맑음,교차로 - 교차로안,승용,남,42세,상해없음,자전거,남,63세,중상
2021020500100036,2021년 2월 5일 07시,금요일,부산광역시 강서구 강동동,경상사고,0,0,1,0,차대차 - 측면충돌,안전운전불이행,건조,맑음,단일로 - 기타,승용,여,56세,상해없음,승용,여,33세,경상
2021020500100057,2021년 2월 5일 08시,금요일,부산광역시 동구 좌천동,경상사고,0,0,4,0,차대차 - 추돌,안전거리미확보,건조,맑음,교차로 - 교차로안,승용,남,48세,상해없음,승용,여,39세,경상
2021020500100058,2021년 2월 5일 08시,금요일,부산광역시 사하구 구평동,경상사고,0,0,1,0,차대차 - 추돌,안전거리미확보,건조,맑음,단일로 - 기타,승용,여,35세,상해없음,승용,남,56세,상해없음
2021020500100084,2021년 2월 5일 09시,금요일,부산광역시 동구 초량동,경상사고,0,0,3,0,차대차 - 측면충돌,교차로운행방법위반,건조,맑음,교차로 - 교차로안,승용,여,24세,경상,특수,남,54세,경상
2021020500100085,2021년 2월 5일 09시,금요일,부산광역시 부산진구 부전동,중상사고,0,1,0,0,차대차 - 측면충돌,신호위반,건조,맑음,교차로 - 교차로안,승용,여,63세,상해없음,원동기,남,50세,중상
2021020500100105,2021년 2월 5일 10시,금요일,부산광역시 부산진구 개금동,경상사고,0,0,1,0,차대차 - 측면충돌,안전운전불이행,건조,맑음,단일로 - 교량,승용,여,55세,상해없음,특수,남,48세,경상
2021020500100106,2021년 2월 5일 10시,금요일,부산광역시 사하구 신평동,경상사고,0,0,1,0,차대차 - 측면충돌,안전운전불이행,건조,맑음,교차로 - 교차로부근,승용,여,64세,상해없음,화물,남,30세,경상
2021020500100107,2021년 2월 5일 10시,금요일,부산광역시 연제구 연산동,경상사고,0,0,1,0,차대차 - 측면충돌,직진우회전진행방해,건조,맑음,교차로 - 교차로안,화물,남,58세,상해없음,화물,남,44세,경상
2021020500100131,2021년 2월 5일 11시,금요일,부산광역시 북구 화명동,경상사고,0,0,1,0,차대차 - 측면충돌,차로위반,건조,맑음,단일로 - 기타,승용,여,44세,상해없음,승용,여,49세,경상
2021020500100132,2021년 2월 5일 11시,금요일,부산광역시 사하구 다대동,경상사고,0,0,1,0,차대사람 - 기타,안전운전불이행,건조,맑음,단일로 - 기타,승용,여,65세,상해없음,보행자,남,40세,경상
2021020500100168,2021년 2월 5일 12시,금요일,부산광역시 남구 우암동,경상사고,0,0,1,0,차대차 - 측면충돌,안전운전불이행,건조,맑음,단일로 - 기타,화물,남,61세,상해없음,승용,남,45세,경상
2021020500100169,2021년 2월 5일 12시,금요일,부산광역시 강서구 대저2동,경상사고,0,0,1,0,차대차 - 기타,안전거리미확보,건조,맑음,교차로 - 교차로부근,승용,남,55세,상해없음,이륜,남,54세,경상
2021020500100170,2021년 2월 5일 12시,금요일,부산광역시 강서구 신호동,경상사고,0,0,1,0,차대차 - 기타,신호위반,건조,맑음,교차로 - 교차로안,이륜,남,18세,경상,승합,남,57세,상해없음
2021020500100205,2021년 2월 5일 13시,금요일,부산광역시 금정구 장전동,경상사고,0,0,1,0,차대차 - 측면충돌,신호위반,건조,맑음,교차로 - 교차로안,승용,남,46세,상해없음,승용,남,49세,경상
2021020500100206,2021년 2월 5일 13시,금요일,부산광역시 연제구 연산동,경상사고,0,0,1,0,차대사람 - 횡단중,안전운전불이행,건조,맑음,교차로 - 교차로부근,화물,남,54세,상해없음,보행자,남,28세,경상
2021020500100258,2021년 2월 5일 14시,금요일,부산광역시 금정구 부곡동,경상사고,0,0,1,1,차대차 - 기타,안전운전불이행,건조,맑음,단일로 - 기타,승용,남,56세,상해없음,승용,여,22세,부상신고
2021020500100294,2021년 2월 5일 15시,금요일,부산광역시 부산진구 범전동,경상사고,0,0,1,0,차대차 - 측면충돌,안전거리미확보,건조,맑음,기타 - 기타,승용,여,38세,상해없음,이륜,남,40세,경상
2021020500100295,2021년 2월 5일 15시,금요일,부산광역시 강서구 명지동,경상사고,0,0,1,0,차대차 - 기타,안전운전불이행,건조,맑음,단일로 - 기타,승용,여,49세,상해없음,자전거,남,69세,경상
2021020500100331,2021년 2월 5일 16시,금요일,부산광역시 북구 만덕동,경상사고,0,0,1,0,차대차 - 기타,안전운전불이행,건조,맑음,단일로 - 기타,승용,남,57세,상해없음,승용,남,28세,경상
2021020500100332,2021년 2월 5일 16시,금요일,부산광역시 부산진구 범천동,경상사고,0,0,2,0,차대차 - 추돌,안전운전불이행,건조,맑음,단일로 - 기타,승용,남,75세,상해없음,승용,남,20세,경상
2021020500100372,2021년 2월 5일 17시,금요일,부산광역시 사하구 장림동,경상사고,0,0,1,0,차대사람 - 기타,안전운전불이행,건조,맑음,단일로 - 지하차도(도로)내,화물,남,59세,상해없음,보행자,남,17세,경상
2021020500100424,2021년 2월 5일 18시,금요일,부산광역시 동래구 온천동,중상사고,0,1,0,1,차대차 - 측면충돌,안전운전불이행,건조,맑음,교차로 - 교차로안,이륜,남,35세,중상,승용,남,34세,부상신고
2021020500100425,2021년 2월 5일 18시,금요일,부산광역시 동래구 온천동,경상사고,0,0,1,0,차대사람 - 횡단중,보행자보호의무위반,건조,맑음,교차로 - 교차로횡단보도내,기타불명,기타불명,미분류,기타불명,보행자,여,60세,경상
2021020500100426,2021년 2월 5일 18시,금요일,부산광역시 강서구 명지동,경상사고,0,0,1,0,차대차 - 측면충돌,안전거리미확보,건조,맑음,단일로 - 기타,승용,남,42세,상해없음,이륜,남,40세,경상
2021020500100427,2021년 2월 5일 18시,금요일,부산광역시 사상구 덕포동,경상사고,0,0,1,0,차대사람 - 횡단중,안전운전불이행,건조,맑음,단일로 - 기타,이륜,남,33세,상해없음,보행자,여,59세,경상
2021020500100487,2021년 2월 5일 19시,금요일,부산광역시 사하구 다대동,경상사고,0,0,3,0,차대차 - 측면충돌,안전운전불이행,건조,맑음,단일로 - 기타,승용,여,19세,경상,승용,남,62세,상해없음
2021020500100488,2021년 2월 5일 19시,금요일,부산광역시 강서구 대저2동,경상사고,0,0,2,0,차대차 - 추돌,안전운전불이행,건조,맑음,단일로 - 기타,화물,남,54세,상해없음,승용,남,40세,경상
2021020500100489,2021년 2월 5일 19시,금요일,부산광역시 기장군 일광면,경상사고,0,0,1,0,차대차 - 기타,교차로운행방법위반,건조,맑음,교차로 - 교차로안,이륜,남,41세,경상,승용,남,41세,상해없음
2021020500100542,2021년 2월 5일 20시,금요일,부산광역시 연제구 연산동,중상사고,0,1,0,0,차대사람 - 기타,안전운전불이행,건조,맑음,단일로 - 기타,승용,여,39세,상해없음,보행자,여,65세,중상
2021020500100591,2021년 2월 5일 21시,금요일,부산광역시 동구 초량동,경상사고,0,0,1,0,차대차 - 추돌,안전거리미확보,건조,맑음,교차로 - 교차로안,이륜,남,17세,상해없음,승용,남,41세,상해없음