사고번호,사고일시,요일,시군구,사고내용,사망자수,중상자수,경상자수,부상신고자수,사고유형,법규위반,노면상태,기상상태,도로형태,가해운전자 차종,가해운전자 성별,가해운전자 연령,가해운전자 상해정도,피해운전자 차종,피해운전자 성별,피해운전자 연령,피해운전자 상해정도
2021020500100628,2021년 2월 5일 22시,금요일,부산광역시 금정구 장전동,경상사고,0,0,1,0,차대차 - 기타,안전운전불이행,건조,맑음,기타 - 기타,승용,남,50세,상해없음,승용,남,26세,경상
2021020500100650,2021년 2월 5일 23시,금요일,부산광역시 해운대구 송정동,경상사고,0,0,1,0,차대차 - 측면충돌,차로위반,건조,맑음,단일로 - 기타,화물,남,54세,상해없음,승용,남,62세,경상
2021020500100651,2021년 2월 5일 23시,금요일,부산광역시 해운대구 우동,경상사고,0,0,1,0,차대차 - 추돌,안전운전불이행,건조,맑음,단일로 - 기타,승용,남,21세,상해없음,승용,남,61세,경상
2021020600100019,2021년 2월 6일 03시,토요일,부산광역시 북구 덕천동,중상사고,0,1,1,0,차대차 - 측면충돌,신호위반,건조,맑음,교차로 - 교차로안,승용,남,51세,중상,승용,남,50세,경상
2021020600100041,2021년 2월 6일 07시,토요일,부산광역시 동구 초량동,경상사고,0,0,1,0,차대차 - 측면충돌,안전거리미확보,건조,맑음,단일로 - 기타,건설기계,남,62세,상해없음,승용,남,28세,경상
2021020600100061,2021년 2월 6일 09시,토요일,부산광역시 사상구 주례동,경상사고,0,0,1,0,차대차 - 측면충돌,차로위반,건조,맑음,단일로 - 기타,승용,남,70세,상해없음,승용,남,49세,경상
2021020600100074,2021년 2월 6일 10시,토요일,부산광역시 서구 남부민동,경상사고,0,0,1,0,차대사람 - 길가장자리구역통행중,안전운전불이행,건조,맑음,단일로 - 기타,자전거,남,61세,상해없음,보행자,남,55세,경상
2021020600100075,2021년 2월 6일 10시,토요일,부산광역시 수영구 남천동,경상사고,0,0,2,0,차대차 - 측면충돌,교차로운행방법위반,건조,맑음,교차로 - 교차로안,승용,여,30세,경상,승용,남,49세,경상
2021020600100076,2021년 2월 6일 10시,토요일,부산광역시 해운대구 우동,경상사고,0,0,1,0,차대차 - 추돌,안전운전불이행,건조,맑음,교차로 - 교차로부근,승용,남,53세,기타불명,승용,여,57세,경상
2021020600100095,2021년 2월 6일 11시,토요일,부산광역시 금정구 부곡동,중상사고,0,1,0,0,차대사람 - 길가장자리구역통행중,안전운전불이행,건조,맑음,단일로 - 기타,이륜,남,35세,상해없음,보행자,남,72세,중상
2021020600100096,2021년 2월 6일 11시,토요일,부산광역시 금정구 회동동,경상사고,0,0,3,0,차대차 - 측면충돌,교차로운행방법위반,건조,맑음,교차로 - 교차로안,승용,여,70세,경상,승용,남,45세,경상
2021020600100135,2021년 2월 6일 12시,토요일,부산광역시 사상구 주례동,중상사고,0,1,0,0,차대사람 - 기타,기타,건조,맑음,단일로 - 기타,화물,남,26세,상해없음,보행자,여,73세,중상
2021020600100172,2021년 2월 6일 13시,토요일,부산광역시 영도구 영선동2가,경상사고,0,0,2,0,차대차 - 측면충돌,안전거리미확보,건조,맑음,단일로 - 기타,승용,남,57세,기타불명,승용,남,58세,경상
2021020600100215,2021년 2월 6일 14시,토요일,부산광역시 서구 아미동2가,경상사고,0,0,2,0,차대차 - 추돌,안전거리미확보,건조,맑음,교차로 - 교차로안,승용,남,57세,상해없음,승용,남,53세,경상
2021020600100241,2021년 2월 6일 15시,토요일,부산광역시 남구 대연동,경상사고,0,0,1,0,차대차 - 측면충돌,안전운전불이행,건조,맑음,교차로 - 교차로안,승용,남,48세,상해없음,승용,남,31세,경상
2021020600100242,2021년 2월 6일 15시,토요일,부산광역시 연제구 연산동,경상사고,0,0,1,0,차대차 - 측면충돌,안전운전불이행,건조,맑음,단일로 - 기타,승용,남,62세,상해없음,승용,남,28세,경상
2021020600100339,2021년 2월 6일 18시,토요일,부산광역시 남구 문현동,중상사고,0,1,1,0,차대차 - 기타,교차로운행방법위반,건조,맑음,교차로 - 교차로안,승용,여,60세,상해없음,승용,남,22세,경상
2021020600100340,2021년 2월 6일 18시,토요일,부산광역시 금정구 부곡동,경상사고,0,0,1,0,차대차 - 기타,신호위반,건조,맑음,교차로 - 교차로안,승용,남,47세,상해없음,이륜,남,27세,경상
2021020600100341,2021년 2월 6일 18시,토요일,부산광역시 사하구 장림동,경상사고,0,0,1,0,차대차 - 측면충돌,신호위반,건조,맑음,교차로 - 교차로안,승용,남,58세,상해없음,원동기,남,60세,경상
2021020600100387,2021년 2월 6일 19시,토요일,부산광역시 해운대구 우동,부상신고사고,0,0,0,1,차대차 - 추돌,안전거리미확보,건조,맑음,단일로 - 교량,승용,남,28세,상해없음,승용,남,25세,부상신고
2021020600100388,2021년 2월 6일 19시,토요일,부산광역시 기장군 기장읍,경상사고,0,0,1,0,차대차 - 기타,교차로운행방법위반,건조,맑음,교차로 - 교차로안,승합,남,69세,기타불명,승용,남,33세,경상
2021020600100414,2021년 2월 6일 20시,토요일,부산광역시 서구 서대신동2가,중상사고,0,1,0,0,차대차 - 측면충돌,기타,건조,맑음,교차로 - 교차로안,승용,여,66세,상해없음,이륜,남,39세,중상
2021020600100486,2021년 2월 6일 22시,토요일,부산광역시 금정구 남산동,경상사고,0,0,1,0,차대사람 - 기타,보행자보호의무위반,건조,맑음,교차로 - 교차로횡단보도내,승용,여,43세,상해없음,보행자,남,58세,경상
2021020600100510,2021년 2월 6일 23시,토요일,부산광역시 해운대구 좌동,경상사고,0,0,2,1,차대차 - 측면충돌,안전운전불이행,건조,맑음,교차로 - 교차로안,이륜,남,25세,부상신고,기타불명,기타불명,미분류,기타불명
2021020700100005,2021년 2월 7일 00시,일요일,부산광역시 수영구 수영동,부상신고사고,0,0,0,1,차대차 - 추돌,안전운전불이행,건조,맑음,단일로 - 기타,승용,남,34세,기타불명,승용,남,66세,상해없음
2021020700100016,2021년 2월 7일 01시,일요일,부산광역시 사하구 당리동,경상사고,0,0,4,0,차대차 - 기타,기타,건조,맑음,단일로 - 지하차도(도로)내,승용,남,22세,경상,승합,남,63세,상해없음
2021020700100022,2021년 2월 7일 02시,일요일,부산광역시 해운대구 반여동,경상사고,0,0,2,0,차대차 - 추돌,중앙선침범,건조,흐림,단일로 - 기타,승용,남,24세,상해없음,승용,남,65세,경상
2021020700100051,2021년 2월 7일 08시,일요일,부산광역시 사상구 모라동,부상신고사고,0,0,0,1,차대차 - 기타,신호위반,건조,맑음,교차로 - 교차로안,이륜,남,75세,부상신고,승용,남,62세,상해없음
2021020700100060,2021년 2월 7일 09시,일요일,부산광역시 동구 수정동,경상사고,0,0,1,0,차대차 - 측면충돌,안전거리미확보,건조,맑음,단일로 - 기타,승합,남,50세,상해없음,이륜,남,52세,경상
2021020700100085,2021년 2월 7일 11시,일요일,부산광역시 수영구 민락동,경상사고,0,0,1,0,차대차 - 측면충돌,안전운전불이행,건조,맑음,교차로 - 교차로안,화물,남,68세,상해없음,승용,남,53세,경상
2021020700100086,2021년 2월 7일 11시,일요일,부산광역시 수영구 남천동,경상사고,0,0,1,0,차대차 - 측면충돌,안전운전불이행,건조,맑음,단일로 - 기타,화물,남,42세,상해없음,승용,남,20세,경상
2021020700100100,2021년 2월 7일 12시,일요일,부산광역시 사하구 하단동,중상사고,0,1,0,0,차대차 - 측면충돌,안전운전불이행,건조,맑음,기타 - 기타,승용,여,24세,상해없음,자전거,남,59세,중상
2021020700100101,2021년 2월 7일 12시,일요일,부산광역시 강서구 대저1동,중상사고,0,1,0,0,차대차 - 측면충돌,안전운전불이행,건조,맑음,교차로 - 교차로부근,이륜,남,62세,상해없음,이륜,남,47세,중상
2021020700100122,2021년 2월 7일 13시,일요일,부산광역시 수영구 망미동,경상사고,0,0,2,0,차대차 - 추돌,안전운전불이행,건조,맑음,단일로 - 기타,승용,남,35세,상해없음,승용,남,27세,경상
2021020700100123,2021년 2월 7일 13시,일요일,부산광역시 사상구 모라동,중상사고,0,1,0,0,차대차 - 기타,직진우회전진행방해,건조,맑음,교차로 - 교차로안,화물,남,32세,상해없음,이륜,남,71세,중상
2021020700100149,2021년 2월 7일 14시,일요일,부산광역시 동구 수정동,중상사고,0,1,0,0,차대사람 - 횡단중,안전운전불이행,건조,맑음,단일로 - 기타,승용,남,39세,상해없음,보행자,여,68세,중상
2021020700100150,2021년 2월 7일 14시,일요일,부산광역시 기장군 기장읍,경상사고,0,0,1,0,차대차 - 기타,안전운전불이행,건조,맑음,교차로 - 교차로안,승용,여,58세,상해없음,자전거,남,51세,경상
2021020700100185,2021년 2월 7일 15시,일요일,부산광역시 남구 문현동,경상사고,0,0,1,0,차대차 - 기타,안전운전불이행,건조,맑음,교차로 - 교차로안,승용,남,50세,상해없음,이륜,남,68세,경상
2021020700100187,2021년 2월 7일 15시,일요일,부산광역시 사하구 장림동,중상사고,0,1,0,0,차대차 - 기타,안전운전불이행,건조,맑음,교차로 - 교차로안,이륜,남,39세,중상,화물,남,30세,상해없음
2021020700100215,2021년 2월 7일 16시,일요일,부산광역시 북구 만덕동,경상사고,0,0,1,0,차대차 - 기타,차로위반,건조,맑음,단일로 - 기타,승용,남,46세,상해없음,승용,남,26세,경상
2021020700100249,2021년 2월 7일 17시,일요일,부산광역시 부산진구 부전동,경상사고,0,0,1,0,차대사람 - 기타,안전운전불이행,건조,맑음,기타 - 기타,승용,남,51세,상해없음,보행자,남,57세,경상
2021020700100338,2021년 2월 7일 20시,일요일,부산광역시 부산진구 초읍동,부상신고사고,0,0,0,1,차량단독 - 전도전복 - 전도,안전운전불이행,건조,맑음,단일로 - 기타,자전거,남,52세,부상신고,,,,
2021020700100339,2021년 2월 7일 20시,일요일,부산광역시 부산진구 부전동,경상사고,0,0,1,0,차대차 - 기타,안전운전불이행,기타,맑음,기타 - 기타,승용,남,28세,상해없음,이륜,남,31세,경상
2021020700100367,2021년 2월 7일 21시,일요일,부산광역시 서구 동대신동3가,경상사고,0,0,2,0,차대차 - 측면충돌,직진우회전진행방해,건조,맑음,교차로 - 교차로부근,승용,여,55세,상해없음,승용,남,46세,경상
2021020700100368,2021년 2월 7일 21시,일요일,부산광역시 동래구 온천동,경상사고,0,0,1,0,차대차 - 측면충돌,신호위반,건조,맑음,단일로 - 터널,승용,남,28세,상해없음,승합,남,49세,경상
2021020700100369,2021년 2월 7일 21시,일요일,부산광역시 강서구 구랑동,경상사고,0,0,1,0,차대차 - 측면충돌,신호위반,건조,맑음,교차로 - 교차로안,승용,여,58세,상해없음,승용,남,39세,경상
2021020800100064,2021년 2월 8일 08시,월요일,부산광역시 영도구 남항동2가,경상사고,0,0,1,0,차대차 - 측면충돌,안전거리미확보,건조,맑음,단일로 - 기타,승용,남,53세,상해없음,승용,남,65세,경상
2021020800100065,2021년 2월 8일 08시,월요일,부산광역시 사상구 괘법동,경상사고,0,0,1,0,차대차 - 추돌,차로위반,건조,맑음,단일로 - 기타,승용,남,45세,상해없음,승용,여,53세,경상
2021020800100111,2021년 2월 8일 09시,월요일,부산광역시 북구 만덕동,경상사고,0,0,1,0,차대차 - 기타,안전거리미확보,건조,맑음,단일로 - 기타,승용,여,52세,상해없음,승용,남,28세,경상
2021020800100112,2021년 2월 8일 09시,월요일,부산광역시 동래구 온천동,경상사고,0,0,1,0,차대차 - 측면충돌,차로위반,건조,맑음,단일로 - 기타,승용,여,48세,상해없음,승용,여,36세,경상
2021020800100113,2021년 2월 8일 09시,월요일,부산광역시 부산진구 부전동,중상사고,0,1,0,0,차대사람 - 횡단중,보행자보호의무위반,건조,맑음,단일로 - 기타,승용,남,49세,상해없음,보행자,남,79세,중상
2021020800100114,2021년 2월 8일 09시,월요일,부산광역시 사상구 엄궁동,중상사고,0,1,0,0,차대사람 - 횡단중,보행자보호의무위반,건조,맑음,교차로 - 교차로횡단보도내,승용,여,35세,상해없음,보행자,여,58세,중상
2021020800100115,2021년 2월 8일 09시,월요일,부산광역시 사상구 감전동,경상사고,0,0,1,0,차대차 - 추돌,안전운전불이행,건조,맑음,단일로 - 기타,승합,남,64세,상해없음,승용,여,41세,경상
2021020800100146,2021년 2월 8일 10시,월요일,부산광역시 영도구 영선동1가,중상사고,0,1,0,0,차대사람 - 길가장자리구역통행중,안전운전불이행,건조,맑음,단일로 - 기타,승용,여,47세,상해없음,보행자,남,71세,중상
2021020800100147,2021년 2월 8일 10시,월요일,부산광역시 해운대구 재송동,경상사고,0,0,1,0,차대차 - 측면충돌,교차로운행방법위반,건조,맑음,교차로 - 교차로횡단보도내,화물,남,63세,상해없음,승용,여,33세,경상
2021020800100172,2021년 2월 8일 11시,월요일,부산광역시 부산진구 개금동,중상사고,0,1,0,0,차대사람 - 횡단중,안전운전불이행,건조,맑음,단일로 - 기타,승용,여,60세,상해없음,보행자,여,73세,중상
2021020800100209,2021년 2월 8일 12시,월요일,부산광역시 북구 만덕동,경상사고,0,0,2,0,차대차 - 기타,안전운전불이행,건조,맑음,단일로 - 기타,승용,남,71세,상해없음,승용,남,33세,경상
2021020800100210,2021년 2월 8일 12시,월요일,부산광역시 사하구 구평동,중상사고,0,1,0,0,차량단독 - 기타,안전운전불이행,건조,맑음,기타 - 기타,승합,남,67세,상해없음,,,,
2021020800100261,2021년 2월 8일 13시,월요일,부산광역시 중구 부평동2가,경상사고,0,0,1,0,차대차 - 추돌,안전거리미확보,건조,맑음,교차로 - 교차로부근,승용,남,56세,상해없음,승용,남,63세,경상
2021020800100262,2021년 2월 8일 13시,월요일,부산광역시 동구 초량동,경상사고,0,0,1,0,차대차 - 측면충돌,안전운전불이행,건조,맑음,단일로 - 기타,승용,남,75세,상해없음,승용,여,43세,경상
2021020800100263,2021년 2월 8일 13시,월요일,부산광역시 해운대구 재송동,경상사고,0,0,1,0,차대차 - 기타,신호위반,건조,맑음,교차로 - 교차로안,승용,여,48세,상해없음,승용,여,57세,경상
2021020800100307,2021년 2월 8일 14시,월요일,부산광역시 남구 대연동,중상사고,0,1,0,0,차대사람 - 보도통행중,보행자보호의무위반,건조,맑음,교차로 - 교차로부근,승용,여,57세,상해없음,보행자,남,53세,중상
2021020800100308,2021년 2월 8일 14시,월요일,부산광역시 수영구 광안동,경상사고,0,0,1,0,차대사람 - 보도통행중,신호위반,건조,맑음,단일로 - 기타,승용,여,66세,상해없음,보행자,남,10세,경상
2021020800100343,2021년 2월 8일 15시,월요일,부산광역시 연제구 연산동,경상사고,0,0,1,0,차대사람 - 보도통행중,기타,건조,맑음,단일로 - 기타,이륜,여,64세,상해없음,보행자,여,56세,경상
2021020800100376,2021년 2월 8일 16시,월요일,부산광역시 영도구 영선동1가,중상사고,0,1,0,0,차대사람 - 길가장자리구역통행중,안전운전불이행,건조,맑음,단일로 - 기타,화물,남,67세,상해없음,보행자,여,65세,중상
2021020800100377,2021년 2월 8일 16시,월요일,부산광역시 영도구 영선동3가,경상사고,0,0,1,0,차대차 - 측면충돌,안전운전불이행,건조,맑음,단일로 - 기타,승합,남,58세,상해없음,이륜,남,59세,경상
2021020800100378,2021년 2월 8일 16시,월요일,부산광역시 부산진구 초읍동,중상사고,0,1,0,0,차대사람 - 횡단중,안전운전불이행,건조,맑음,단일로 - 기타,자전거,남,50세,상해없음,보행자,남,53세,중상
2021020800100379,2021년 2월 8일 16시,월요일,부산광역시 금정구 부곡동,경상사고,0,0,1,0,차대사람 - 기타,안전운전불이행,건조,맑음,단일로 - 기타,승용,남,51세,상해없음,보행자,남,67세,경상
2021020800100380,2021년 2월 8일 16시,월요일,부산광역시 기장군 철마면,중상사고,0,1,0,0,차대차 - 추돌,차로위반,건조,맑음,기타 - 기타,승용,여,49세,상해없음,승용,남,38세,중상
2021020800100422,2021년 2월 8일 17시,월요일,부산광역시 북구 화명동,경상사고,0,0,1,0,차대차 - 추돌,안전거리미확보,건조,맑음,단일로 - 기타,화물,남,59세,상해없음,승용,여,36세,경상
2021020800100423,2021년 2월 8일 17시,월요일,부산광역시 사하구 장림동,경상사고,0,0,1,0,차대사람 - 기타,안전운전불이행,건조,맑음,단일로 - 기타,화물,남,41세,상해없음,보행자,여,75세,경상
2021020800100424,2021년 2월 8일 17시,월요일,부산광역시 강서구 명지동,경상사고,0,0,2,0,차대차 - 추돌,안전거리미확보,건조,맑음,단일로 - 기타,승합,남,66세,상해없음,승용,여,60세,경상
2021020800100469,2021년 2월 8일 18시,월요일,부산광역시 사하구 장림동,중상사고,0,1,0,0,차대사람 - 길가장자리구역통행중,안전운전불이행,건조,맑음,단일로 - 기타,승용,남,36세,상해없음,보행자,남,57세,중상
2021020800100512,2021년 2월 8일 19시,월요일,부산광역시 부산진구 전포동,경상사고,0,0,1,0,차대사람 - 기타,안전운전불이행,건조,맑음,단일로 - 기타,승용,남,27세,상해없음,보행자,남,43세,경상
2021020800100554,2021년 2월 8일 20시,월요일,부산광역시 동구 초량동,경상사고,0,0,1,0,차대사람 - 차도통행중,안전운전불이행,건조,맑음,교차로 - 교차로부근,승용,여,27세,상해없음,보행자,여,22세,경상
2021020800100555,2021년 2월 8일 20시,월요일,부산광역시 부산진구 전포동,경상사고,0,0,1,0,차대사람 - 횡단중,보행자보호의무위반,건조,맑음,교차로 - 교차로부근,승용,남,34세,상해없음,보행자,남,52세,경상
2021020800100592,2021년 2월 8일 21시,월요일,부산광역시 영도구 청학동,중상사고,0,2,2,0,차대차 - 추돌,안전운전불이행,건조,맑음,단일로 - 기타,승용,남,25세,상해없음,승용,남,56세,중상
2021020800100593,2021년 2월 8일 21시,월요일,부산광역시 부산진구 부전동,중상사고,0,1,0,0,차대사람 - 횡단중,안전운전불이행,건조,맑음,교차로 - 교차로안,승용,남,23세,상해없음,보행자,남,62세,중상
2021020800100594,2021년 2월 8일 21시,월요일,부산광역시 금정구 장전동,경상사고,0,0,2,1,차대차 - 정면충돌,중앙선침범,건조,맑음,단일로 - 기타,이륜,남,30세,부상신고,승용,남,61세,경상
2021020800100595,2021년 2월 8일 21시,월요일,부산광역시 사상구 학장동,중상사고,0,1,0,0,차대사람 - 차도통행중,안전운전불이행,건조,맑음,교차로 - 교차로안,이륜,남,22세,상해없음,보행자,남,40세,중상
2021020800100627,2021년 2월 8일 22시,월요일,부산광역시 부산진구 전포동,경상사고,0,0,4,0,차대차 - 추돌,안전운전불이행,건조,맑음,단일로 - 기타,승용,남,31세,상해없음,승용,여,25세,경상
2021020800100628,2021년 2월 8일 22시,월요일,부산광역시 부산진구 전포동,경상사고,0,0,1,0,차대사람 - 차도통행중,안전운전불이행,건조,맑음,단일로 - 기타,승용,남,58세,상해없음,보행자,여,36세,경상
2021020800100629,2021년 2월 8일 22시,월요일,부산광역시 금정구 남산동,부상신고사고,0,0,0,1,차대차 - 측면충돌,안전운전불이행,건조,맑음,교차로 - 교차로안,이륜,남,39세,부상신고,화물,남,62세,상해없음
2021020900100002,2021년 2월 9일 00시,화요일,부산광역시 북구 화명동,경상사고,0,0,1,0,차량단독 - 기타,안전운전불이행,건조,맑음,단일로 - 기타,원동기,남,18세,상해없음,,,,
2021020900100030,2021년 2월 9일 06시,화요일,부산광역시 남구 문현동,경상사고,0,0,1,0,차대차 - 기타,안전운전불이행,건조,맑음,교차로 - 교차로안,화물,남,56세,상해없음,승용,남,36세,경상
2021020900100068,2021년 2월 9일 08시,화요일,부산광역시 금정구 금성동,경상사고,0,0,3,0,차대차 - 측면충돌,중앙선침범,건조,맑음,단일로 - 기타,화물,남,59세,경상,승용,남,70세,경상
2021020900100069,2021년 2월 9일 08시,화요일,부산광역시 연제구 연산동,경상사고,0,0,1,0,차대사람 - 보도통행중,보행자보호의무위반,건조,맑음,교차로 - 교차로횡단보도내,승용,여,65세,상해없음,보행자,여,18세,경상
2021020900100103,2021년 2월 9일 09시,화요일,부산광역시 수영구 광안동,경상사고,0,0,1,0,차대차 - 기타,안전운전불이행,건조,맑음,교차로 - 교차로안,승용,남,71세,상해없음,승용,남,63세,경상
2021020900100104,2021년 2월 9일 09시,화요일,부산광역시 부산진구 개금동,경상사고,0,0,2,0,차대차 - 추돌,안전운전불이행,건조,맑음,단일로 - 기타,승용,여,33세,상해없음,승용,남,62세,경상
2021020900100141,2021년 2월 9일 10시,화요일,부산광역시 서구 서대신동3가,중상사고,0,1,0,0,차대사람 - 횡단중,중앙선침범,건조,맑음,단일로 - 기타,승용,남,25세,상해없음,보행자,남,81세,중상
2021020900100142,2021년 2월 9일 10시,화요일,부산광역시 북구 덕천동,경상사고,0,0,2,0,차대차 - 기타,안전운전불이행,건조,맑음,단일로 - 기타,승용,여,39세,상해없음,승합,남,44세,상해없음
2021020900100218,2021년 2월 9일 12시,화요일,부산광역시 영도구 영선동3가,경상사고,0,0,1,0,차대차 - 측면충돌,안전운전불이행,건조,맑음,단일로 - 기타,이륜,남,24세,상해없음,이륜,남,55세,경상
2021020900100256,2021년 2월 9일 13시,화요일,부산광역시 남구 용당동,중상사고,0,1,0,0,차대차 - 추돌,안전운전불이행,건조,맑음,기타 - 기타,승용,남,33세,상해없음,승용,남,40세,중상
2021020900100257,2021년 2월 9일 13시,화요일,부산광역시 동래구 안락동,중상사고,0,1,0,0,차대차 - 추돌,안전운전불이행,건조,맑음,교차로 - 교차로안,승용,남,78세,상해없음,승용,남,50세,중상
2021020900100258,2021년 2월 9일 13시,화요일,부산광역시 해운대구 우동,중상사고,0,1,0,0,차대사람 - 기타,중앙선침범,건조,맑음,단일로 - 기타,승용,여,33세,상해없음,보행자,여,71세,중상
2021020900100259,2021년 2월 9일 13시,화요일,부산광역시 해운대구 우동,경상사고,0,0,1,0,차대사람 - 차도통행중,안전운전불이행,건조,맑음,교차로 - 교차로안,승용,여,62세,상해없음,보행자,여,73세,경상
2021020900100295,2021년 2월 9일 14시,화요일,부산광역시 동구 초량동,경상사고,0,0,1,0,차대사람 - 보도통행중,보행자보호의무위반,건조,맑음,교차로 - 교차로횡단보도내,화물,남,42세,상해없음,보행자,여,47세,경상
2021020900100296,2021년 2월 9일 14시,화요일,부산광역시 서구 충무동1가,경상사고,0,0,2,0,차대차 - 측면충돌,안전운전불이행,건조,맑음,교차로 - 교차로부근,승용,남,61세,상해없음,승용,남,39세,경상
2021020900100297,2021년 2월 9일 14시,화요일,부산광역시 동래구 온천동,중상사고,0,1,0,0,차대사람 - 기타,기타,건조,맑음,단일로 - 기타,화물,남,38세,상해없음,보행자,여,63세,중상
2021020900100298,2021년 2월 9일 14시,화요일,부산광역시 사하구 구평동,중상사고,0,1,0,0,차대차 - 측면충돌,신호위반,건조,맑음,교차로 - 교차로안,승용,남,63세,상해없음,승용,여,44세,중상
2021020900100441,2021년 2월 9일 17시,화요일,부산광역시 남구 대연동,경상사고,0,0,2,0,차대차 - 추돌,안전운전불이행,건조,맑음,단일로 - 기타,화물,남,65세,상해없음,승용,여,20세,경상
2021020900100442,2021년 2월 9일 17시,화요일,부산광역시 남구 대연동,경상사고,0,0,2,0,차대차 - 후진중충돌,안전운전불이행,건조,맑음,단일로 - 기타,특수,남,60세,상해없음,승용,여,20세,경상
2021020900100443,2021년 2월 9일 17시,화요일,부산광역시 금정구 장전동,경상사고,0,0,1,0,차대차 - 측면충돌,기타,건조,맑음,교차로 - 교차로안,승용,여,29세,상해없음,승용,남,22세,경상
2021020900100444,2021년 2월 9일 17시,화요일,부산광역시 금정구 금사동,중상사고,0,2,0,0,차대차 - 기타,안전운전불이행,건조,맑음,교차로 - 교차로부근,이륜,남,69세,중상,이륜,남,34세,중상
2021020900100445,2021년 2월 9일 17시,화요일,부산광역시 연제구 연산동,중상사고,0,1,2,0,차대차 - 측면충돌,신호위반,건조,맑음,교차로 - 교차로안,승용,여,56세,중상,승용,남,48세,경상
2021020900100446,2021년 2월 9일 17시,화요일,부산광역시 기장군 기장읍,중상사고,0,1,0,0,차대차 - 추돌,안전운전불이행,건조,맑음,단일로 - 기타,승용,남,60세,상해없음,승용,남,49세,중상
2021020900100492,2021년 2월 9일 18시,화요일,부산광역시 해운대구 좌동,부상신고사고,0,0,0,1,차대사람 - 횡단중,안전운전불이행,건조,맑음,교차로 - 교차로부근,기타불명,기타불명,미분류,기타불명,보행자,여,64세,부상신고
2021020900100493,2021년 2월 9일 18시,화요일,부산광역시 강서구 대저1동,중상사고,0,1,0,0,차대차 - 추돌,안전거리미확보,건조,맑음,단일로 - 기타,화물,남,62세,상해없음,승용,남,55세,중상
2021020900100494,2021년 2월 9일 18시,화요일,부산광역시 강서구 신호동,경상사고,0,0,2,0,차대차 - 추돌,안전운전불이행,건조,맑음,단일로 - 기타,승용,남,68세,상해없음,승용,남,41세,경상
2021020900100495,2021년 2월 9일 18시,화요일,부산광역시 기장군 기장읍,경상사고,0,0,1,0,차대차 - 추돌,안전운전불이행,건조,맑음,교차로 - 교차로부근,승용,남,42세,상해없음,승용,남,44세,경상
2021020900100554,2021년 2월 9일 19시,화요일,부산광역시 부산진구 양정동,중상사고,0,1,1,0,차대차 - 추돌,신호위반,건조,맑음,교차로 - 교차로안,승용,남,65세,상해없음,승용,남,65세,경상
2021020900100555,2021년 2월 9일 19시,화요일,부산광역시 금정구 금사동,경상사고,0,0,3,0,차대차 - 측면충돌,직진우회전진행방해,건조,맑음,교차로 - 교차로안,승용,남,61세,경상,화물,남,69세,경상
2021020900100556,2021년 2월 9일 19시,화요일,부산광역시 사하구 하단동,경상사고,0,0,1,0,차대차 - 기타,안전운전불이행,건조,맑음,교차로 - 교차로부근,승용,남,61세,상해없음,승용,남,61세,경상
2021020900100557,2021년 2월 9일 19시,화요일,부산광역시 연제구 연산동,경상사고,0,0,1,0,차대차 - 추돌,안전거리미확보,건조,맑음,단일로 - 기타,승용,남,65세,상해없음,승용,남,58세,경상
2021020900100558,2021년 2월 9일 19시,화요일,부산광역시 연제구 연산동,중상사고,0,1,1,0,차대차 - 측면충돌,안전운전불이행,건조,맑음,교차로 - 교차로부근,이륜,남,37세,중상,승용,남,50세,경상
2021020900100599,2021년 2월 9일 20시,화요일,부산광역시 영도구 동삼동,경상사고,0,0,1,0,차대차 - 기타,안전운전불이행,건조,맑음,단일로 - 기타,화물,남,54세,상해없음,이륜,남,58세,경상
2021020900100600,2021년 2월 9일 20시,화요일,부산광역시 사상구 주례동,경상사고,0,0,1,0,차대사람 - 횡단중,안전운전불이행,건조,맑음,단일로 - 기타,승용,남,65세,상해없음,보행자,여,61세,경상
2021020900100656,2021년 2월 9일 21시,화요일,부산광역시 남구 문현동,부상신고사고,0,0,0,2,차대차 - 측면충돌,안전운전불이행,건조,맑음,기타 - 기타,승용,여,37세,상해없음,승용,남,29세,부상신고
2021020900100657,2021년 2월 9일 21시,화요일,부산광역시 부산진구 전포동,경상사고,0,0,1,0,차대차 - 측면충돌,차로위반,건조,맑음,단일로 - 기타,승용,여,51세,상해없음,승용,남,22세,경상
2021020900100658,2021년 2월 9일 21시,화요일,부산광역시 사하구 신평동,경상사고,0,0,1,0,차대차 - 추돌,안전거리미확보,건조,맑음,교차로 - 교차로부근,승용,남,67세,상해없음,이륜,남,17세,경상
2021020900100659,2021년 2월 9일 21시,화요일,부산광역시 사상구 모라동,중상사고,0,1,0,0,차대사람 - 횡단중,기타,건조,맑음,단일로 - 기타,이륜,남,19세,상해없음,보행자,남,72세,중상
2021020900100701,2021년 2월 9일 22시,화요일,부산광역시 동래구 사직동,중상사고,0,1,2,0,차대차 - 추돌,안전운전불이행,건조,맑음,단일로 - 기타,승용,남,39세,상해없음,승용,남,46세,중상
2021020900100702,2021년 2월 9일 22시,화요일,부산광역시 부산진구 개금동,중상사고,0,1,0,0,차대차 - 추돌,안전운전불이행,건조,맑음,단일로 - 고가도로위,승용,남,43세,상해없음,승용,남,52세,중상
2021020900100703,2021년 2월 9일 22시,화요일,부산광역시 사하구 하단동,경상사고,0,0,1,0,차대사람 - 기타,안전운전불이행,건조,맑음,교차로 - 교차로부근,이륜,남,24세,상해없음,보행자,여,23세,경상
2021020900100704,2021년 2월 9일 22시,화요일,부산광역시 연제구 연산동,중상사고,0,1,0,0,차대사람 - 기타,보행자보호의무위반,건조,맑음,단일로 - 기타,승용,남,55세,상해없음,보행자,남,38세,중상