사고번호,사고일시,요일,시군구,사고내용,사망자수,중상자수,경상자수,부상신고자수,사고유형,법규위반,노면상태,기상상태,도로형태,가해운전자 차종,가해운전자 성별,가해운전자 연령,가해운전자 상해정도,피해운전자 차종,피해운전자 성별,피해운전자 연령,피해운전자 상해정도
2021021300100302,2021년 2월 13일 20시,토요일,부산광역시 사상구 학장동,중상사고,0,1,0,0,차대차 - 측면충돌,신호위반,건조,맑음,교차로 - 교차로안,승합,남,24세,상해없음,이륜,남,51세,중상
2021021300100327,2021년 2월 13일 21시,토요일,부산광역시 영도구 영선동4가,중상사고,0,3,0,0,차대차 - 추돌,안전운전불이행,건조,맑음,교차로 - 교차로부근,승용,남,48세,상해없음,승용,여,32세,중상
2021021300100362,2021년 2월 13일 22시,토요일,부산광역시 해운대구 우동,경상사고,0,0,3,0,차대차 - 정면충돌,중앙선침범,건조,맑음,교차로 - 교차로안,승용,남,28세,상해없음,승용,남,54세,경상
2021021300100363,2021년 2월 13일 22시,토요일,부산광역시 부산진구 양정동,경상사고,0,0,2,0,차대차 - 기타,신호위반,건조,맑음,교차로 - 교차로안,이륜,기타불명,미분류,기타불명,승용,남,65세,경상
2021021300100364,2021년 2월 13일 22시,토요일,부산광역시 사상구 학장동,사망사고,1,1,0,0,차량단독 - 기타,안전운전불이행,건조,맑음,단일로 - 기타,이륜,남,20세,사망,,,,
2021021300100393,2021년 2월 13일 23시,토요일,부산광역시 남구 용호동,중상사고,0,3,1,0,차대차 - 측면충돌,안전운전불이행,건조,맑음,기타 - 기타,승용,남,31세,상해없음,승용,남,58세,중상
2021021400100029,2021년 2월 14일 09시,일요일,부산광역시 동구 좌천동,경상사고,0,0,3,0,차대차 - 측면충돌,안전거리미확보,젖음/습기,흐림,단일로 - 기타,승합,남,60세,상해없음,승용,남,36세,경상
2021021400100034,2021년 2월 14일 10시,일요일,부산광역시 남구 대연동,경상사고,0,0,1,0,차대차 - 측면충돌,신호위반,젖음/습기,비,교차로 - 교차로안,이륜,남,48세,기타불명,승용,남,50세,경상
2021021400100049,2021년 2월 14일 11시,일요일,부산광역시 해운대구 중동,경상사고,0,0,1,0,차대차 - 측면충돌,안전운전불이행,젖음/습기,비,기타 - 기타,승용,여,61세,상해없음,승용,여,29세,경상
2021021400100084,2021년 2월 14일 13시,일요일,부산광역시 금정구 장전동,경상사고,0,0,2,0,차대차 - 측면충돌,안전거리미확보,건조,맑음,단일로 - 기타,승용,남,45세,상해없음,승합,남,54세,경상
2021021400100085,2021년 2월 14일 13시,일요일,부산광역시 사하구 하단동,경상사고,0,0,2,0,차대차 - 추돌,안전운전불이행,젖음/습기,비,단일로 - 지하차도(도로)내,이륜,남,28세,경상,이륜,남,22세,경상
2021021400100100,2021년 2월 14일 14시,일요일,부산광역시 남구 대연동,경상사고,0,0,1,0,차대차 - 기타,안전운전불이행,젖음/습기,비,단일로 - 기타,화물,남,47세,상해없음,이륜,남,40세,경상
2021021400100101,2021년 2월 14일 14시,일요일,부산광역시 남구 대연동,경상사고,0,0,1,0,차대차 - 측면충돌,안전거리미확보,건조,맑음,단일로 - 기타,승용,여,68세,기타불명,승용,여,69세,경상
2021021400100136,2021년 2월 14일 16시,일요일,부산광역시 강서구 명지동,경상사고,0,0,2,1,차대차 - 측면충돌,기타,건조,맑음,교차로 - 교차로안,승용,남,53세,상해없음,승용,여,20세,부상신고
2021021400100157,2021년 2월 14일 17시,일요일,부산광역시 중구 남포동1가,중상사고,0,1,0,0,차대차 - 기타,안전운전불이행,건조,맑음,단일로 - 기타,승용,남,66세,상해없음,이륜,남,33세,중상
2021021400100158,2021년 2월 14일 17시,일요일,부산광역시 사하구 하단동,경상사고,0,0,1,0,차대차 - 기타,신호위반,건조,흐림,교차로 - 교차로안,승용,남,57세,상해없음,승용,남,61세,경상
2021021400100160,2021년 2월 14일 17시,일요일,부산광역시 연제구 거제동,경상사고,0,0,1,0,차대차 - 추돌,안전운전불이행,젖음/습기,흐림,단일로 - 기타,승용,남,53세,상해없음,자전거,남,81세,경상
2021021400100195,2021년 2월 14일 18시,일요일,부산광역시 중구 중앙동4가,중상사고,0,1,0,0,차대차 - 측면충돌,신호위반,젖음/습기,비,교차로 - 교차로안,이륜,남,19세,중상,승용,남,41세,상해없음
2021021400100196,2021년 2월 14일 18시,일요일,부산광역시 연제구 연산동,경상사고,0,0,2,0,차대차 - 추돌,안전거리미확보,젖음/습기,흐림,단일로 - 기타,승용,남,25세,상해없음,승용,남,34세,경상
2021021400100219,2021년 2월 14일 19시,일요일,부산광역시 북구 덕천동,중상사고,0,1,0,0,차대차 - 기타,차로위반,젖음/습기,비,단일로 - 기타,화물,남,52세,상해없음,이륜,남,18세,중상
2021021400100220,2021년 2월 14일 19시,일요일,부산광역시 부산진구 부암동,중상사고,0,1,0,0,차대사람 - 기타,안전운전불이행,젖음/습기,비,교차로 - 교차로안,이륜,남,24세,상해없음,보행자,남,78세,중상
2021021400100221,2021년 2월 14일 19시,일요일,부산광역시 금정구 장전동,경상사고,0,0,1,0,차대사람 - 기타,안전운전불이행,건조,맑음,단일로 - 기타,승용,남,34세,상해없음,보행자,남,21세,경상
2021021400100250,2021년 2월 14일 20시,일요일,부산광역시 수영구 수영동,경상사고,0,0,1,0,차대차 - 기타,안전운전불이행,젖음/습기,비,단일로 - 기타,이륜,남,26세,상해없음,승용,여,24세,상해없음
2021021400100251,2021년 2월 14일 20시,일요일,부산광역시 남구 대연동,경상사고,0,0,1,0,차대사람 - 횡단중,보행자보호의무위반,젖음/습기,비,교차로 - 교차로횡단보도내,승용,남,51세,상해없음,보행자,남,63세,경상
2021021400100252,2021년 2월 14일 20시,일요일,부산광역시 북구 만덕동,경상사고,0,0,1,0,차대차 - 기타,안전운전불이행,건조,맑음,단일로 - 기타,기타불명,기타불명,미분류,기타불명,승용,남,41세,경상
2021021400100284,2021년 2월 14일 21시,일요일,부산광역시 남구 대연동,경상사고,0,0,1,0,차대차 - 기타,안전운전불이행,젖음/습기,비,교차로 - 교차로안,승용,남,50세,상해없음,승용,남,21세,경상
2021021400100285,2021년 2월 14일 21시,일요일,부산광역시 남구 대연동,경상사고,0,0,4,0,차대차 - 기타,안전운전불이행,젖음/습기,비,기타 - 기타,승용,여,40세,경상,승용,남,27세,경상
2021021400100286,2021년 2월 14일 21시,일요일,부산광역시 부산진구 개금동,경상사고,0,0,2,0,차대차 - 측면충돌,안전운전불이행,젖음/습기,비,교차로 - 교차로안,승용,남,28세,상해없음,승용,남,64세,경상
2021021400100312,2021년 2월 14일 22시,일요일,부산광역시 북구 금곡동,경상사고,0,0,2,0,차대차 - 기타,안전운전불이행,젖음/습기,비,단일로 - 기타,이륜,남,27세,경상,승용,여,38세,경상
2021021400100313,2021년 2월 14일 22시,일요일,부산광역시 북구 화명동,경상사고,0,0,1,0,차대사람 - 기타,기타,젖음/습기,비,기타 - 기타,이륜,남,49세,상해없음,보행자,남,30세,경상
2021021400100314,2021년 2월 14일 22시,일요일,부산광역시 연제구 연산동,경상사고,0,0,1,0,차대차 - 기타,차로위반,젖음/습기,비,교차로 - 교차로안,승용,남,33세,기타불명,승용,남,46세,경상
2021021400100315,2021년 2월 14일 22시,일요일,부산광역시 강서구 신호동,경상사고,0,0,2,0,차대차 - 후진중충돌,안전운전불이행,건조,맑음,교차로 - 교차로안,승합,남,31세,상해없음,승용,여,32세,경상
2021021400100316,2021년 2월 14일 22시,일요일,부산광역시 사상구 학장동,중상사고,0,1,1,0,차대차 - 추돌,신호위반,젖음/습기,비,단일로 - 기타,승용,여,49세,상해없음,승용,남,25세,중상
2021021400100334,2021년 2월 14일 23시,일요일,부산광역시 남구 용당동,경상사고,0,0,1,0,차대차 - 측면충돌,신호위반,젖음/습기,비,교차로 - 교차로안,승용,여,63세,상해없음,화물,남,50세,경상
2021021400100335,2021년 2월 14일 23시,일요일,부산광역시 부산진구 양정동,중상사고,0,1,1,0,차대차 - 기타,신호위반,젖음/습기,비,교차로 - 교차로안,승용,남,40세,상해없음,승용,남,65세,경상
2021021400100336,2021년 2월 14일 23시,일요일,부산광역시 기장군 일광면,사망사고,1,0,0,0,차량단독 - 기타,안전운전불이행,건조,맑음,단일로 - 기타,승용,남,34세,사망,,,,
2021021500100002,2021년 2월 15일 00시,월요일,부산광역시 부산진구 가야동,경상사고,0,0,1,0,차대차 - 추돌,안전운전불이행,젖음/습기,비,교차로 - 교차로부근,승용,남,30세,기타불명,승용,남,29세,경상
2021021500100033,2021년 2월 15일 07시,월요일,부산광역시 금정구 회동동,부상신고사고,0,0,0,4,차대차 - 기타,안전거리미확보,건조,맑음,단일로 - 기타,승용,여,26세,상해없음,승용,남,33세,부상신고
2021021500100051,2021년 2월 15일 08시,월요일,부산광역시 해운대구 재송동,경상사고,0,0,1,0,차대사람 - 길가장자리구역통행중,안전운전불이행,건조,맑음,단일로 - 기타,승용,여,27세,상해없음,보행자,여,36세,경상
2021021500100052,2021년 2월 15일 08시,월요일,부산광역시 강서구 송정동,중상사고,0,1,0,0,차대사람 - 길가장자리구역통행중,안전운전불이행,건조,맑음,단일로 - 기타,승용,여,46세,상해없음,보행자,남,61세,중상
2021021500100071,2021년 2월 15일 09시,월요일,부산광역시 북구 만덕동,중상사고,0,1,0,0,차대사람 - 기타,안전운전불이행,젖음/습기,비,교차로 - 교차로부근,승용,남,36세,상해없음,보행자,남,50세,중상
2021021500100092,2021년 2월 15일 10시,월요일,부산광역시 남구 대연동,경상사고,0,0,1,0,차대차 - 측면충돌,안전운전불이행,건조,맑음,단일로 - 기타,승용,남,35세,기타불명,승용,남,73세,경상
2021021500100093,2021년 2월 15일 10시,월요일,부산광역시 해운대구 반여동,부상신고사고,0,0,0,2,차량단독 - 기타,안전운전불이행,건조,맑음,단일로 - 기타,승합,남,58세,상해없음,,,,
2021021500100094,2021년 2월 15일 10시,월요일,부산광역시 해운대구 중동,경상사고,0,0,4,0,차대차 - 기타,기타,건조,맑음,교차로 - 교차로안,승용,남,54세,경상,승용,여,29세,경상
2021021500100115,2021년 2월 15일 11시,월요일,부산광역시 사하구 감천동,경상사고,0,0,2,0,차대차 - 기타,안전운전불이행,건조,맑음,단일로 - 지하차도(도로)내,특수,남,52세,기타불명,승용,남,32세,경상
2021021500100116,2021년 2월 15일 11시,월요일,부산광역시 사하구 장림동,경상사고,0,0,2,0,차대차 - 측면충돌,안전거리미확보,건조,맑음,단일로 - 기타,승용,여,63세,경상,승용,여,26세,경상
2021021500100117,2021년 2월 15일 11시,월요일,부산광역시 사하구 하단동,중상사고,0,2,0,0,차대차 - 측면충돌,안전운전불이행,건조,맑음,단일로 - 기타,승용,남,57세,상해없음,승용,여,31세,중상
2021021500100141,2021년 2월 15일 12시,월요일,부산광역시 금정구 부곡동,부상신고사고,0,0,0,1,차대차 - 기타,안전운전불이행,건조,맑음,교차로 - 교차로안,승용,여,61세,상해없음,자전거,여,50세,부상신고
2021021500100167,2021년 2월 15일 13시,월요일,부산광역시 부산진구 부암동,경상사고,0,0,1,0,차대사람 - 기타,안전운전불이행,건조,맑음,교차로 - 교차로안,화물,남,58세,상해없음,보행자,남,40세,경상
2021021500100228,2021년 2월 15일 15시,월요일,부산광역시 금정구 장전동,경상사고,0,0,1,0,차대차 - 기타,중앙선침범,건조,맑음,교차로 - 교차로안,승용,남,68세,상해없음,화물,남,37세,경상
2021021500100229,2021년 2월 15일 15시,월요일,부산광역시 금정구 구서동,경상사고,0,0,2,0,차대차 - 측면충돌,안전운전불이행,건조,맑음,단일로 - 기타,화물,남,56세,상해없음,승용,남,57세,경상
2021021500100230,2021년 2월 15일 15시,월요일,부산광역시 사하구 감천동,경상사고,0,0,1,0,차대차 - 추돌,안전운전불이행,건조,맑음,교차로 - 교차로안,이륜,남,21세,기타불명,승용,여,51세,경상
2021021500100264,2021년 2월 15일 16시,월요일,부산광역시 동구 수정동,경상사고,0,0,1,0,차대사람 - 횡단중,안전운전불이행,건조,맑음,단일로 - 기타,기타불명,기타불명,미분류,기타불명,보행자,여,72세,경상
2021021500100265,2021년 2월 15일 16시,월요일,부산광역시 남구 대연동,경상사고,0,0,3,0,차대차 - 기타,중앙선침범,건조,맑음,교차로 - 교차로안,승용,남,26세,상해없음,승용,남,70세,경상
2021021500100266,2021년 2월 15일 16시,월요일,부산광역시 사하구 다대동,경상사고,0,0,1,0,차대사람 - 기타,보행자보호의무위반,건조,맑음,단일로 - 기타,승용,여,50세,상해없음,보행자,여,62세,경상
2021021500100334,2021년 2월 15일 18시,월요일,부산광역시 부산진구 범전동,경상사고,0,0,1,0,차대차 - 측면충돌,안전운전불이행,건조,맑음,교차로 - 교차로안,승용,남,55세,상해없음,승용,남,43세,경상
2021021500100410,2021년 2월 15일 20시,월요일,부산광역시 남구 문현동,경상사고,0,0,1,0,차대차 - 기타,기타,건조,맑음,단일로 - 기타,이륜,남,27세,상해없음,이륜,남,23세,경상
2021021500100431,2021년 2월 15일 21시,월요일,부산광역시 동래구 사직동,경상사고,0,0,1,0,차대차 - 측면충돌,교차로운행방법위반,건조,맑음,교차로 - 교차로안,승용,여,54세,상해없음,승용,여,46세,경상
2021021500100432,2021년 2월 15일 21시,월요일,부산광역시 해운대구 좌동,경상사고,0,0,1,0,차대차 - 기타,안전운전불이행,건조,맑음,단일로 - 기타,승용,남,40세,상해없음,이륜,남,36세,경상
2021021500100433,2021년 2월 15일 21시,월요일,부산광역시 연제구 연산동,경상사고,0,0,2,0,차대차 - 추돌,안전운전불이행,건조,맑음,단일로 - 기타,화물,남,47세,상해없음,승용,여,49세,경상
2021021500100434,2021년 2월 15일 21시,월요일,부산광역시 연제구 연산동,경상사고,0,0,1,0,차대사람 - 기타,안전운전불이행,건조,맑음,단일로 - 기타,승용,남,62세,상해없음,보행자,남,38세,경상
2021021500100471,2021년 2월 15일 23시,월요일,부산광역시 부산진구 범천동,경상사고,0,0,2,0,차대차 - 추돌,안전운전불이행,건조,맑음,교차로 - 교차로부근,승용,남,30세,상해없음,승용,남,65세,상해없음
2021021500100472,2021년 2월 15일 23시,월요일,부산광역시 연제구 거제동,중상사고,0,1,1,0,차대차 - 측면충돌,신호위반,건조,맑음,교차로 - 교차로안,승용,남,69세,상해없음,승용,남,71세,경상
2021021500100473,2021년 2월 15일 23시,월요일,부산광역시 기장군 기장읍,경상사고,0,0,2,0,차대차 - 후진중충돌,안전운전불이행,건조,맑음,단일로 - 기타,승용,여,44세,상해없음,승용,여,20세,경상
2021021600100016,2021년 2월 16일 03시,화요일,부산광역시 중구 보수동2가,중상사고,0,1,0,0,차대차 - 기타,안전운전불이행,건조,맑음,기타 - 기타,이륜,남,39세,상해없음,자전거,남,58세,중상
2021021600100025,2021년 2월 16일 05시,화요일,부산광역시 동래구 온천동,경상사고,0,0,1,0,차대차 - 측면충돌,안전운전불이행,건조,맑음,교차로 - 교차로부근,승용,남,60세,상해없음,승용,남,63세,상해없음
2021021600100033,2021년 2월 16일 06시,화요일,부산광역시 부산진구 양정동,경상사고,0,0,1,0,차대차 - 기타,안전운전불이행,건조,맑음,교차로 - 교차로안,승용,남,63세,상해없음,건설기계,남,66세,경상
2021021600100042,2021년 2월 16일 07시,화요일,부산광역시 부산진구 전포동,경상사고,0,0,1,0,차대차 - 기타,신호위반,건조,맑음,교차로 - 교차로부근,건설기계,남,63세,상해없음,승용,남,41세,경상
2021021600100062,2021년 2월 16일 08시,화요일,부산광역시 북구 금곡동,중상사고,0,1,0,0,차량단독 - 기타,기타,건조,맑음,단일로 - 기타,승합,남,41세,상해없음,,,,
2021021600100063,2021년 2월 16일 08시,화요일,부산광역시 해운대구 재송동,중상사고,0,1,0,0,차대사람 - 횡단중,보행자보호의무위반,건조,맑음,단일로 - 기타,승용,여,51세,상해없음,보행자,남,29세,중상
2021021600100089,2021년 2월 16일 09시,화요일,부산광역시 수영구 남천동,경상사고,0,0,1,0,차대차 - 측면충돌,안전운전불이행,건조,맑음,단일로 - 기타,화물,남,64세,상해없음,승용,남,59세,경상
2021021600100090,2021년 2월 16일 09시,화요일,부산광역시 수영구 광안동,경상사고,0,0,1,0,차대차 - 측면충돌,안전운전불이행,건조,맑음,교차로 - 교차로부근,승용,여,62세,상해없음,자전거,남,72세,경상
2021021600100091,2021년 2월 16일 09시,화요일,부산광역시 사하구 신평동,경상사고,0,0,1,0,차대차 - 기타,차로위반,건조,맑음,단일로 - 기타,승용,여,48세,기타불명,화물,남,48세,기타불명
2021021600100113,2021년 2월 16일 10시,화요일,부산광역시 남구 문현동,경상사고,0,0,1,0,차대차 - 추돌,안전운전불이행,건조,맑음,교차로 - 교차로안,이륜,여,28세,상해없음,승용,여,40세,경상
2021021600100114,2021년 2월 16일 10시,화요일,부산광역시 북구 구포동,중상사고,0,1,0,0,차대차 - 추돌,안전거리미확보,건조,맑음,교차로 - 교차로부근,화물,남,60세,상해없음,승용,여,49세,중상
2021021600100133,2021년 2월 16일 11시,화요일,부산광역시 서구 부용동2가,중상사고,0,1,0,0,차대차 - 측면충돌,신호위반,건조,맑음,교차로 - 교차로안,화물,남,60세,상해없음,원동기,남,39세,중상
2021021600100134,2021년 2월 16일 11시,화요일,부산광역시 북구 구포동,중상사고,0,1,0,0,차량단독 - 기타,기타,건조,맑음,단일로 - 기타,승합,남,55세,상해없음,,,,
2021021600100135,2021년 2월 16일 11시,화요일,부산광역시 연제구 연산동,경상사고,0,0,1,0,차대차 - 추돌,안전거리미확보,건조,맑음,단일로 - 기타,승용,여,53세,상해없음,승용,여,72세,경상
2021021600100159,2021년 2월 16일 12시,화요일,부산광역시 수영구 광안동,경상사고,0,0,2,0,차대차 - 측면충돌,안전운전불이행,건조,맑음,교차로 - 교차로안,승용,남,35세,상해없음,승용,여,49세,경상
2021021600100160,2021년 2월 16일 12시,화요일,부산광역시 강서구 명지동,경상사고,0,0,1,0,차대차 - 측면충돌,안전운전불이행,건조,맑음,교차로 - 교차로부근,승용,여,49세,상해없음,이륜,남,32세,경상
2021021600100185,2021년 2월 16일 13시,화요일,부산광역시 동래구 복천동,경상사고,0,0,1,0,차대차 - 기타,안전운전불이행,건조,맑음,기타 - 기타,승용,남,68세,상해없음,이륜,남,38세,경상
2021021600100186,2021년 2월 16일 13시,화요일,부산광역시 사하구 다대동,경상사고,0,0,2,0,차대차 - 기타,안전운전불이행,건조,맑음,단일로 - 기타,화물,남,57세,상해없음,승용,남,64세,상해없음
2021021600100187,2021년 2월 16일 13시,화요일,부산광역시 강서구 명지동,중상사고,0,2,4,0,차대차 - 추돌,안전운전불이행,건조,맑음,단일로 - 기타,건설기계,남,37세,상해없음,화물,남,69세,중상
2021021600100225,2021년 2월 16일 14시,화요일,부산광역시 동구 초량동,경상사고,0,0,2,0,차대차 - 측면충돌,안전거리미확보,건조,맑음,단일로 - 기타,화물,남,46세,상해없음,승용,여,51세,경상
2021021600100226,2021년 2월 16일 14시,화요일,부산광역시 부산진구 범천동,중상사고,0,1,0,0,차대차 - 기타,직진우회전진행방해,건조,맑음,교차로 - 교차로안,원동기,남,39세,중상,승용,남,69세,상해없음
2021021600100227,2021년 2월 16일 14시,화요일,부산광역시 부산진구 부전동,경상사고,0,0,1,0,차대사람 - 기타,안전운전불이행,건조,맑음,단일로 - 기타,승용,남,77세,상해없음,보행자,남,50세,경상
2021021600100228,2021년 2월 16일 14시,화요일,부산광역시 금정구 장전동,경상사고,0,0,1,0,차대차 - 측면충돌,직진우회전진행방해,건조,맑음,교차로 - 교차로안,승용,여,54세,상해없음,승용,남,43세,상해없음
2021021600100229,2021년 2월 16일 14시,화요일,부산광역시 강서구 강동동,경상사고,0,0,1,0,차대차 - 측면충돌,안전운전불이행,건조,맑음,단일로 - 기타,화물,남,56세,상해없음,화물,남,53세,경상
2021021600100230,2021년 2월 16일 14시,화요일,부산광역시 강서구 명지동,경상사고,0,0,1,0,차대차 - 측면충돌,안전운전불이행,건조,맑음,교차로 - 교차로부근,승용,남,61세,상해없음,승용,남,61세,경상
2021021600100270,2021년 2월 16일 15시,화요일,부산광역시 수영구 수영동,경상사고,0,0,1,0,차대차 - 추돌,안전운전불이행,건조,맑음,단일로 - 기타,승용,남,65세,상해없음,승용,여,33세,경상
2021021600100317,2021년 2월 16일 16시,화요일,부산광역시 부산진구 가야동,중상사고,0,1,1,0,차대차 - 측면충돌,신호위반,건조,맑음,교차로 - 교차로안,이륜,남,23세,중상,승용,남,44세,경상
2021021600100318,2021년 2월 16일 16시,화요일,부산광역시 사하구 하단동,중상사고,0,1,0,0,차대차 - 측면충돌,중앙선침범,건조,맑음,단일로 - 기타,이륜,남,51세,상해없음,이륜,남,42세,중상
2021021600100352,2021년 2월 16일 17시,화요일,부산광역시 부산진구 양정동,경상사고,0,0,1,0,차대사람 - 횡단중,보행자보호의무위반,건조,맑음,교차로 - 교차로횡단보도내,승용,여,42세,상해없음,보행자,여,31세,경상
2021021600100353,2021년 2월 16일 17시,화요일,부산광역시 금정구 서동,경상사고,0,0,1,0,차대사람 - 기타,안전운전불이행,건조,맑음,기타 - 기타,승용,남,32세,상해없음,보행자,여,26세,경상
2021021600100396,2021년 2월 16일 18시,화요일,부산광역시 수영구 광안동,중상사고,0,1,0,0,차대차 - 측면충돌,안전운전불이행,건조,맑음,기타 - 기타,승용,여,57세,상해없음,이륜,남,63세,중상
2021021600100425,2021년 2월 16일 19시,화요일,부산광역시 남구 대연동,경상사고,0,0,1,0,차대차 - 측면충돌,안전운전불이행,건조,맑음,기타 - 기타,승용,남,61세,상해없음,이륜,남,39세,경상
2021021600100426,2021년 2월 16일 19시,화요일,부산광역시 금정구 장전동,경상사고,0,0,1,0,차대차 - 측면충돌,신호위반,건조,맑음,교차로 - 교차로부근,승용,남,24세,상해없음,이륜,남,50세,경상
2021021600100427,2021년 2월 16일 19시,화요일,부산광역시 연제구 연산동,중상사고,0,1,1,0,차대사람 - 횡단중,보행자보호의무위반,건조,맑음,단일로 - 기타,승용,여,61세,상해없음,보행자,여,66세,경상
2021021600100428,2021년 2월 16일 19시,화요일,부산광역시 강서구 명지동,경상사고,0,0,1,0,차대차 - 기타,안전운전불이행,건조,기타,기타 - 기타,이륜,남,29세,경상,승용,남,25세,상해없음
2021021600100429,2021년 2월 16일 19시,화요일,부산광역시 사상구 모라동,경상사고,0,0,1,0,차대사람 - 기타,안전운전불이행,건조,맑음,교차로 - 교차로횡단보도내,이륜,남,43세,상해없음,보행자,남,54세,경상
2021021600100502,2021년 2월 16일 22시,화요일,부산광역시 해운대구 좌동,중상사고,0,1,0,0,차대차 - 정면충돌,안전운전불이행,건조,맑음,교차로 - 교차로안,승용,여,46세,상해없음,이륜,남,17세,중상
2021021600100503,2021년 2월 16일 22시,화요일,부산광역시 사하구 당리동,중상사고,0,1,0,0,차대차 - 기타,신호위반,건조,맑음,단일로 - 기타,이륜,남,27세,상해없음,이륜,남,40세,상해없음
2021021700100004,2021년 2월 17일 00시,수요일,부산광역시 동래구 명장동,경상사고,0,0,1,0,차대차 - 기타,신호위반,건조,맑음,교차로 - 교차로안,이륜,남,17세,기타불명,승용,남,51세,경상
2021021700100065,2021년 2월 17일 08시,수요일,부산광역시 동구 초량동,부상신고사고,0,0,0,1,차대차 - 측면충돌,교차로운행방법위반,건조,맑음,교차로 - 교차로안,이륜,남,63세,부상신고,승용,남,48세,상해없음
2021021700100066,2021년 2월 17일 08시,수요일,부산광역시 동래구 수안동,경상사고,0,0,1,0,차대차 - 기타,신호위반,건조,맑음,교차로 - 교차로안,승용,남,64세,상해없음,승용,여,34세,경상
2021021700100141,2021년 2월 17일 10시,수요일,부산광역시 해운대구 재송동,경상사고,0,0,2,0,차대차 - 측면충돌,차로위반,건조,맑음,단일로 - 기타,특수,남,61세,상해없음,승용,남,63세,경상
2021021700100142,2021년 2월 17일 10시,수요일,부산광역시 사상구 괘법동,경상사고,0,0,1,0,차대차 - 추돌,안전운전불이행,건조,맑음,교차로 - 교차로안,승용,남,70세,상해없음,승용,남,37세,경상
2021021700100193,2021년 2월 17일 12시,수요일,부산광역시 해운대구 반여동,경상사고,0,0,1,0,차대사람 - 횡단중,보행자보호의무위반,건조,맑음,교차로 - 교차로횡단보도내,화물,남,52세,상해없음,보행자,여,24세,경상
2021021700100194,2021년 2월 17일 12시,수요일,부산광역시 해운대구 우동,중상사고,0,1,0,0,차대차 - 후진중충돌,안전운전불이행,건조,맑음,교차로 - 교차로부근,승용,여,35세,중상,승용,여,58세,상해없음
2021021700100195,2021년 2월 17일 12시,수요일,부산광역시 연제구 연산동,경상사고,0,0,2,0,차대차 - 측면충돌,교차로운행방법위반,건조,맑음,교차로 - 교차로안,원동기,남,26세,경상,승용,남,61세,경상
2021021700100225,2021년 2월 17일 13시,수요일,부산광역시 남구 대연동,중상사고,0,1,0,0,차대차 - 기타,신호위반,건조,맑음,교차로 - 교차로안,이륜,남,41세,상해없음,이륜,남,35세,중상
2021021700100227,2021년 2월 17일 13시,수요일,부산광역시 사상구 주례동,중상사고,0,1,0,0,차대사람 - 횡단중,보행자보호의무위반,건조,맑음,교차로 - 교차로안,승용,남,65세,상해없음,보행자,여,19세,중상
2021021700100285,2021년 2월 17일 15시,수요일,부산광역시 금정구 부곡동,경상사고,0,0,1,0,차대사람 - 기타,안전운전불이행,건조,맑음,기타 - 기타,승용,여,49세,상해없음,보행자,여,75세,경상
2021021700100322,2021년 2월 17일 16시,수요일,부산광역시 동래구 명륜동,중상사고,0,1,0,0,차대차 - 추돌,안전운전불이행,건조,맑음,단일로 - 기타,승용,남,56세,상해없음,승합,여,52세,중상
2021021700100323,2021년 2월 17일 16시,수요일,부산광역시 부산진구 개금동,경상사고,0,0,2,0,차대차 - 측면충돌,안전운전불이행,건조,맑음,교차로 - 교차로안,승용,여,60세,상해없음,승용,남,37세,경상
2021021700100324,2021년 2월 17일 16시,수요일,부산광역시 연제구 연산동,중상사고,0,1,5,0,차대차 - 기타,신호위반,건조,맑음,교차로 - 교차로안,승용,남,39세,경상,승용,남,26세,경상
2021021700100356,2021년 2월 17일 17시,수요일,부산광역시 서구 암남동,중상사고,0,1,0,0,차대차 - 측면충돌,신호위반,건조,맑음,교차로 - 교차로안,화물,남,29세,상해없음,승용,남,35세,중상
2021021700100357,2021년 2월 17일 17시,수요일,부산광역시 동래구 안락동,경상사고,0,0,1,0,차대차 - 기타,직진우회전진행방해,건조,맑음,교차로 - 교차로안,승용,남,39세,상해없음,이륜,남,43세,경상
2021021700100358,2021년 2월 17일 17시,수요일,부산광역시 영도구 청학동,경상사고,0,0,1,0,차대차 - 기타,기타,건조,맑음,단일로 - 고가도로위,특수,남,39세,상해없음,승용,남,35세,경상
2021021700100393,2021년 2월 17일 18시,수요일,부산광역시 서구 아미동2가,중상사고,0,1,1,0,차대차 - 측면충돌,기타,건조,맑음,교차로 - 교차로안,이륜,남,73세,중상,승용,남,63세,상해없음
2021021700100394,2021년 2월 17일 18시,수요일,부산광역시 연제구 연산동,경상사고,0,0,1,0,차대차 - 측면충돌,차로위반,건조,맑음,단일로 - 기타,승용,여,39세,상해없음,승용,남,66세,경상
2021021700100395,2021년 2월 17일 18시,수요일,부산광역시 사상구 주례동,중상사고,0,1,0,0,차대차 - 측면충돌,기타,건조,맑음,단일로 - 기타,승합,남,49세,기타불명,이륜,남,58세,중상
2021021700100449,2021년 2월 17일 19시,수요일,부산광역시 동래구 수안동,중상사고,0,1,0,0,차대차 - 기타,안전운전불이행,건조,맑음,단일로 - 기타,이륜,남,64세,중상,승용,남,56세,상해없음
2021021700100450,2021년 2월 17일 19시,수요일,부산광역시 연제구 연산동,중상사고,0,1,0,0,차대차 - 기타,차로위반,건조,맑음,기타 - 기타,승용,여,38세,상해없음,이륜,남,22세,중상