사고번호,사고일시,요일,시군구,사고내용,사망자수,중상자수,경상자수,부상신고자수,사고유형,법규위반,노면상태,기상상태,도로형태,가해운전자 차종,가해운전자 성별,가해운전자 연령,가해운전자 상해정도,피해운전자 차종,피해운전자 성별,피해운전자 연령,피해운전자 상해정도
2021022600100015,2021년 2월 26일 01시,금요일,부산광역시 강서구 명지동,경상사고,0,0,1,0,차대차 - 추돌,안전운전불이행,젖음/습기,비,교차로 - 교차로부근,승용,남,29세,상해없음,승용,남,40세,경상
2021022600100024,2021년 2월 26일 03시,금요일,부산광역시 강서구 명지동,경상사고,0,0,2,0,차대차 - 기타,신호위반,젖음/습기,비,교차로 - 교차로안,승용,남,40세,상해없음,승용,남,57세,경상
2021022600100077,2021년 2월 26일 08시,금요일,부산광역시 북구 덕천동,경상사고,0,0,1,0,차대차 - 추돌,안전운전불이행,건조,맑음,단일로 - 기타,승용,남,30세,상해없음,승용,남,52세,경상
2021022600100133,2021년 2월 26일 10시,금요일,부산광역시 남구 대연동,중상사고,0,1,0,0,차대사람 - 횡단중,안전운전불이행,젖음/습기,비,교차로 - 교차로횡단보도내,화물,남,46세,상해없음,보행자,여,70세,중상
2021022600100161,2021년 2월 26일 11시,금요일,부산광역시 강서구 성북동,경상사고,0,0,4,0,차대차 - 측면충돌,안전운전불이행,건조,맑음,단일로 - 기타,승용,남,57세,상해없음,승용,남,37세,경상
2021022600100195,2021년 2월 26일 12시,금요일,부산광역시 중구 중앙동4가,중상사고,0,1,0,0,차대차 - 추돌,안전운전불이행,건조,맑음,단일로 - 기타,승용,남,32세,상해없음,이륜,남,34세,중상
2021022600100196,2021년 2월 26일 12시,금요일,부산광역시 수영구 광안동,경상사고,0,0,1,0,차대차 - 측면충돌,안전운전불이행,건조,맑음,단일로 - 기타,승용,여,33세,상해없음,이륜,남,26세,경상
2021022600100227,2021년 2월 26일 13시,금요일,부산광역시 남구 감만동,경상사고,0,0,1,0,차대차 - 측면충돌,중앙선침범,건조,흐림,기타 - 기타,승용,남,69세,상해없음,이륜,남,58세,경상
2021022600100228,2021년 2월 26일 13시,금요일,부산광역시 연제구 거제동,경상사고,0,0,1,0,차대차 - 측면충돌,교차로운행방법위반,건조,맑음,교차로 - 교차로안,승용,여,60세,상해없음,승용,남,56세,상해없음
2021022600100263,2021년 2월 26일 14시,금요일,부산광역시 기장군 기장읍,중상사고,0,1,0,0,차대차 - 측면충돌,안전운전불이행,건조,맑음,교차로 - 교차로부근,승용,남,65세,상해없음,자전거,남,58세,중상
2021022600100304,2021년 2월 26일 15시,금요일,부산광역시 동구 초량동,경상사고,0,0,1,0,차대차 - 측면충돌,안전운전불이행,건조,맑음,기타 - 기타,승용,남,68세,상해없음,승용,남,26세,경상
2021022600100305,2021년 2월 26일 15시,금요일,부산광역시 사하구 괴정동,중상사고,0,2,2,0,차대차 - 기타,기타,건조,맑음,교차로 - 교차로안,승용,남,59세,중상,승용,남,67세,경상
2021022600100342,2021년 2월 26일 16시,금요일,부산광역시 남구 대연동,경상사고,0,0,1,0,차대사람 - 횡단중,안전운전불이행,건조,맑음,교차로 - 교차로횡단보도내,화물,남,45세,상해없음,보행자,남,29세,경상
2021022600100343,2021년 2월 26일 16시,금요일,부산광역시 영도구 동삼동,경상사고,0,0,1,0,차대차 - 추돌,안전운전불이행,건조,맑음,교차로 - 교차로안,이륜,남,64세,상해없음,승용,여,47세,경상
2021022600100344,2021년 2월 26일 16시,금요일,부산광역시 해운대구 반여동,경상사고,0,0,1,0,차대차 - 측면충돌,중앙선침범,건조,맑음,교차로 - 교차로부근,승용,남,54세,상해없음,화물,남,19세,경상
2021022600100345,2021년 2월 26일 16시,금요일,부산광역시 사상구 감전동,경상사고,0,0,1,0,차대차 - 측면충돌,안전거리미확보,건조,맑음,단일로 - 기타,승용,남,54세,상해없음,승용,남,35세,경상
2021022600100382,2021년 2월 26일 17시,금요일,부산광역시 북구 금곡동,중상사고,0,1,1,0,차대차 - 측면충돌,신호위반,건조,맑음,교차로 - 교차로안,승용,여,66세,상해없음,화물,남,33세,중상
2021022600100383,2021년 2월 26일 17시,금요일,부산광역시 부산진구 부전동,경상사고,0,0,1,0,차대차 - 기타,신호위반,건조,흐림,교차로 - 교차로안,승용,여,48세,상해없음,이륜,남,63세,경상
2021022600100384,2021년 2월 26일 17시,금요일,부산광역시 사상구 주례동,중상사고,0,1,0,0,차량단독 - 기타,안전운전불이행,건조,맑음,교차로 - 교차로부근,승합,남,28세,상해없음,,,,
2021022600100417,2021년 2월 26일 18시,금요일,부산광역시 동구 초량동,경상사고,0,0,1,0,차대차 - 측면충돌,교차로운행방법위반,건조,맑음,교차로 - 교차로안,특수,남,69세,상해없음,승용,남,37세,경상
2021022600100418,2021년 2월 26일 18시,금요일,부산광역시 부산진구 전포동,중상사고,0,1,0,0,차대차 - 측면충돌,안전운전불이행,건조,맑음,단일로 - 기타,승용,남,53세,상해없음,승용,남,26세,중상
2021022600100469,2021년 2월 26일 19시,금요일,부산광역시 서구 부용동1가,부상신고사고,0,0,0,1,차대차 - 추돌,안전운전불이행,건조,맑음,교차로 - 교차로부근,승용,남,67세,상해없음,승용,남,57세,부상신고
2021022600100470,2021년 2월 26일 19시,금요일,부산광역시 수영구 민락동,경상사고,0,0,1,0,차대차 - 기타,안전거리미확보,건조,맑음,교차로 - 교차로안,승용,남,29세,기타불명,승용,남,53세,경상
2021022600100471,2021년 2월 26일 19시,금요일,부산광역시 사하구 괴정동,중상사고,0,1,0,0,차대차 - 추돌,안전거리미확보,건조,맑음,단일로 - 기타,이륜,남,16세,중상,화물,남,66세,상해없음
2021022600100523,2021년 2월 26일 20시,금요일,부산광역시 금정구 구서동,경상사고,0,0,1,0,차대차 - 기타,기타,건조,맑음,단일로 - 기타,승용,남,34세,상해없음,승용,여,26세,경상
2021022600100556,2021년 2월 26일 21시,금요일,부산광역시 수영구 민락동,경상사고,0,0,1,0,차대차 - 측면충돌,안전운전불이행,건조,맑음,교차로 - 교차로부근,승용,여,42세,상해없음,승용,남,28세,경상
2021022600100557,2021년 2월 26일 21시,금요일,부산광역시 해운대구 반여동,경상사고,0,0,2,0,차대차 - 측면충돌,안전운전불이행,건조,흐림,단일로 - 기타,승용,남,43세,기타불명,승용,남,26세,경상
2021022600100583,2021년 2월 26일 22시,금요일,부산광역시 중구 부평동2가,중상사고,0,1,0,0,차대사람 - 기타,안전운전불이행,건조,맑음,단일로 - 기타,승용,여,56세,상해없음,보행자,남,64세,중상
2021022600100584,2021년 2월 26일 22시,금요일,부산광역시 연제구 거제동,중상사고,0,1,0,0,차대차 - 기타,기타,건조,맑음,단일로 - 기타,화물,남,28세,상해없음,승용,남,28세,중상
2021022600100585,2021년 2월 26일 22시,금요일,부산광역시 사상구 괘법동,경상사고,0,0,1,0,차대차 - 추돌,안전운전불이행,건조,맑음,단일로 - 기타,승용,남,39세,상해없음,승용,남,57세,경상
2021022600100606,2021년 2월 26일 23시,금요일,부산광역시 부산진구 전포동,중상사고,0,1,0,0,차대사람 - 횡단중,안전운전불이행,건조,맑음,교차로 - 교차로안,승용,여,55세,상해없음,보행자,남,40세,중상
2021022700100049,2021년 2월 27일 07시,토요일,부산광역시 강서구 봉림동,경상사고,0,0,2,0,차대차 - 정면충돌,기타,건조,맑음,단일로 - 기타,화물,남,59세,상해없음,승용,남,74세,경상
2021022700100079,2021년 2월 27일 09시,토요일,부산광역시 부산진구 전포동,경상사고,0,0,1,0,차대차 - 기타,안전거리미확보,건조,기타,단일로 - 기타,승용,여,50세,기타불명,승용,남,27세,경상
2021022700100097,2021년 2월 27일 10시,토요일,부산광역시 영도구 청학동,경상사고,0,0,1,0,차대차 - 기타,기타,건조,맑음,교차로 - 교차로안,이륜,남,30세,경상,승용,남,71세,상해없음
2021022700100098,2021년 2월 27일 10시,토요일,부산광역시 사하구 신평동,경상사고,0,0,2,0,차대차 - 측면충돌,안전운전불이행,건조,맑음,교차로 - 교차로안,승용,남,59세,상해없음,승용,여,53세,경상
2021022700100240,2021년 2월 27일 14시,토요일,부산광역시 서구 부민동1가,경상사고,0,0,1,0,차대사람 - 길가장자리구역통행중,안전운전불이행,건조,맑음,단일로 - 교량,승용,남,62세,상해없음,보행자,여,51세,경상
2021022700100241,2021년 2월 27일 14시,토요일,부산광역시 북구 화명동,경상사고,0,0,2,0,차대차 - 추돌,안전거리미확보,건조,맑음,단일로 - 고가도로위,건설기계,남,29세,상해없음,승용,남,67세,경상
2021022700100242,2021년 2월 27일 14시,토요일,부산광역시 동래구 명륜동,경상사고,0,0,2,0,차대차 - 기타,안전거리미확보,건조,맑음,단일로 - 기타,승용,남,66세,경상,승용,남,24세,경상
2021022700100244,2021년 2월 27일 14시,토요일,부산광역시 금정구 부곡동,중상사고,0,1,0,0,차대사람 - 횡단중,보행자보호의무위반,건조,맑음,단일로 - 기타,승용,여,50세,상해없음,보행자,여,84세,중상
2021022700100284,2021년 2월 27일 15시,토요일,부산광역시 기장군 일광면,경상사고,0,0,2,0,차대차 - 추돌,안전운전불이행,건조,맑음,단일로 - 기타,승용,남,53세,상해없음,승용,남,31세,경상
2021022700100316,2021년 2월 27일 16시,토요일,부산광역시 사하구 하단동,중상사고,0,1,1,0,차대차 - 기타,안전운전불이행,건조,맑음,교차로 - 교차로안,승합,여,72세,상해없음,승용,남,66세,경상
2021022700100348,2021년 2월 27일 17시,토요일,부산광역시 동구 초량동,중상사고,0,1,0,0,차대차 - 추돌,안전운전불이행,건조,맑음,단일로 - 기타,승용,남,58세,상해없음,승용,남,66세,상해없음
2021022700100385,2021년 2월 27일 18시,토요일,부산광역시 해운대구 좌동,경상사고,0,0,2,0,차대차 - 측면충돌,안전운전불이행,건조,맑음,단일로 - 기타,승용,남,52세,경상,승용,남,27세,경상
2021022700100386,2021년 2월 27일 18시,토요일,부산광역시 강서구 명지동,경상사고,0,0,1,0,차대차 - 측면충돌,안전운전불이행,건조,맑음,단일로 - 기타,화물,남,38세,상해없음,승용,남,29세,경상
2021022700100419,2021년 2월 27일 19시,토요일,부산광역시 해운대구 우동,경상사고,0,0,2,0,차대차 - 기타,신호위반,건조,맑음,교차로 - 교차로안,승용,남,55세,상해없음,승용,남,60세,경상
2021022700100420,2021년 2월 27일 19시,토요일,부산광역시 부산진구 개금동,경상사고,0,0,2,0,차대차 - 기타,안전운전불이행,건조,맑음,단일로 - 기타,화물,남,47세,상해없음,이륜,남,36세,경상
2021022700100463,2021년 2월 27일 20시,토요일,부산광역시 금정구 남산동,경상사고,0,0,2,0,차대차 - 정면충돌,안전운전불이행,건조,맑음,교차로 - 교차로안,승용,남,48세,경상,이륜,남,31세,경상
2021022700100464,2021년 2월 27일 20시,토요일,부산광역시 사하구 감천동,사망사고,1,0,0,0,차대사람 - 기타,안전운전불이행,건조,맑음,단일로 - 기타,승용,남,64세,상해없음,보행자,여,63세,사망
2021022700100491,2021년 2월 27일 21시,토요일,부산광역시 동래구 온천동,사망사고,1,0,0,0,차량단독 - 전도전복 - 전도,안전운전불이행,건조,맑음,단일로 - 기타,이륜,남,29세,사망,,,,
2021022700100519,2021년 2월 27일 22시,토요일,부산광역시 해운대구 중동,경상사고,0,0,1,0,차대차 - 기타,안전운전불이행,건조,맑음,단일로 - 기타,승용,남,48세,상해없음,이륜,남,50세,경상
2021022700100538,2021년 2월 27일 23시,토요일,부산광역시 부산진구 개금동,중상사고,0,1,0,0,차대차 - 측면충돌,안전거리미확보,건조,맑음,단일로 - 기타,승용,남,32세,상해없음,이륜,남,17세,중상
2021022800100005,2021년 2월 28일 00시,일요일,부산광역시 동구 범일동,경상사고,0,0,1,0,차대사람 - 차도통행중,안전운전불이행,건조,맑음,단일로 - 기타,승용,남,59세,상해없음,보행자,남,51세,경상
2021022800100014,2021년 2월 28일 01시,일요일,부산광역시 남구 문현동,중상사고,0,1,0,0,차대사람 - 횡단중,안전운전불이행,건조,맑음,단일로 - 기타,기타불명,기타불명,미분류,기타불명,보행자,남,41세,중상
2021022800100015,2021년 2월 28일 01시,일요일,부산광역시 사하구 하단동,중상사고,0,1,0,0,차대사람 - 기타,안전운전불이행,건조,맑음,단일로 - 기타,승용,남,65세,상해없음,보행자,여,77세,중상
2021022800100035,2021년 2월 28일 04시,일요일,부산광역시 사하구 장림동,중상사고,0,1,0,0,차대사람 - 횡단중,신호위반,건조,맑음,교차로 - 교차로안,승합,남,39세,상해없음,보행자,남,63세,중상
2021022800100073,2021년 2월 28일 10시,일요일,부산광역시 사상구 괘법동,경상사고,0,0,1,0,차대차 - 측면충돌,신호위반,건조,맑음,단일로 - 기타,승용,남,58세,상해없음,화물,남,53세,경상
2021022800100088,2021년 2월 28일 11시,일요일,부산광역시 사하구 감천동,경상사고,0,0,1,0,차대사람 - 기타,안전운전불이행,건조,맑음,단일로 - 기타,승용,여,30세,상해없음,보행자,여,26세,경상
2021022800100116,2021년 2월 28일 12시,일요일,부산광역시 기장군 일광면,경상사고,0,0,1,0,차대차 - 측면충돌,중앙선침범,건조,맑음,단일로 - 기타,승용,남,61세,상해없음,이륜,남,27세,경상
2021022800100138,2021년 2월 28일 13시,일요일,부산광역시 연제구 거제동,경상사고,0,0,2,0,차대차 - 측면충돌,안전운전불이행,건조,맑음,교차로 - 교차로안,승용,여,42세,기타불명,승용,여,46세,경상
2021022800100171,2021년 2월 28일 14시,일요일,부산광역시 북구 만덕동,경상사고,0,0,2,0,차대차 - 측면충돌,신호위반,건조,맑음,단일로 - 기타,승용,남,68세,상해없음,승용,남,44세,경상
2021022800100172,2021년 2월 28일 14시,일요일,부산광역시 영도구 청학동,중상사고,0,1,0,0,차량단독 - 기타,안전운전불이행,건조,맑음,단일로 - 기타,승합,남,47세,상해없음,,,,
2021022800100173,2021년 2월 28일 14시,일요일,부산광역시 기장군 일광면,경상사고,0,0,1,0,차대차 - 측면충돌,중앙선침범,건조,맑음,단일로 - 기타,승용,남,45세,상해없음,자전거,남,51세,경상
2021022800100199,2021년 2월 28일 15시,일요일,부산광역시 영도구 남항동3가,중상사고,0,1,0,0,차대차 - 기타,중앙선침범,건조,맑음,단일로 - 기타,승용,남,41세,상해없음,이륜,남,59세,중상
2021022800100200,2021년 2월 28일 15시,일요일,부산광역시 부산진구 범천동,경상사고,0,0,2,0,차대차 - 측면충돌,안전운전불이행,건조,맑음,단일로 - 기타,승용,남,59세,상해없음,승용,남,40세,경상
2021022800100225,2021년 2월 28일 16시,일요일,부산광역시 중구 중앙동4가,경상사고,0,0,1,0,차대차 - 측면충돌,교차로운행방법위반,건조,맑음,교차로 - 교차로안,승용,남,27세,상해없음,승용,남,27세,경상
2021022800100226,2021년 2월 28일 16시,일요일,부산광역시 해운대구 좌동,경상사고,0,0,1,0,차대차 - 측면충돌,안전거리미확보,건조,맑음,단일로 - 기타,승용,남,41세,상해없음,승용,여,50세,경상
2021022800100227,2021년 2월 28일 16시,일요일,부산광역시 금정구 구서동,경상사고,0,0,1,0,차대차 - 기타,기타,건조,맑음,단일로 - 기타,승용,남,34세,상해없음,이륜,남,56세,경상
2021022800100268,2021년 2월 28일 18시,일요일,부산광역시 사하구 괴정동,경상사고,0,0,1,0,차대차 - 기타,중앙선침범,건조,맑음,단일로 - 기타,이륜,기타불명,미분류,기타불명,이륜,남,24세,경상
2021022800100346,2021년 2월 28일 21시,일요일,부산광역시 사하구 감천동,경상사고,0,0,1,0,차대차 - 기타,안전운전불이행,건조,맑음,단일로 - 지하차도(도로)내,이륜,여,21세,상해없음,이륜,남,23세,경상
2021022800100361,2021년 2월 28일 22시,일요일,부산광역시 해운대구 좌동,중상사고,0,1,1,0,차대차 - 측면충돌,안전운전불이행,건조,맑음,단일로 - 기타,승용,남,30세,기타불명,승용,남,44세,중상
2021022800100385,2021년 2월 28일 23시,일요일,부산광역시 남구 용당동,경상사고,0,0,2,0,차대차 - 기타,교차로운행방법위반,건조,맑음,교차로 - 교차로안,이륜,남,41세,경상,승용,남,36세,경상
2021022800100386,2021년 2월 28일 23시,일요일,부산광역시 동래구 명륜동,사망사고,1,0,0,0,차대차 - 측면충돌,안전운전불이행,건조,맑음,교차로 - 교차로안,승용,남,37세,상해없음,이륜,남,33세,사망
2021030100100007,2021년 3월 1일 01시,월요일,부산광역시 부산진구 초읍동,부상신고사고,0,0,0,1,차대차 - 측면충돌,신호위반,건조,맑음,교차로 - 교차로안,이륜,남,18세,부상신고,승용,남,63세,상해없음
2021030100100021,2021년 3월 1일 03시,월요일,부산광역시 연제구 거제동,부상신고사고,0,0,0,1,차대차 - 기타,신호위반,건조,맑음,단일로 - 기타,승용,남,60세,상해없음,이륜,남,21세,부상신고
2021030100100036,2021년 3월 1일 06시,월요일,부산광역시 사상구 엄궁동,중상사고,0,1,0,0,차대사람 - 기타,안전운전불이행,건조,맑음,기타 - 기타,화물,남,65세,상해없음,보행자,남,38세,중상
2021030100100043,2021년 3월 1일 07시,월요일,부산광역시 해운대구 좌동,경상사고,0,0,1,0,차대차 - 측면충돌,신호위반,건조,맑음,교차로 - 교차로안,승용,여,57세,상해없음,승합,남,53세,경상
2021030100100060,2021년 3월 1일 10시,월요일,부산광역시 연제구 거제동,경상사고,0,0,2,0,차대차 - 기타,차로위반,건조,맑음,단일로 - 기타,승용,남,61세,상해없음,승용,남,23세,경상
2021030100100110,2021년 3월 1일 13시,월요일,부산광역시 남구 우암동,경상사고,0,0,1,0,차대차 - 기타,안전운전불이행,젖음/습기,맑음,교차로 - 교차로안,기타불명,기타불명,미분류,기타불명,이륜,남,23세,경상
2021030100100111,2021년 3월 1일 13시,월요일,부산광역시 수영구 광안동,경상사고,0,0,1,0,차대차 - 측면충돌,안전운전불이행,건조,맑음,교차로 - 교차로안,승용,여,44세,상해없음,이륜,남,28세,경상
2021030100100134,2021년 3월 1일 14시,월요일,부산광역시 해운대구 우동,경상사고,0,0,1,1,차대차 - 측면충돌,직진우회전진행방해,젖음/습기,비,교차로 - 교차로안,승용,남,23세,상해없음,승용,남,67세,부상신고
2021030100100135,2021년 3월 1일 14시,월요일,부산광역시 금정구 장전동,경상사고,0,0,1,0,차대사람 - 기타,안전운전불이행,젖음/습기,비,교차로 - 교차로부근,이륜,남,14세,상해없음,보행자,남,17세,경상
2021030100100136,2021년 3월 1일 14시,월요일,부산광역시 기장군 기장읍,경상사고,0,0,1,0,차대차 - 측면충돌,안전운전불이행,젖음/습기,비,단일로 - 기타,승용,여,41세,상해없음,승용,여,66세,경상
2021030100100156,2021년 3월 1일 15시,월요일,부산광역시 해운대구 우동,경상사고,0,0,1,0,차대차 - 정면충돌,안전거리미확보,젖음/습기,비,단일로 - 기타,승용,남,54세,기타불명,승용,여,32세,경상
2021030100100229,2021년 3월 1일 17시,월요일,부산광역시 부산진구 연지동,중상사고,0,1,0,0,차대차 - 추돌,안전운전불이행,젖음/습기,비,교차로 - 교차로부근,승용,여,28세,상해없음,승용,남,46세,중상
2021030100100230,2021년 3월 1일 17시,월요일,부산광역시 부산진구 가야동,중상사고,0,1,0,0,차대사람 - 기타,안전운전불이행,젖음/습기,비,교차로 - 교차로부근,승용,남,50세,상해없음,보행자,남,79세,중상
2021030100100259,2021년 3월 1일 18시,월요일,부산광역시 남구 대연동,경상사고,0,0,2,0,차대차 - 추돌,안전거리미확보,젖음/습기,비,교차로 - 교차로부근,승용,남,65세,상해없음,승용,남,29세,경상
2021030100100260,2021년 3월 1일 18시,월요일,부산광역시 남구 대연동,중상사고,0,1,1,0,차대차 - 추돌,안전운전불이행,젖음/습기,비,교차로 - 교차로안,승용,여,23세,상해없음,승용,남,27세,중상
2021030100100261,2021년 3월 1일 18시,월요일,부산광역시 북구 화명동,중상사고,0,1,0,0,차대차 - 측면충돌,중앙선침범,건조,맑음,단일로 - 기타,승용,남,36세,상해없음,이륜,여,55세,중상
2021030100100262,2021년 3월 1일 18시,월요일,부산광역시 동래구 명장동,경상사고,0,0,1,0,차대사람 - 기타,안전운전불이행,젖음/습기,비,단일로 - 기타,승합,남,69세,상해없음,보행자,남,66세,경상
2021030100100263,2021년 3월 1일 18시,월요일,부산광역시 동래구 온천동,경상사고,0,0,2,0,차대차 - 정면충돌,중앙선침범,젖음/습기,비,교차로 - 교차로안,승용,남,62세,상해없음,승용,남,63세,경상
2021030100100264,2021년 3월 1일 18시,월요일,부산광역시 해운대구 우동,경상사고,0,0,1,0,차대사람 - 횡단중,신호위반,건조,맑음,교차로 - 교차로횡단보도내,이륜,남,46세,상해없음,보행자,남,43세,경상
2021030100100265,2021년 3월 1일 18시,월요일,부산광역시 해운대구 반여동,경상사고,0,0,2,0,차대차 - 측면충돌,안전거리미확보,젖음/습기,비,교차로 - 교차로부근,승용,여,74세,상해없음,승용,남,39세,경상
2021030100100266,2021년 3월 1일 18시,월요일,부산광역시 사상구 학장동,중상사고,0,1,0,0,차대사람 - 기타,신호위반,젖음/습기,비,단일로 - 기타,이륜,남,33세,기타불명,보행자,여,72세,중상
2021030100100318,2021년 3월 1일 19시,월요일,부산광역시 금정구 부곡동,부상신고사고,0,0,0,1,차대차 - 기타,안전운전불이행,젖음/습기,비,기타 - 기타,기타불명,기타불명,미분류,기타불명,이륜,남,41세,부상신고
2021030100100319,2021년 3월 1일 19시,월요일,부산광역시 강서구 명지동,경상사고,0,0,1,0,차대차 - 기타,기타,젖음/습기,비,교차로 - 교차로안,승용,남,43세,상해없음,승용,남,54세,상해없음
2021030100100362,2021년 3월 1일 20시,월요일,부산광역시 서구 충무동3가,경상사고,0,0,1,0,차대차 - 측면충돌,안전운전불이행,젖음/습기,비,단일로 - 기타,승용,남,34세,상해없음,승용,남,68세,경상
2021030100100363,2021년 3월 1일 20시,월요일,부산광역시 해운대구 좌동,경상사고,0,0,1,0,차대차 - 측면충돌,신호위반,젖음/습기,비,교차로 - 교차로안,승용,남,32세,상해없음,승용,여,50세,경상
2021030100100364,2021년 3월 1일 20시,월요일,부산광역시 해운대구 우동,경상사고,0,0,2,0,차대차 - 측면충돌,교차로운행방법위반,젖음/습기,비,교차로 - 교차로부근,승용,남,52세,경상,승용,남,30세,경상
2021030100100391,2021년 3월 1일 21시,월요일,부산광역시 수영구 광안동,중상사고,0,1,0,0,차대사람 - 기타,안전운전불이행,젖음/습기,비,교차로 - 교차로부근,기타불명,기타불명,미분류,기타불명,보행자,남,50세,중상
2021030100100424,2021년 3월 1일 22시,월요일,부산광역시 남구 대연동,경상사고,0,0,1,0,차대차 - 측면충돌,기타,젖음/습기,비,교차로 - 교차로안,이륜,남,26세,경상,승용,남,49세,상해없음
2021030100100426,2021년 3월 1일 22시,월요일,부산광역시 강서구 송정동,경상사고,0,0,3,0,차대차 - 기타,안전거리미확보,젖음/습기,비,단일로 - 기타,특수,남,44세,기타불명,승용,남,56세,경상
2021030100100427,2021년 3월 1일 22시,월요일,부산광역시 기장군 장안읍,중상사고,0,2,2,0,차대차 - 기타,신호위반,젖음/습기,비,교차로 - 교차로안,승용,여,66세,상해없음,승용,남,41세,경상
2021030100100449,2021년 3월 1일 23시,월요일,부산광역시 동래구 칠산동,중상사고,0,1,0,0,차대사람 - 횡단중,안전운전불이행,젖음/습기,비,단일로 - 기타,승용,남,50세,상해없음,보행자,남,64세,중상
2021030200100012,2021년 3월 2일 01시,화요일,부산광역시 연제구 연산동,중상사고,0,1,0,0,차대사람 - 횡단중,안전운전불이행,젖음/습기,비,단일로 - 기타,승용,남,34세,상해없음,보행자,여,72세,중상
2021030200100029,2021년 3월 2일 06시,화요일,부산광역시 부산진구 부전동,부상신고사고,0,0,0,1,차대사람 - 기타,안전운전불이행,건조,맑음,단일로 - 기타,원동기,남,26세,부상신고,보행자,남,62세,상해없음
2021030200100030,2021년 3월 2일 06시,화요일,부산광역시 부산진구 당감동,경상사고,0,0,1,1,차대차 - 추돌,안전거리미확보,건조,맑음,단일로 - 기타,승용,남,49세,부상신고,특수,남,50세,상해없음
2021030200100047,2021년 3월 2일 07시,화요일,부산광역시 남구 대연동,부상신고사고,0,0,0,2,차량단독 - 도로외이탈 - 기타,안전운전불이행,젖음/습기,비,교차로 - 교차로안,승용,여,47세,부상신고,,,,
2021030200100065,2021년 3월 2일 08시,화요일,부산광역시 사상구 덕포동,경상사고,0,0,1,0,차대차 - 측면충돌,불법유턴,건조,맑음,단일로 - 기타,원동기,남,74세,경상,승용,남,63세,상해없음
2021030200100124,2021년 3월 2일 10시,화요일,부산광역시 강서구 송정동,경상사고,0,0,1,0,차대차 - 정면충돌,중앙선침범,건조,맑음,단일로 - 기타,화물,남,51세,상해없음,승용,여,49세,경상
2021030200100153,2021년 3월 2일 11시,화요일,부산광역시 사하구 하단동,경상사고,0,0,2,0,차대차 - 추돌,안전운전불이행,건조,맑음,교차로 - 교차로부근,승합,남,85세,상해없음,승용,남,46세,경상
2021030200100154,2021년 3월 2일 11시,화요일,부산광역시 사상구 모라동,경상사고,0,0,1,0,차대차 - 측면충돌,차로위반,건조,맑음,단일로 - 기타,승용,여,65세,경상,화물,남,37세,상해없음
2021030200100235,2021년 3월 2일 14시,화요일,부산광역시 남구 문현동,중상사고,0,1,0,0,차대사람 - 보도통행중,안전운전불이행,건조,맑음,교차로 - 교차로안,화물,남,44세,상해없음,보행자,여,59세,중상
2021030200100236,2021년 3월 2일 14시,화요일,부산광역시 수영구 수영동,중상사고,0,1,0,0,차대사람 - 보도통행중,안전운전불이행,건조,맑음,단일로 - 기타,화물,남,42세,상해없음,보행자,남,10세,중상
2021030200100237,2021년 3월 2일 14시,화요일,부산광역시 기장군 철마면,중상사고,0,1,2,0,차대차 - 추돌,안전거리미확보,건조,맑음,단일로 - 기타,화물,남,70세,상해없음,승용,여,48세,경상
2021030200100300,2021년 3월 2일 16시,화요일,부산광역시 북구 화명동,경상사고,0,0,1,0,차대차 - 추돌,안전운전불이행,건조,맑음,단일로 - 기타,화물,남,53세,상해없음,승용,여,42세,경상
2021030200100339,2021년 3월 2일 17시,화요일,부산광역시 북구 덕천동,중상사고,0,2,0,0,차대차 - 추돌,안전운전불이행,건조,맑음,단일로 - 기타,승용,남,59세,상해없음,승용,남,72세,중상
2021030200100340,2021년 3월 2일 17시,화요일,부산광역시 강서구 성북동,경상사고,0,0,1,0,차대차 - 측면충돌,안전운전불이행,건조,맑음,교차로 - 교차로부근,특수,남,27세,상해없음,특수,남,72세,경상
2021030200100379,2021년 3월 2일 18시,화요일,부산광역시 동구 좌천동,중상사고,0,1,0,0,차대차 - 기타,신호위반,건조,맑음,교차로 - 교차로부근,승용,남,51세,상해없음,이륜,남,43세,중상
2021030200100380,2021년 3월 2일 18시,화요일,부산광역시 강서구 천성동,경상사고,0,0,1,0,차대차 - 측면충돌,안전거리미확보,건조,맑음,단일로 - 기타,승용,남,41세,상해없음,승용,남,29세,경상
2021030200100421,2021년 3월 2일 19시,화요일,부산광역시 동래구 낙민동,경상사고,0,0,2,0,차대차 - 기타,신호위반,건조,맑음,교차로 - 교차로안,승용,여,52세,상해없음,승용,남,28세,경상
2021030200100422,2021년 3월 2일 19시,화요일,부산광역시 사하구 장림동,경상사고,0,0,2,2,차대차 - 기타,신호위반,건조,맑음,교차로 - 교차로부근,승용,남,53세,상해없음,승용,남,37세,경상
2021030200100423,2021년 3월 2일 19시,화요일,부산광역시 수영구 망미동,부상신고사고,0,0,0,1,차대차 - 기타,안전운전불이행,건조,맑음,단일로 - 기타,이륜,남,36세,부상신고,승용,여,40세,상해없음
2021030200100424,2021년 3월 2일 19시,화요일,부산광역시 사상구 엄궁동,중상사고,0,1,0,0,차대사람 - 기타,안전운전불이행,건조,맑음,교차로 - 교차로안,승용,남,29세,상해없음,보행자,남,29세,중상
2021030200100455,2021년 3월 2일 20시,화요일,부산광역시 사상구 학장동,중상사고,0,1,1,0,차대차 - 측면충돌,안전운전불이행,건조,맑음,교차로 - 교차로안,승용,남,26세,경상,승용,남,47세,중상