사고번호,사고일시,요일,시군구,사고내용,사망자수,중상자수,경상자수,부상신고자수,사고유형,법규위반,노면상태,기상상태,도로형태,가해운전자 차종,가해운전자 성별,가해운전자 연령,가해운전자 상해정도,피해운전자 차종,피해운전자 성별,피해운전자 연령,피해운전자 상해정도
2021030600100387,2021년 3월 6일 19시,토요일,부산광역시 강서구 대저1동,경상사고,0,0,2,0,차대차 - 측면충돌,안전거리미확보,건조,맑음,단일로 - 기타,승용,남,51세,상해없음,화물,남,66세,경상
2021030600100432,2021년 3월 6일 21시,토요일,부산광역시 동구 범일동,중상사고,0,1,1,0,차대차 - 측면충돌,교차로운행방법위반,건조,맑음,교차로 - 교차로안,승용,여,59세,중상,화물,남,47세,경상
2021030600100433,2021년 3월 6일 21시,토요일,부산광역시 북구 덕천동,경상사고,0,0,2,0,차대차 - 기타,신호위반,건조,맑음,교차로 - 교차로안,승용,남,22세,상해없음,승용,남,64세,경상
2021030600100434,2021년 3월 6일 21시,토요일,부산광역시 부산진구 부전동,중상사고,0,1,0,0,차대사람 - 횡단중,신호위반,건조,기타,교차로 - 교차로횡단보도내,승용,남,58세,상해없음,보행자,여,47세,중상
2021030600100461,2021년 3월 6일 22시,토요일,부산광역시 기장군 기장읍,중상사고,0,1,0,0,차대차 - 기타,교차로운행방법위반,건조,맑음,교차로 - 교차로안,화물,남,66세,상해없음,이륜,남,39세,중상
2021030700100004,2021년 3월 7일 00시,일요일,부산광역시 부산진구 가야동,경상사고,0,0,5,0,차대차 - 측면충돌,신호위반,건조,맑음,교차로 - 교차로안,승용,남,69세,상해없음,승용,남,39세,경상
2021030700100011,2021년 3월 7일 01시,일요일,부산광역시 부산진구 부전동,경상사고,0,0,1,0,차대사람 - 기타,안전운전불이행,건조,맑음,단일로 - 기타,승용,남,28세,상해없음,보행자,남,30세,경상
2021030700100025,2021년 3월 7일 04시,일요일,부산광역시 부산진구 부전동,중상사고,0,1,1,0,차대차 - 추돌,기타,건조,맑음,교차로 - 교차로안,승용,남,64세,상해없음,승용,남,63세,중상
2021030700100026,2021년 3월 7일 04시,일요일,부산광역시 부산진구 범천동,경상사고,0,0,2,0,차대차 - 추돌,안전운전불이행,건조,맑음,단일로 - 기타,승용,남,33세,상해없음,승용,기타불명,미분류,기타불명
2021030700100031,2021년 3월 7일 05시,일요일,부산광역시 서구 동대신동3가,경상사고,0,0,1,0,차대차 - 추돌,안전운전불이행,건조,맑음,교차로 - 교차로부근,승용,남,38세,상해없음,승용,남,72세,상해없음
2021030700100042,2021년 3월 7일 08시,일요일,부산광역시 북구 구포동,중상사고,0,1,3,0,차대차 - 측면충돌,차로위반,건조,맑음,단일로 - 기타,이륜,남,23세,중상,승용,남,37세,경상
2021030700100043,2021년 3월 7일 08시,일요일,부산광역시 동래구 칠산동,경상사고,0,0,1,0,차대사람 - 차도통행중,불법유턴,건조,맑음,교차로 - 교차로부근,화물,남,64세,상해없음,보행자,여,62세,경상
2021030700100049,2021년 3월 7일 09시,일요일,부산광역시 부산진구 가야동,경상사고,0,0,2,0,차대차 - 측면충돌,신호위반,건조,기타,교차로 - 교차로안,승용,여,38세,기타불명,승용,여,46세,경상
2021030700100069,2021년 3월 7일 11시,일요일,부산광역시 북구 만덕동,경상사고,0,0,1,0,차대차 - 기타,안전운전불이행,건조,맑음,단일로 - 기타,승용,여,49세,상해없음,승용,남,36세,경상
2021030700100070,2021년 3월 7일 11시,일요일,부산광역시 수영구 망미동,중상사고,0,1,0,0,차대차 - 기타,안전운전불이행,건조,맑음,교차로 - 교차로안,승용,남,46세,상해없음,이륜,남,52세,중상
2021030700100071,2021년 3월 7일 11시,일요일,부산광역시 강서구 신호동,경상사고,0,0,2,0,차대차 - 측면충돌,신호위반,건조,맑음,교차로 - 교차로안,화물,남,39세,상해없음,승용,여,47세,경상
2021030700100094,2021년 3월 7일 12시,일요일,부산광역시 사하구 감천동,경상사고,0,0,1,0,차대차 - 기타,중앙선침범,건조,맑음,단일로 - 기타,승용,남,53세,상해없음,이륜,남,53세,경상
2021030700100095,2021년 3월 7일 12시,일요일,부산광역시 기장군 일광면,경상사고,0,0,1,0,차대차 - 기타,차로위반,건조,맑음,교차로 - 교차로안,승용,남,75세,상해없음,이륜,남,35세,경상
2021030700100096,2021년 3월 7일 12시,일요일,부산광역시 기장군 기장읍,경상사고,0,0,5,0,차대차 - 기타,안전운전불이행,건조,맑음,교차로 - 교차로안,승용,여,31세,경상,승용,남,32세,경상
2021030700100119,2021년 3월 7일 13시,일요일,부산광역시 동구 범일동,경상사고,0,0,1,0,차대차 - 추돌,안전거리미확보,건조,맑음,교차로 - 교차로부근,승용,남,38세,상해없음,승용,여,35세,경상
2021030700100120,2021년 3월 7일 13시,일요일,부산광역시 남구 대연동,경상사고,0,0,1,0,차대차 - 기타,안전운전불이행,건조,맑음,단일로 - 기타,승용,여,51세,상해없음,승용,남,32세,경상
2021030700100147,2021년 3월 7일 14시,일요일,부산광역시 연제구 연산동,경상사고,0,0,1,0,차대사람 - 기타,불법유턴,건조,맑음,주차장 - 주차장,승용,남,51세,상해없음,보행자,여,22세,경상
2021030700100148,2021년 3월 7일 14시,일요일,부산광역시 연제구 연산동,경상사고,0,0,1,0,차대차 - 기타,교차로운행방법위반,건조,맑음,교차로 - 교차로안,승용,남,48세,상해없음,이륜,남,31세,경상
2021030700100149,2021년 3월 7일 14시,일요일,부산광역시 연제구 거제동,부상신고사고,0,0,0,1,차대차 - 측면충돌,안전거리미확보,건조,맑음,단일로 - 기타,승용,남,38세,상해없음,승용,남,51세,부상신고
2021030700100180,2021년 3월 7일 15시,일요일,부산광역시 강서구 녹산동,경상사고,0,0,2,0,차대차 - 측면충돌,안전운전불이행,건조,맑음,교차로 - 교차로부근,특수,남,20세,상해없음,승용,남,32세,경상
2021030700100209,2021년 3월 7일 16시,일요일,부산광역시 수영구 광안동,경상사고,0,0,1,0,차대차 - 기타,안전운전불이행,건조,맑음,교차로 - 교차로안,승용,여,70세,상해없음,이륜,남,33세,경상
2021030700100210,2021년 3월 7일 16시,일요일,부산광역시 금정구 장전동,경상사고,0,0,2,0,차대차 - 추돌,안전거리미확보,건조,맑음,단일로 - 기타,승용,남,50세,상해없음,승용,남,58세,경상
2021030700100211,2021년 3월 7일 16시,일요일,부산광역시 연제구 연산동,경상사고,0,0,1,0,차대차 - 추돌,안전운전불이행,건조,맑음,교차로 - 교차로부근,승용,남,42세,상해없음,승용,남,67세,상해없음
2021030700100240,2021년 3월 7일 17시,일요일,부산광역시 기장군 기장읍,경상사고,0,0,1,0,차대차 - 기타,안전운전불이행,건조,맑음,교차로 - 교차로안,승용,남,50세,상해없음,이륜,남,21세,경상
2021030700100292,2021년 3월 7일 19시,일요일,부산광역시 북구 구포동,경상사고,0,0,1,0,차대차 - 후진중충돌,안전운전불이행,건조,맑음,단일로 - 기타,승용,남,63세,상해없음,승용,남,74세,상해없음
2021030700100293,2021년 3월 7일 19시,일요일,부산광역시 영도구 영선동4가,경상사고,0,0,2,0,차대차 - 측면충돌,직진우회전진행방해,건조,맑음,교차로 - 교차로안,승합,남,59세,상해없음,이륜,남,29세,경상
2021030700100294,2021년 3월 7일 19시,일요일,부산광역시 사하구 다대동,경상사고,0,0,1,0,차대차 - 추돌,안전운전불이행,건조,맑음,교차로 - 교차로부근,화물,남,61세,상해없음,승합,남,50세,경상
2021030700100295,2021년 3월 7일 19시,일요일,부산광역시 사하구 하단동,경상사고,0,0,1,0,차대차 - 기타,신호위반,건조,기타,교차로 - 교차로부근,승용,남,64세,상해없음,이륜,남,29세,경상
2021030700100363,2021년 3월 7일 22시,일요일,부산광역시 부산진구 양정동,경상사고,0,0,1,0,차대차 - 측면충돌,안전거리미확보,건조,맑음,교차로 - 교차로부근,승합,남,46세,상해없음,승용,남,67세,경상
2021030700100364,2021년 3월 7일 22시,일요일,부산광역시 금정구 장전동,사망사고,1,0,1,0,차대차 - 측면충돌,신호위반,건조,맑음,교차로 - 교차로안,이륜,남,52세,사망,승용,남,59세,경상
2021030800100001,2021년 3월 8일 00시,월요일,부산광역시 부산진구 가야동,경상사고,0,0,1,0,차대차 - 정면충돌,안전운전불이행,건조,맑음,단일로 - 기타,승용,남,39세,상해없음,이륜,남,16세,경상
2021030800100027,2021년 3월 8일 06시,월요일,부산광역시 금정구 두구동,경상사고,0,0,1,0,차대사람 - 횡단중,안전운전불이행,젖음/습기,흐림,교차로 - 교차로부근,승용,남,37세,상해없음,보행자,남,75세,경상
2021030800100044,2021년 3월 8일 07시,월요일,부산광역시 북구 덕천동,경상사고,0,0,1,0,차대차 - 기타,안전거리미확보,건조,맑음,단일로 - 기타,승용,남,65세,상해없음,승합,남,39세,상해없음
2021030800100045,2021년 3월 8일 07시,월요일,부산광역시 동래구 사직동,경상사고,0,0,1,0,차대사람 - 기타,안전운전불이행,건조,맑음,교차로 - 교차로안,승용,여,48세,상해없음,보행자,여,81세,경상
2021030800100075,2021년 3월 8일 08시,월요일,부산광역시 남구 우암동,경상사고,0,0,1,0,차대차 - 측면충돌,안전운전불이행,건조,맑음,교차로 - 교차로안,승용,남,74세,상해없음,승용,남,59세,상해없음
2021030800100076,2021년 3월 8일 08시,월요일,부산광역시 남구 우암동,경상사고,0,0,1,0,차대차 - 추돌,안전운전불이행,건조,맑음,단일로 - 기타,승용,여,30세,상해없음,승용,여,37세,경상
2021030800100077,2021년 3월 8일 08시,월요일,부산광역시 동래구 안락동,경상사고,0,0,1,0,차대차 - 측면충돌,안전운전불이행,건조,맑음,단일로 - 기타,승용,남,26세,상해없음,승용,남,55세,경상
2021030800100078,2021년 3월 8일 08시,월요일,부산광역시 해운대구 우동,중상사고,0,1,0,0,차대사람 - 횡단중,안전운전불이행,건조,맑음,단일로 - 기타,승용,여,47세,상해없음,보행자,여,16세,중상
2021030800100140,2021년 3월 8일 09시,월요일,부산광역시 중구 대창동1가,경상사고,0,0,2,0,차대차 - 측면충돌,안전거리미확보,건조,맑음,단일로 - 기타,승용,여,38세,상해없음,승용,남,78세,경상
2021030800100141,2021년 3월 8일 09시,월요일,부산광역시 해운대구 좌동,부상신고사고,0,0,0,2,차대차 - 측면충돌,교차로운행방법위반,건조,맑음,교차로 - 교차로부근,건설기계,남,68세,상해없음,승용,남,50세,부상신고
2021030800100170,2021년 3월 8일 10시,월요일,부산광역시 연제구 거제동,경상사고,0,0,1,0,차대사람 - 횡단중,안전운전불이행,건조,맑음,교차로 - 교차로안,승용,남,36세,상해없음,보행자,남,48세,경상
2021030800100194,2021년 3월 8일 11시,월요일,부산광역시 북구 구포동,경상사고,0,0,1,0,차대사람 - 횡단중,신호위반,건조,맑음,교차로 - 교차로횡단보도내,이륜,남,25세,상해없음,보행자,남,74세,경상
2021030800100195,2021년 3월 8일 11시,월요일,부산광역시 부산진구 전포동,경상사고,0,0,2,0,차대차 - 후진중충돌,안전운전불이행,건조,맑음,교차로 - 교차로부근,승용,남,60세,상해없음,승용,남,39세,경상
2021030800100218,2021년 3월 8일 12시,월요일,부산광역시 남구 우암동,경상사고,0,0,1,0,차대차 - 기타,안전운전불이행,건조,맑음,교차로 - 교차로부근,특수,남,65세,상해없음,승용,남,48세,경상
2021030800100219,2021년 3월 8일 12시,월요일,부산광역시 해운대구 반여동,경상사고,0,0,1,0,차대차 - 기타,안전거리미확보,건조,맑음,교차로 - 교차로부근,승용,남,61세,상해없음,승용,남,31세,경상
2021030800100220,2021년 3월 8일 12시,월요일,부산광역시 부산진구 범전동,중상사고,0,1,0,0,차대사람 - 횡단중,신호위반,건조,맑음,단일로 - 기타,승용,여,57세,상해없음,보행자,여,50세,중상
2021030800100251,2021년 3월 8일 13시,월요일,부산광역시 해운대구 우동,중상사고,0,2,1,0,차대차 - 측면충돌,교차로운행방법위반,건조,맑음,교차로 - 교차로안,승용,여,45세,경상,승용,여,50세,중상
2021030800100252,2021년 3월 8일 13시,월요일,부산광역시 연제구 거제동,중상사고,0,1,0,0,차대차 - 측면충돌,교차로운행방법위반,건조,맑음,교차로 - 교차로안,승합,남,54세,상해없음,화물,남,72세,중상
2021030800100253,2021년 3월 8일 13시,월요일,부산광역시 연제구 거제동,경상사고,0,0,1,0,차대차 - 기타,차로위반,건조,맑음,교차로 - 교차로안,화물,남,62세,상해없음,승용,남,43세,경상
2021030800100282,2021년 3월 8일 14시,월요일,부산광역시 남구 문현동,경상사고,0,0,1,0,차대차 - 추돌,안전운전불이행,건조,맑음,교차로 - 교차로부근,승합,남,53세,상해없음,승용,남,53세,경상
2021030800100308,2021년 3월 8일 15시,월요일,부산광역시 해운대구 중동,경상사고,0,0,1,0,차대사람 - 횡단중,안전운전불이행,건조,맑음,단일로 - 기타,승용,여,60세,상해없음,보행자,남,36세,경상
2021030800100355,2021년 3월 8일 16시,월요일,부산광역시 강서구 명지동,경상사고,0,0,2,0,차대차 - 추돌,안전운전불이행,건조,맑음,단일로 - 기타,승용,여,50세,상해없음,승용,남,28세,상해없음
2021030800100392,2021년 3월 8일 17시,월요일,부산광역시 금정구 노포동,경상사고,0,0,1,0,차대차 - 추돌,안전운전불이행,건조,맑음,단일로 - 기타,화물,남,59세,상해없음,승용,여,27세,경상
2021030800100393,2021년 3월 8일 17시,월요일,부산광역시 금정구 장전동,경상사고,0,0,1,0,차대차 - 측면충돌,교차로운행방법위반,건조,맑음,교차로 - 교차로안,승용,여,53세,상해없음,원동기,남,25세,경상
2021030800100437,2021년 3월 8일 18시,월요일,부산광역시 금정구 회동동,경상사고,0,0,1,0,차대차 - 정면충돌,중앙선침범,건조,맑음,단일로 - 기타,화물,남,66세,상해없음,승용,남,34세,경상
2021030800100438,2021년 3월 8일 18시,월요일,부산광역시 사하구 신평동,경상사고,0,0,1,0,차대차 - 기타,안전운전불이행,건조,맑음,교차로 - 교차로안,승용,남,60세,상해없음,이륜,남,20세,경상
2021030800100439,2021년 3월 8일 18시,월요일,부산광역시 강서구 화전동,부상신고사고,0,0,0,1,차대차 - 추돌,안전운전불이행,건조,맑음,단일로 - 기타,화물,남,78세,부상신고,화물,남,33세,상해없음
2021030800100469,2021년 3월 8일 19시,월요일,부산광역시 서구 토성동1가,경상사고,0,0,1,0,차대사람 - 차도통행중,중앙선침범,건조,맑음,기타 - 기타,화물,남,47세,상해없음,보행자,남,64세,경상
2021030800100470,2021년 3월 8일 19시,월요일,부산광역시 부산진구 양정동,경상사고,0,0,1,0,차대차 - 기타,차로위반,건조,맑음,단일로 - 기타,승용,여,55세,상해없음,승용,남,40세,경상
2021030800100471,2021년 3월 8일 19시,월요일,부산광역시 강서구 대저1동,중상사고,0,1,0,0,차대차 - 기타,안전운전불이행,건조,맑음,교차로 - 교차로부근,승용,여,48세,상해없음,승용,여,63세,중상
2021030800100520,2021년 3월 8일 20시,월요일,부산광역시 북구 덕천동,경상사고,0,0,1,0,차대차 - 기타,안전운전불이행,건조,맑음,교차로 - 교차로안,승용,남,66세,상해없음,이륜,남,25세,경상
2021030800100521,2021년 3월 8일 20시,월요일,부산광역시 사상구 감전동,경상사고,0,0,1,0,차대차 - 기타,안전운전불이행,건조,맑음,교차로 - 교차로안,승용,남,54세,상해없음,자전거,여,21세,경상
2021030800100522,2021년 3월 8일 20시,월요일,부산광역시 사상구 모라동,경상사고,0,0,1,1,차대차 - 추돌,안전운전불이행,건조,맑음,단일로 - 기타,이륜,남,61세,부상신고,승용,남,27세,상해없음
2021030800100547,2021년 3월 8일 21시,월요일,부산광역시 서구 서대신동3가,경상사고,0,0,2,0,차대차 - 측면충돌,안전운전불이행,건조,맑음,교차로 - 교차로안,승용,남,55세,상해없음,승용,남,33세,경상
2021030800100548,2021년 3월 8일 21시,월요일,부산광역시 서구 아미동2가,경상사고,0,0,1,0,차대사람 - 차도통행중,안전운전불이행,건조,맑음,교차로 - 교차로안,승용,남,25세,상해없음,보행자,남,73세,경상
2021030800100549,2021년 3월 8일 21시,월요일,부산광역시 수영구 광안동,중상사고,0,1,0,0,차대차 - 기타,안전운전불이행,건조,맑음,단일로 - 기타,이륜,남,29세,상해없음,이륜,남,55세,중상
2021030800100550,2021년 3월 8일 21시,월요일,부산광역시 사하구 하단동,경상사고,0,0,1,0,차량단독 - 기타,안전운전불이행,건조,맑음,단일로 - 지하차도(도로)내,이륜,남,30세,경상,,,,
2021030800100571,2021년 3월 8일 22시,월요일,부산광역시 금정구 장전동,경상사고,0,0,1,0,차대사람 - 보도통행중,기타,건조,맑음,기타 - 기타,개인형이동수단(PM),남,18세,상해없음,보행자,여,27세,경상
2021030900100011,2021년 3월 9일 01시,화요일,부산광역시 중구 부평동1가,중상사고,0,1,0,0,차대차 - 측면충돌,중앙선침범,건조,맑음,단일로 - 기타,이륜,남,22세,상해없음,승용,남,62세,중상
2021030900100013,2021년 3월 9일 02시,화요일,부산광역시 연제구 연산동,경상사고,0,0,3,0,차대차 - 기타,직진우회전진행방해,건조,맑음,교차로 - 교차로부근,이륜,남,20세,경상,승용,여,30세,경상
2021030900100024,2021년 3월 9일 05시,화요일,부산광역시 연제구 연산동,경상사고,0,0,1,0,차대사람 - 횡단중,보행자보호의무위반,건조,맑음,교차로 - 교차로부근,승합,남,44세,상해없음,보행자,여,63세,경상
2021030900100025,2021년 3월 9일 05시,화요일,부산광역시 사상구 모라동,중상사고,0,1,0,0,차대차 - 기타,신호위반,건조,맑음,교차로 - 교차로안,자전거,남,69세,중상,승용,남,71세,상해없음
2021030900100030,2021년 3월 9일 06시,화요일,부산광역시 해운대구 석대동,경상사고,0,0,1,0,차대차 - 기타,기타,건조,맑음,단일로 - 기타,승용,남,64세,상해없음,이륜,남,61세,경상
2021030900100031,2021년 3월 9일 06시,화요일,부산광역시 해운대구 반여동,중상사고,0,1,0,0,차량단독 - 기타,안전운전불이행,건조,맑음,교차로 - 교차로안,승합,남,52세,상해없음,,,,
2021030900100032,2021년 3월 9일 06시,화요일,부산광역시 금정구 두구동,부상신고사고,0,0,0,1,차대차 - 측면충돌,안전거리미확보,건조,맑음,단일로 - 기타,승용,여,50세,상해없음,승용,남,37세,부상신고
2021030900100045,2021년 3월 9일 07시,화요일,부산광역시 동구 범일동,중상사고,0,1,0,0,차대차 - 측면충돌,안전운전불이행,건조,맑음,교차로 - 교차로횡단보도내,화물,남,62세,상해없음,자전거,여,53세,중상
2021030900100046,2021년 3월 9일 07시,화요일,부산광역시 동래구 명륜동,경상사고,0,0,1,0,차대차 - 기타,신호위반,건조,맑음,단일로 - 기타,승용,여,63세,상해없음,승용,여,29세,경상
2021030900100047,2021년 3월 9일 07시,화요일,부산광역시 부산진구 개금동,중상사고,0,1,0,0,차대사람 - 횡단중,안전운전불이행,건조,맑음,교차로 - 교차로부근,화물,남,41세,상해없음,보행자,여,68세,중상
2021030900100067,2021년 3월 9일 08시,화요일,부산광역시 부산진구 양정동,중상사고,0,1,0,0,차대사람 - 기타,안전운전불이행,건조,맑음,단일로 - 기타,승용,남,42세,상해없음,보행자,여,68세,중상
2021030900100092,2021년 3월 9일 09시,화요일,부산광역시 수영구 민락동,경상사고,0,0,1,0,차대차 - 추돌,불법유턴,건조,맑음,단일로 - 기타,승합,남,64세,상해없음,승용,남,35세,경상
2021030900100114,2021년 3월 9일 10시,화요일,부산광역시 서구 서대신동2가,중상사고,0,1,0,0,차대사람 - 횡단중,안전운전불이행,건조,맑음,교차로 - 교차로부근,승용,여,48세,상해없음,보행자,여,74세,중상
2021030900100115,2021년 3월 9일 10시,화요일,부산광역시 사상구 삼락동,중상사고,0,1,0,0,차대사람 - 기타,안전운전불이행,건조,맑음,단일로 - 기타,화물,남,30세,상해없음,보행자,여,90세,중상
2021030900100139,2021년 3월 9일 11시,화요일,부산광역시 부산진구 개금동,중상사고,0,2,0,0,차대차 - 기타,신호위반,건조,맑음,교차로 - 교차로안,승용,남,32세,상해없음,승용,여,29세,중상
2021030900100140,2021년 3월 9일 11시,화요일,부산광역시 사상구 주례동,경상사고,0,0,3,1,차대차 - 기타,중앙선침범,건조,맑음,교차로 - 교차로안,승용,남,73세,부상신고,승용,남,64세,경상
2021030900100141,2021년 3월 9일 11시,화요일,부산광역시 기장군 기장읍,경상사고,0,0,1,0,차대차 - 기타,안전거리미확보,건조,맑음,단일로 - 기타,승용,남,57세,상해없음,건설기계,남,46세,경상
2021030900100177,2021년 3월 9일 12시,화요일,부산광역시 중구 창선동1가,경상사고,0,0,1,0,차대사람 - 기타,안전운전불이행,건조,맑음,교차로 - 교차로부근,승용,남,65세,상해없음,보행자,여,52세,경상
2021030900100178,2021년 3월 9일 12시,화요일,부산광역시 강서구 명지동,중상사고,0,1,1,0,차대차 - 측면충돌,신호위반,건조,맑음,교차로 - 교차로안,승용,여,62세,경상,승용,남,63세,중상
2021030900100213,2021년 3월 9일 13시,화요일,부산광역시 동래구 명장동,경상사고,0,0,1,0,차대차 - 추돌,신호위반,건조,맑음,교차로 - 교차로안,승용,남,71세,상해없음,승용,남,63세,경상
2021030900100240,2021년 3월 9일 14시,화요일,부산광역시 수영구 광안동,중상사고,0,1,0,0,차대사람 - 횡단중,보행자보호의무위반,건조,맑음,교차로 - 교차로횡단보도내,화물,남,51세,상해없음,보행자,여,57세,중상
2021030900100241,2021년 3월 9일 14시,화요일,부산광역시 해운대구 재송동,경상사고,0,0,1,0,차대차 - 측면충돌,안전운전불이행,건조,맑음,교차로 - 교차로부근,승용,남,62세,상해없음,승용,여,31세,경상
2021030900100273,2021년 3월 9일 15시,화요일,부산광역시 해운대구 재송동,경상사고,0,0,1,0,차대차 - 추돌,안전운전불이행,건조,맑음,교차로 - 교차로부근,승용,여,42세,상해없음,승용,남,32세,경상
2021030900100296,2021년 3월 9일 16시,화요일,부산광역시 동래구 낙민동,경상사고,0,0,1,0,차대사람 - 횡단중,보행자보호의무위반,건조,맑음,교차로 - 교차로안,원동기,남,24세,상해없음,보행자,여,21세,경상
2021030900100330,2021년 3월 9일 17시,화요일,부산광역시 금정구 구서동,중상사고,0,1,2,0,차대사람 - 기타,안전운전불이행,건조,맑음,단일로 - 기타,승합,남,56세,상해없음,보행자,여,55세,중상
2021030900100331,2021년 3월 9일 17시,화요일,부산광역시 사상구 감전동,중상사고,0,1,0,0,차대차 - 측면충돌,신호위반,건조,맑음,교차로 - 교차로안,승용,남,59세,상해없음,이륜,남,42세,중상
2021030900100368,2021년 3월 9일 18시,화요일,부산광역시 부산진구 가야동,중상사고,0,1,0,0,차대차 - 기타,안전운전불이행,건조,맑음,교차로 - 교차로안,화물,남,62세,상해없음,이륜,남,34세,중상
2021030900100369,2021년 3월 9일 18시,화요일,부산광역시 부산진구 범천동,경상사고,0,0,1,0,차대사람 - 기타,안전운전불이행,건조,맑음,단일로 - 기타,이륜,남,79세,기타불명,보행자,여,81세,경상
2021030900100370,2021년 3월 9일 18시,화요일,부산광역시 기장군 정관읍,경상사고,0,0,3,0,차대차 - 기타,안전운전불이행,건조,맑음,교차로 - 교차로부근,이륜,남,26세,기타불명,승용,남,60세,경상
2021030900100400,2021년 3월 9일 19시,화요일,부산광역시 동래구 온천동,경상사고,0,0,1,0,차대차 - 측면충돌,신호위반,건조,맑음,교차로 - 교차로안,승용,여,65세,상해없음,승용,여,41세,경상
2021030900100401,2021년 3월 9일 19시,화요일,부산광역시 부산진구 범천동,중상사고,0,1,0,0,차대차 - 기타,차로위반,건조,맑음,단일로 - 기타,승용,남,66세,상해없음,이륜,남,23세,중상
2021030900100431,2021년 3월 9일 20시,화요일,부산광역시 부산진구 개금동,경상사고,0,0,3,0,차대차 - 측면충돌,안전거리미확보,건조,맑음,교차로 - 교차로부근,승용,남,36세,경상,승용,남,21세,경상
2021030900100432,2021년 3월 9일 20시,화요일,부산광역시 사상구 주례동,중상사고,0,1,0,0,차대차 - 측면충돌,신호위반,건조,맑음,교차로 - 교차로부근,승용,남,60세,상해없음,이륜,남,20세,중상
2021030900100459,2021년 3월 9일 21시,화요일,부산광역시 영도구 남항동1가,경상사고,0,0,1,0,차대차 - 기타,안전운전불이행,건조,맑음,교차로 - 교차로안,자전거,여,66세,경상,이륜,남,42세,상해없음
2021030900100481,2021년 3월 9일 22시,화요일,부산광역시 사하구 장림동,경상사고,0,0,1,0,차대차 - 측면충돌,안전운전불이행,건조,맑음,교차로 - 교차로안,승용,남,39세,상해없음,승용,여,48세,경상
2021030900100507,2021년 3월 9일 23시,화요일,부산광역시 동래구 온천동,사망사고,1,0,0,0,차대사람 - 기타,안전운전불이행,건조,맑음,단일로 - 기타,승용,남,44세,상해없음,보행자,남,60세,사망
2021031000100029,2021년 3월 10일 05시,수요일,부산광역시 연제구 연산동,경상사고,0,0,1,0,차대사람 - 횡단중,안전운전불이행,건조,맑음,교차로 - 교차로안,승용,남,61세,상해없음,보행자,남,42세,경상
2021031000100030,2021년 3월 10일 05시,수요일,부산광역시 사상구 모라동,경상사고,0,0,1,0,차대차 - 정면충돌,신호위반,건조,맑음,교차로 - 교차로안,승용,남,58세,기타불명,승용,여,66세,경상
2021031000100057,2021년 3월 10일 07시,수요일,부산광역시 사상구 학장동,중상사고,0,1,0,0,차대차 - 기타,안전운전불이행,건조,맑음,주차장 - 주차장,이륜,남,39세,중상,특수,남,52세,기타불명
2021031000100075,2021년 3월 10일 08시,수요일,부산광역시 해운대구 반여동,부상신고사고,0,0,0,1,차대사람 - 기타,안전운전불이행,건조,맑음,교차로 - 교차로횡단보도내,화물,남,60세,상해없음,보행자,남,12세,부상신고
2021031000100111,2021년 3월 10일 09시,수요일,부산광역시 해운대구 재송동,중상사고,0,1,2,0,차대차 - 측면충돌,중앙선침범,건조,맑음,단일로 - 교량,승용,여,60세,상해없음,승용,여,38세,경상
2021031000100139,2021년 3월 10일 10시,수요일,부산광역시 부산진구 당감동,경상사고,0,0,1,0,차대사람 - 횡단중,보행자보호의무위반,건조,맑음,기타 - 기타,화물,남,54세,상해없음,보행자,남,66세,경상
2021031000100140,2021년 3월 10일 10시,수요일,부산광역시 부산진구 개금동,중상사고,0,1,0,0,차대차 - 측면충돌,안전운전불이행,건조,맑음,교차로 - 교차로안,승용,남,73세,상해없음,원동기,남,73세,중상
2021031000100141,2021년 3월 10일 10시,수요일,부산광역시 사하구 하단동,경상사고,0,0,1,0,차대차 - 기타,안전운전불이행,건조,맑음,단일로 - 지하차도(도로)내,화물,남,73세,상해없음,승용,남,45세,경상
2021031000100194,2021년 3월 10일 12시,수요일,부산광역시 남구 문현동,경상사고,0,0,1,0,차대차 - 측면충돌,안전운전불이행,건조,맑음,단일로 - 기타,화물,남,33세,상해없음,이륜,남,68세,경상
2021031000100195,2021년 3월 10일 12시,수요일,부산광역시 사하구 하단동,경상사고,0,0,2,0,차대차 - 측면충돌,차로위반,건조,맑음,교차로 - 교차로부근,승용,남,54세,상해없음,승용,남,20세,경상
2021031000100233,2021년 3월 10일 13시,수요일,부산광역시 부산진구 부전동,중상사고,0,1,0,0,차대차 - 측면충돌,신호위반,건조,맑음,교차로 - 교차로안,승용,여,50세,상해없음,이륜,남,23세,중상
2021031000100265,2021년 3월 10일 14시,수요일,부산광역시 사하구 감천동,경상사고,0,0,1,0,차대차 - 기타,중앙선침범,건조,맑음,교차로 - 교차로부근,승용,남,62세,상해없음,이륜,남,35세,경상
2021031000100266,2021년 3월 10일 14시,수요일,부산광역시 수영구 수영동,중상사고,0,1,0,0,차대사람 - 기타,안전운전불이행,건조,맑음,교차로 - 교차로안,승용,남,26세,상해없음,보행자,남,47세,중상
2021031000100267,2021년 3월 10일 14시,수요일,부산광역시 연제구 연산동,중상사고,0,1,0,0,차대차 - 기타,안전거리미확보,건조,맑음,교차로 - 교차로횡단보도내,승용,남,75세,상해없음,자전거,여,51세,중상
2021031000100268,2021년 3월 10일 14시,수요일,부산광역시 사상구 덕포동,중상사고,0,1,0,0,차대차 - 측면충돌,안전운전불이행,건조,맑음,단일로 - 기타,승용,여,53세,상해없음,자전거,남,71세,중상