사고번호,사고일시,요일,시군구,사고내용,사망자수,중상자수,경상자수,부상신고자수,사고유형,법규위반,노면상태,기상상태,도로형태,가해운전자 차종,가해운전자 성별,가해운전자 연령,가해운전자 상해정도,피해운전자 차종,피해운전자 성별,피해운전자 연령,피해운전자 상해정도
2021032100100424,2021년 3월 21일 23시,일요일,부산광역시 동래구 온천동,중상사고,0,1,0,0,차대차 - 추돌,안전운전불이행,건조,맑음,단일로 - 기타,승용,남,43세,상해없음,이륜,남,29세,중상
2021032100100425,2021년 3월 21일 23시,일요일,부산광역시 사하구 신평동,경상사고,0,0,1,0,차대차 - 추돌,안전운전불이행,건조,맑음,교차로 - 교차로안,승용,남,25세,상해없음,화물,남,67세,경상
2021032100100426,2021년 3월 21일 23시,일요일,부산광역시 연제구 연산동,경상사고,0,0,1,0,차대차 - 추돌,불법유턴,건조,맑음,단일로 - 기타,승용,남,53세,상해없음,원동기,남,32세,경상
2021032200100009,2021년 3월 22일 02시,월요일,부산광역시 수영구 남천동,경상사고,0,0,1,0,차대차 - 추돌,안전운전불이행,건조,맑음,단일로 - 기타,승용,남,49세,상해없음,화물,남,46세,경상
2021032200100010,2021년 3월 22일 02시,월요일,부산광역시 동래구 사직동,중상사고,0,1,0,0,차대사람 - 기타,안전운전불이행,건조,맑음,교차로 - 교차로안,승용,남,35세,상해없음,보행자,남,23세,중상
2021032200100011,2021년 3월 22일 02시,월요일,부산광역시 해운대구 반여동,경상사고,0,0,2,0,차대차 - 측면충돌,안전운전불이행,건조,맑음,교차로 - 교차로부근,승용,남,48세,상해없음,승용,남,30세,경상
2021032200100031,2021년 3월 22일 07시,월요일,부산광역시 해운대구 반여동,중상사고,0,1,1,0,차대차 - 정면충돌,중앙선침범,건조,맑음,단일로 - 기타,이륜,남,23세,중상,승용,남,59세,경상
2021032200100033,2021년 3월 22일 07시,월요일,부산광역시 연제구 연산동,부상신고사고,0,0,0,1,차대차 - 기타,안전운전불이행,건조,맑음,단일로 - 기타,자전거,남,55세,부상신고,승용,여,47세,상해없음
2021032200100074,2021년 3월 22일 08시,월요일,부산광역시 동래구 낙민동,경상사고,0,0,1,0,차대사람 - 기타,보행자보호의무위반,건조,맑음,단일로 - 기타,승용,여,47세,상해없음,보행자,남,21세,경상
2021032200100075,2021년 3월 22일 08시,월요일,부산광역시 동래구 온천동,경상사고,0,0,1,0,차대차 - 기타,교차로운행방법위반,건조,맑음,교차로 - 교차로안,승용,여,21세,상해없음,승용,남,26세,경상
2021032200100076,2021년 3월 22일 08시,월요일,부산광역시 사상구 학장동,경상사고,0,0,1,0,차대차 - 측면충돌,안전거리미확보,건조,맑음,단일로 - 지하차도(도로)내,승용,남,72세,상해없음,승용,남,30세,경상
2021032200100150,2021년 3월 22일 10시,월요일,부산광역시 해운대구 반여동,중상사고,0,1,0,0,차대차 - 기타,안전운전불이행,건조,맑음,단일로 - 기타,승용,여,47세,상해없음,자전거,남,62세,중상
2021032200100151,2021년 3월 22일 10시,월요일,부산광역시 연제구 거제동,중상사고,0,1,0,0,차대사람 - 횡단중,신호위반,건조,맑음,단일로 - 기타,승용,여,52세,상해없음,보행자,남,65세,중상
2021032200100152,2021년 3월 22일 10시,월요일,부산광역시 연제구 연산동,경상사고,0,0,1,0,차대차 - 후진중충돌,안전운전불이행,건조,맑음,단일로 - 기타,승용,여,54세,상해없음,승용,남,24세,경상
2021032200100211,2021년 3월 22일 12시,월요일,부산광역시 북구 화명동,중상사고,0,1,0,0,차대차 - 추돌,안전운전불이행,건조,맑음,단일로 - 기타,승용,여,48세,상해없음,이륜,남,24세,중상
2021032200100237,2021년 3월 22일 13시,월요일,부산광역시 사하구 장림동,경상사고,0,0,2,0,차대차 - 기타,안전거리미확보,건조,맑음,단일로 - 기타,화물,남,74세,상해없음,승용,남,54세,경상
2021032200100238,2021년 3월 22일 13시,월요일,부산광역시 수영구 수영동,중상사고,0,1,0,0,차대차 - 측면충돌,교차로운행방법위반,건조,맑음,교차로 - 교차로부근,승용,남,71세,상해없음,원동기,남,42세,중상
2021032200100271,2021년 3월 22일 14시,월요일,부산광역시 북구 금곡동,경상사고,0,0,1,0,차대차 - 측면충돌,안전운전불이행,건조,맑음,교차로 - 교차로부근,승용,여,67세,상해없음,승용,여,33세,경상
2021032200100313,2021년 3월 22일 15시,월요일,부산광역시 서구 충무동1가,경상사고,0,0,1,0,차대차 - 측면충돌,안전운전불이행,건조,맑음,단일로 - 기타,원동기,여,71세,경상,화물,남,72세,상해없음
2021032200100314,2021년 3월 22일 15시,월요일,부산광역시 해운대구 재송동,중상사고,0,1,0,0,차대차 - 기타,안전운전불이행,건조,맑음,단일로 - 기타,승용,남,73세,상해없음,이륜,남,37세,중상
2021032200100392,2021년 3월 22일 17시,월요일,부산광역시 서구 동대신동2가,경상사고,0,0,1,0,차대차 - 추돌,안전운전불이행,건조,맑음,단일로 - 터널,승용,남,79세,상해없음,승용,남,29세,경상
2021032200100393,2021년 3월 22일 17시,월요일,부산광역시 동래구 사직동,경상사고,0,0,1,0,차대차 - 기타,안전운전불이행,건조,맑음,단일로 - 기타,승용,남,66세,상해없음,승용,남,26세,경상
2021032200100394,2021년 3월 22일 17시,월요일,부산광역시 연제구 거제동,경상사고,0,0,1,0,차대사람 - 횡단중,보행자보호의무위반,건조,맑음,교차로 - 교차로부근,승용,여,36세,상해없음,보행자,남,8세,경상
2021032200100395,2021년 3월 22일 17시,월요일,부산광역시 강서구 생곡동,경상사고,0,0,1,0,차대사람 - 차도통행중,안전운전불이행,건조,맑음,단일로 - 기타,승용,남,52세,상해없음,보행자,남,38세,경상
2021032200100430,2021년 3월 22일 18시,월요일,부산광역시 부산진구 부전동,중상사고,0,1,0,0,차대차 - 기타,안전운전불이행,건조,맑음,단일로 - 기타,개인형이동수단(PM),여,24세,기타불명,자전거,남,39세,중상
2021032200100502,2021년 3월 22일 20시,월요일,부산광역시 영도구 청학동,경상사고,0,0,4,0,차대차 - 추돌,안전운전불이행,건조,맑음,단일로 - 기타,승용,남,62세,상해없음,승용,여,32세,경상
2021032200100529,2021년 3월 22일 21시,월요일,부산광역시 부산진구 연지동,경상사고,0,0,1,0,차대사람 - 횡단중,보행자보호의무위반,건조,맑음,교차로 - 교차로횡단보도내,승용,남,69세,상해없음,보행자,여,26세,경상
2021032300100009,2021년 3월 23일 01시,화요일,부산광역시 부산진구 부전동,경상사고,0,0,1,0,차대차 - 후진중충돌,안전운전불이행,건조,맑음,단일로 - 기타,승용,여,18세,상해없음,승용,남,39세,경상
2021032300100017,2021년 3월 23일 02시,화요일,부산광역시 중구 부평동3가,경상사고,0,0,2,0,차대차 - 측면충돌,신호위반,건조,맑음,교차로 - 교차로부근,이륜,남,20세,상해없음,승용,남,31세,경상
2021032300100020,2021년 3월 23일 03시,화요일,부산광역시 강서구 명지동,경상사고,0,0,1,0,차량단독 - 기타,안전운전불이행,건조,맑음,단일로 - 기타,승용,남,63세,상해없음,,,,
2021032300100023,2021년 3월 23일 04시,화요일,부산광역시 영도구 봉래동1가,경상사고,0,0,1,0,차대차 - 후진중충돌,안전운전불이행,건조,맑음,단일로 - 기타,승용,여,60세,기타불명,승용,남,32세,경상
2021032300100041,2021년 3월 23일 07시,화요일,부산광역시 남구 용호동,경상사고,0,0,1,0,차대차 - 기타,차로위반,건조,맑음,단일로 - 기타,화물,남,35세,기타불명,승용,남,61세,경상
2021032300100069,2021년 3월 23일 08시,화요일,부산광역시 영도구 영선동1가,경상사고,0,0,2,0,차대차 - 기타,직진우회전진행방해,건조,맑음,교차로 - 교차로안,승용,남,38세,상해없음,승용,여,45세,경상
2021032300100183,2021년 3월 23일 12시,화요일,부산광역시 북구 구포동,부상신고사고,0,0,0,1,차대사람 - 기타,안전운전불이행,건조,맑음,단일로 - 기타,승용,남,76세,상해없음,보행자,남,74세,부상신고
2021032300100184,2021년 3월 23일 12시,화요일,부산광역시 금정구 금사동,경상사고,0,0,1,0,차대차 - 기타,안전운전불이행,건조,맑음,교차로 - 교차로안,승용,남,56세,상해없음,승용,남,63세,경상
2021032300100254,2021년 3월 23일 14시,화요일,부산광역시 수영구 광안동,경상사고,0,0,1,0,차대사람 - 길가장자리구역통행중,안전운전불이행,건조,맑음,교차로 - 교차로부근,승용,남,61세,상해없음,보행자,여,28세,경상
2021032300100255,2021년 3월 23일 14시,화요일,부산광역시 금정구 회동동,부상신고사고,0,0,0,1,차대차 - 기타,안전운전불이행,건조,맑음,단일로 - 기타,승용,여,38세,상해없음,승용,남,56세,부상신고
2021032300100291,2021년 3월 23일 15시,화요일,부산광역시 사하구 구평동,중상사고,0,1,0,0,차대차 - 기타,안전운전불이행,건조,맑음,단일로 - 지하차도(도로)내,특수,남,65세,상해없음,이륜,남,30세,중상
2021032300100292,2021년 3월 23일 15시,화요일,부산광역시 사하구 다대동,경상사고,0,0,2,0,차대차 - 측면충돌,안전거리미확보,건조,맑음,단일로 - 지하차도(도로)내,승용,여,52세,경상,승용,남,40세,경상
2021032300100293,2021년 3월 23일 15시,화요일,부산광역시 강서구 명지동,경상사고,0,0,1,0,차대차 - 기타,안전운전불이행,건조,맑음,교차로 - 교차로부근,승용,남,37세,상해없음,승용,여,47세,경상
2021032300100371,2021년 3월 23일 17시,화요일,부산광역시 남구 우암동,경상사고,0,0,1,0,차대차 - 후진중충돌,안전운전불이행,건조,맑음,기타 - 기타,승용,남,40세,상해없음,이륜,남,75세,경상
2021032300100372,2021년 3월 23일 17시,화요일,부산광역시 사상구 덕포동,부상신고사고,0,0,0,1,차대차 - 기타,신호위반,건조,맑음,교차로 - 교차로부근,이륜,남,21세,부상신고,승용,여,58세,상해없음
2021032300100417,2021년 3월 23일 18시,화요일,부산광역시 부산진구 전포동,경상사고,0,0,1,0,차대차 - 기타,안전운전불이행,건조,맑음,교차로 - 교차로안,이륜,남,63세,상해없음,이륜,남,29세,경상
2021032300100418,2021년 3월 23일 18시,화요일,부산광역시 사하구 감천동,경상사고,0,0,1,0,차대차 - 측면충돌,안전운전불이행,건조,맑음,단일로 - 기타,승용,남,57세,상해없음,승용,남,62세,경상
2021032300100490,2021년 3월 23일 20시,화요일,부산광역시 강서구 신호동,중상사고,0,1,0,0,차대차 - 정면충돌,신호위반,건조,맑음,교차로 - 교차로안,승용,남,23세,상해없음,이륜,남,42세,중상
2021032300100515,2021년 3월 23일 21시,화요일,부산광역시 북구 구포동,부상신고사고,0,0,0,1,차대차 - 기타,신호위반,건조,맑음,교차로 - 교차로안,승용,남,70세,상해없음,이륜,남,20세,부상신고
2021032300100516,2021년 3월 23일 21시,화요일,부산광역시 부산진구 부전동,경상사고,0,0,1,0,차대차 - 추돌,안전운전불이행,건조,맑음,단일로 - 기타,화물,남,54세,상해없음,승용,남,33세,경상
2021032300100517,2021년 3월 23일 21시,화요일,부산광역시 금정구 남산동,중상사고,0,1,0,0,차대사람 - 기타,보행자보호의무위반,건조,맑음,교차로 - 교차로안,승용,남,58세,상해없음,보행자,여,74세,중상
2021032300100541,2021년 3월 23일 22시,화요일,부산광역시 남구 우암동,중상사고,0,2,0,0,차대차 - 추돌,기타,건조,맑음,교차로 - 교차로안,승용,남,31세,상해없음,승용,여,32세,중상
2021032300100542,2021년 3월 23일 22시,화요일,부산광역시 동래구 명장동,경상사고,0,0,1,0,차대차 - 측면충돌,안전운전불이행,건조,맑음,교차로 - 교차로부근,이륜,남,38세,상해없음,이륜,남,37세,경상
2021032300100564,2021년 3월 23일 23시,화요일,부산광역시 영도구 동삼동,중상사고,0,1,0,0,차대사람 - 기타,안전운전불이행,건조,맑음,주차장 - 주차장,승용,남,52세,상해없음,보행자,남,69세,중상
2021032300100565,2021년 3월 23일 23시,화요일,부산광역시 해운대구 송정동,경상사고,0,0,2,0,차대차 - 정면충돌,중앙선침범,건조,맑음,교차로 - 교차로부근,승용,남,38세,상해없음,승용,남,20세,경상
2021032300100566,2021년 3월 23일 23시,화요일,부산광역시 기장군 정관읍,경상사고,0,0,1,1,차대차 - 추돌,안전운전불이행,건조,맑음,교차로 - 교차로부근,승용,남,38세,상해없음,승합,남,60세,상해없음
2021032400100001,2021년 3월 24일 00시,수요일,부산광역시 서구 서대신동3가,경상사고,0,0,1,0,차대차 - 측면충돌,교차로운행방법위반,건조,맑음,교차로 - 교차로안,승용,남,61세,상해없음,승용,남,30세,경상
2021032400100002,2021년 3월 24일 00시,수요일,부산광역시 부산진구 범천동,경상사고,0,0,1,0,차대차 - 측면충돌,안전운전불이행,건조,맑음,단일로 - 기타,승용,남,58세,상해없음,승용,남,34세,경상
2021032400100003,2021년 3월 24일 00시,수요일,부산광역시 금정구 장전동,중상사고,0,1,1,0,차량단독 - 기타,안전운전불이행,건조,맑음,단일로 - 기타,이륜,남,26세,중상,,,,
2021032400100013,2021년 3월 24일 02시,수요일,부산광역시 남구 대연동,중상사고,0,1,0,0,차대사람 - 보도통행중,기타,건조,맑음,단일로 - 기타,이륜,남,23세,기타불명,보행자,남,47세,중상
2021032400100014,2021년 3월 24일 02시,수요일,부산광역시 사하구 다대동,부상신고사고,0,0,0,1,차대차 - 추돌,중앙선침범,건조,맑음,교차로 - 교차로안,원동기,남,16세,부상신고,승용,남,59세,상해없음
2021032400100027,2021년 3월 24일 05시,수요일,부산광역시 부산진구 연지동,경상사고,0,0,1,0,차대차 - 측면충돌,교차로운행방법위반,건조,맑음,교차로 - 교차로안,승용,남,29세,상해없음,승용,남,29세,경상
2021032400100038,2021년 3월 24일 06시,수요일,부산광역시 기장군 기장읍,중상사고,0,2,1,0,차대차 - 추돌,안전운전불이행,건조,맑음,단일로 - 기타,승용,남,65세,상해없음,화물,남,50세,경상
2021032400100050,2021년 3월 24일 07시,수요일,부산광역시 북구 화명동,경상사고,0,0,1,1,차대차 - 기타,교차로운행방법위반,건조,맑음,교차로 - 교차로안,승용,남,60세,경상,승용,남,58세,부상신고
2021032400100051,2021년 3월 24일 07시,수요일,부산광역시 사상구 삼락동,중상사고,0,1,0,0,차대사람 - 기타,안전운전불이행,건조,맑음,단일로 - 기타,자전거,남,61세,상해없음,보행자,여,61세,중상
2021032400100084,2021년 3월 24일 08시,수요일,부산광역시 서구 암남동,중상사고,0,1,1,0,차대차 - 측면충돌,신호위반,건조,맑음,교차로 - 교차로안,승합,남,63세,경상,승용,남,38세,중상
2021032400100085,2021년 3월 24일 08시,수요일,부산광역시 연제구 연산동,경상사고,0,0,1,0,차대사람 - 보도통행중,보행자보호의무위반,건조,맑음,단일로 - 기타,승용,여,56세,상해없음,보행자,남,44세,경상
2021032400100124,2021년 3월 24일 09시,수요일,부산광역시 동래구 안락동,경상사고,0,0,1,0,차대사람 - 기타,안전운전불이행,건조,맑음,교차로 - 교차로횡단보도내,승용,여,59세,상해없음,보행자,여,70세,경상
2021032400100159,2021년 3월 24일 10시,수요일,부산광역시 부산진구 범천동,중상사고,0,1,0,0,차대사람 - 기타,안전운전불이행,건조,맑음,교차로 - 교차로안,화물,남,61세,상해없음,보행자,여,66세,중상
2021032400100181,2021년 3월 24일 11시,수요일,부산광역시 강서구 명지동,경상사고,0,0,1,0,차대차 - 기타,안전운전불이행,건조,맑음,단일로 - 기타,화물,남,64세,상해없음,승용,남,28세,경상
2021032400100226,2021년 3월 24일 13시,수요일,부산광역시 수영구 광안동,경상사고,0,0,1,0,차대사람 - 보도통행중,보행자보호의무위반,건조,맑음,기타 - 기타,화물,남,64세,상해없음,보행자,여,7세,경상
2021032400100227,2021년 3월 24일 13시,수요일,부산광역시 북구 화명동,중상사고,0,1,0,0,차대차 - 기타,신호위반,건조,맑음,교차로 - 교차로안,승용,남,58세,상해없음,화물,남,64세,중상
2021032400100228,2021년 3월 24일 13시,수요일,부산광역시 동래구 수안동,경상사고,0,0,1,0,차대사람 - 기타,안전운전불이행,건조,맑음,교차로 - 교차로안,승용,여,46세,상해없음,보행자,여,65세,경상
2021032400100229,2021년 3월 24일 13시,수요일,부산광역시 부산진구 초읍동,경상사고,0,0,3,0,차대차 - 측면충돌,안전거리미확보,건조,맑음,교차로 - 교차로안,화물,남,59세,상해없음,승용,여,58세,경상
2021032400100264,2021년 3월 24일 14시,수요일,부산광역시 서구 동대신동3가,경상사고,0,0,1,0,차대차 - 추돌,안전운전불이행,건조,맑음,단일로 - 기타,화물,남,61세,상해없음,승용,여,56세,경상
2021032400100265,2021년 3월 24일 14시,수요일,부산광역시 해운대구 재송동,경상사고,0,0,1,0,차대차 - 추돌,안전운전불이행,건조,맑음,교차로 - 교차로부근,화물,남,58세,상해없음,화물,남,66세,경상
2021032400100266,2021년 3월 24일 14시,수요일,부산광역시 금정구 남산동,경상사고,0,0,1,0,차대차 - 기타,교차로운행방법위반,건조,맑음,교차로 - 교차로안,승용,여,38세,상해없음,승용,남,26세,경상
2021032400100297,2021년 3월 24일 15시,수요일,부산광역시 중구 광복동1가,경상사고,0,0,1,0,차대차 - 측면충돌,교차로운행방법위반,건조,맑음,교차로 - 교차로안,승용,남,65세,상해없음,이륜,남,29세,경상
2021032400100298,2021년 3월 24일 15시,수요일,부산광역시 영도구 청학동,경상사고,0,0,1,0,차대차 - 측면충돌,안전운전불이행,건조,맑음,단일로 - 기타,화물,남,42세,상해없음,이륜,남,24세,경상
2021032400100331,2021년 3월 24일 16시,수요일,부산광역시 연제구 연산동,중상사고,0,1,0,0,차대사람 - 기타,안전운전불이행,건조,맑음,단일로 - 기타,승용,여,47세,상해없음,보행자,남,42세,중상
2021032400100367,2021년 3월 24일 17시,수요일,부산광역시 해운대구 우동,경상사고,0,0,1,0,차대차 - 기타,안전운전불이행,건조,맑음,단일로 - 기타,승용,여,58세,상해없음,자전거,남,29세,경상
2021032400100458,2021년 3월 24일 19시,수요일,부산광역시 남구 대연동,중상사고,0,1,0,0,차대차 - 측면충돌,안전운전불이행,건조,맑음,단일로 - 기타,승합,남,58세,상해없음,개인형이동수단(PM),남,32세,중상
2021032400100493,2021년 3월 24일 20시,수요일,부산광역시 부산진구 부암동,경상사고,0,0,2,0,차대차 - 기타,안전운전불이행,건조,맑음,단일로 - 기타,화물,남,63세,상해없음,승용,남,37세,경상
2021032400100512,2021년 3월 24일 21시,수요일,부산광역시 해운대구 재송동,중상사고,0,1,0,0,차대사람 - 기타,안전운전불이행,건조,맑음,단일로 - 기타,승용,남,50세,상해없음,보행자,남,55세,중상
2021032400100538,2021년 3월 24일 22시,수요일,부산광역시 해운대구 재송동,중상사고,0,1,0,0,차대사람 - 횡단중,신호위반,건조,맑음,단일로 - 기타,승용,여,64세,상해없음,보행자,여,47세,중상
2021032400100556,2021년 3월 24일 23시,수요일,부산광역시 부산진구 초읍동,경상사고,0,0,1,0,차대사람 - 기타,안전운전불이행,건조,맑음,단일로 - 기타,승용,남,70세,상해없음,보행자,남,72세,경상
2021032500100017,2021년 3월 25일 02시,목요일,부산광역시 사하구 감천동,중상사고,0,1,0,0,차대사람 - 기타,신호위반,건조,맑음,교차로 - 교차로횡단보도내,특수,남,66세,상해없음,보행자,여,18세,중상
2021032500100054,2021년 3월 25일 07시,목요일,부산광역시 강서구 지사동,경상사고,0,0,1,0,차대차 - 측면충돌,안전운전불이행,건조,맑음,주차장 - 주차장,승용,여,27세,기타불명,승용,여,36세,경상
2021032500100055,2021년 3월 25일 07시,목요일,부산광역시 사상구 감전동,중상사고,0,1,0,0,차대차 - 측면충돌,차로위반,건조,맑음,단일로 - 기타,화물,남,59세,상해없음,승용,남,58세,중상
2021032500100075,2021년 3월 25일 08시,목요일,부산광역시 동래구 사직동,경상사고,0,0,1,0,차대사람 - 길가장자리구역통행중,안전운전불이행,건조,맑음,단일로 - 기타,승용,남,33세,상해없음,보행자,여,17세,경상
2021032500100076,2021년 3월 25일 08시,목요일,부산광역시 강서구 화전동,경상사고,0,0,1,0,차대차 - 측면충돌,신호위반,건조,맑음,교차로 - 교차로안,승용,남,29세,상해없음,자전거,여,66세,경상
2021032500100102,2021년 3월 25일 09시,목요일,부산광역시 영도구 동삼동,중상사고,0,1,0,0,차대사람 - 횡단중,보행자보호의무위반,건조,맑음,교차로 - 교차로부근,승용,남,72세,상해없음,보행자,여,52세,중상
2021032500100103,2021년 3월 25일 09시,목요일,부산광역시 사하구 하단동,중상사고,0,1,0,0,차대사람 - 기타,안전운전불이행,건조,맑음,단일로 - 지하차도(도로)내,승용,여,60세,상해없음,보행자,여,41세,중상
2021032500100128,2021년 3월 25일 10시,목요일,부산광역시 서구 서대신동2가,경상사고,0,0,1,0,차대차 - 측면충돌,안전거리미확보,건조,맑음,단일로 - 기타,승용,남,53세,상해없음,승용,남,44세,경상
2021032500100164,2021년 3월 25일 11시,목요일,부산광역시 금정구 구서동,경상사고,0,0,1,0,차대차 - 기타,안전운전불이행,건조,맑음,기타 - 기타,승용,여,61세,상해없음,자전거,남,66세,경상
2021032500100165,2021년 3월 25일 11시,목요일,부산광역시 강서구 송정동,중상사고,0,1,0,0,차대차 - 측면충돌,안전운전불이행,건조,맑음,교차로 - 교차로부근,특수,남,47세,상해없음,승용,여,53세,중상
2021032500100204,2021년 3월 25일 12시,목요일,부산광역시 부산진구 개금동,경상사고,0,0,1,0,차대차 - 기타,중앙선침범,건조,맑음,기타 - 기타,기타불명,기타불명,미분류,기타불명,승용,남,19세,경상
2021032500100228,2021년 3월 25일 13시,목요일,부산광역시 수영구 광안동,중상사고,0,1,0,0,차대사람 - 기타,안전운전불이행,건조,맑음,단일로 - 기타,승용,여,51세,상해없음,보행자,여,53세,중상
2021032500100229,2021년 3월 25일 13시,목요일,부산광역시 해운대구 우동,경상사고,0,0,2,0,차대차 - 측면충돌,안전운전불이행,건조,맑음,교차로 - 교차로안,승용,남,72세,상해없음,승용,남,26세,경상
2021032500100271,2021년 3월 25일 14시,목요일,부산광역시 남구 용호동,경상사고,0,0,1,0,차대차 - 기타,안전운전불이행,건조,맑음,단일로 - 기타,화물,남,31세,상해없음,승용,남,61세,경상
2021032500100272,2021년 3월 25일 14시,목요일,부산광역시 해운대구 반여동,경상사고,0,0,1,0,차대차 - 측면충돌,중앙선침범,건조,맑음,교차로 - 교차로안,이륜,남,16세,경상,화물,남,51세,상해없음
2021032500100273,2021년 3월 25일 14시,목요일,부산광역시 사상구 감전동,경상사고,0,0,1,0,차대차 - 측면충돌,교차로운행방법위반,건조,맑음,교차로 - 교차로안,승용,남,29세,기타불명,이륜,남,38세,경상
2021032500100324,2021년 3월 25일 15시,목요일,부산광역시 북구 구포동,중상사고,0,1,1,0,차대차 - 측면충돌,신호위반,건조,맑음,교차로 - 교차로안,승용,남,31세,상해없음,승용,남,54세,경상
2021032500100354,2021년 3월 25일 16시,목요일,부산광역시 강서구 성북동,중상사고,0,1,2,0,차대차 - 추돌,안전운전불이행,건조,맑음,단일로 - 기타,특수,남,65세,상해없음,화물,남,64세,경상
2021032500100384,2021년 3월 25일 17시,목요일,부산광역시 해운대구 반여동,경상사고,0,0,2,0,차대차 - 기타,안전운전불이행,건조,맑음,단일로 - 기타,승용,남,66세,기타불명,화물,남,51세,경상
2021032500100385,2021년 3월 25일 17시,목요일,부산광역시 부산진구 당감동,중상사고,0,1,0,0,차대사람 - 차도통행중,신호위반,건조,맑음,교차로 - 교차로부근,이륜,남,29세,상해없음,보행자,여,67세,중상
2021032500100441,2021년 3월 25일 18시,목요일,부산광역시 북구 금곡동,경상사고,0,0,1,0,차대차 - 기타,안전거리미확보,건조,맑음,단일로 - 기타,승용,여,53세,상해없음,승용,남,53세,경상
2021032500100513,2021년 3월 25일 20시,목요일,부산광역시 부산진구 당감동,경상사고,0,0,1,0,차대사람 - 차도통행중,안전운전불이행,건조,맑음,교차로 - 교차로부근,이륜,남,17세,상해없음,보행자,남,8세,경상
2021032500100514,2021년 3월 25일 20시,목요일,부산광역시 연제구 거제동,경상사고,0,0,1,0,차대차 - 측면충돌,교차로운행방법위반,건조,맑음,교차로 - 교차로안,승용,남,48세,상해없음,이륜,남,25세,경상
2021032500100515,2021년 3월 25일 20시,목요일,부산광역시 강서구 명지동,경상사고,0,0,1,0,차대차 - 측면충돌,신호위반,건조,맑음,교차로 - 교차로안,승용,남,38세,상해없음,승용,여,21세,경상
2021032500100548,2021년 3월 25일 21시,목요일,부산광역시 동구 초량동,경상사고,0,0,2,0,차대차 - 추돌,기타,건조,맑음,단일로 - 기타,승용,남,41세,상해없음,승용,여,54세,경상
2021032500100581,2021년 3월 25일 22시,목요일,부산광역시 동구 초량동,경상사고,0,0,1,0,차량단독 - 기타,안전운전불이행,건조,맑음,단일로 - 기타,승용,남,72세,상해없음,,,,
2021032600100035,2021년 3월 26일 06시,금요일,부산광역시 사상구 엄궁동,경상사고,0,0,1,0,차대차 - 기타,교차로운행방법위반,건조,기타,교차로 - 교차로안,승합,남,70세,상해없음,승용,남,39세,경상
2021032600100044,2021년 3월 26일 07시,금요일,부산광역시 해운대구 우동,경상사고,0,0,1,0,차대차 - 측면충돌,신호위반,건조,맑음,교차로 - 교차로안,승용,여,31세,상해없음,승용,남,39세,상해없음
2021032600100045,2021년 3월 26일 07시,금요일,부산광역시 강서구 송정동,중상사고,0,1,0,0,차대차 - 정면충돌,신호위반,건조,맑음,교차로 - 교차로안,승용,남,28세,상해없음,화물,남,60세,중상
2021032600100046,2021년 3월 26일 07시,금요일,부산광역시 강서구 봉림동,경상사고,0,0,2,0,차대차 - 추돌,안전운전불이행,건조,맑음,단일로 - 기타,승용,남,38세,상해없음,승용,남,41세,경상
2021032600100073,2021년 3월 26일 08시,금요일,부산광역시 강서구 지사동,경상사고,0,0,1,0,차대차 - 측면충돌,안전운전불이행,건조,맑음,단일로 - 기타,승용,남,31세,상해없음,승용,남,52세,상해없음
2021032600100074,2021년 3월 26일 08시,금요일,부산광역시 강서구 송정동,중상사고,0,1,0,0,차대차 - 측면충돌,신호위반,건조,맑음,교차로 - 교차로안,화물,남,64세,상해없음,승용,남,32세,중상
2021032600100123,2021년 3월 26일 09시,금요일,부산광역시 수영구 광안동,경상사고,0,0,1,0,차량단독 - 기타,기타,건조,맑음,단일로 - 기타,승합,남,50세,상해없음,,,,
2021032600100124,2021년 3월 26일 09시,금요일,부산광역시 강서구 명지동,경상사고,0,0,2,0,차대차 - 측면충돌,안전운전불이행,건조,맑음,단일로 - 기타,승용,여,31세,상해없음,승용,여,36세,경상
2021032600100156,2021년 3월 26일 10시,금요일,부산광역시 동래구 사직동,경상사고,0,0,1,0,차대차 - 측면충돌,안전운전불이행,건조,맑음,단일로 - 기타,이륜,남,25세,상해없음,승용,여,50세,경상
2021032600100157,2021년 3월 26일 10시,금요일,부산광역시 강서구 명지동,경상사고,0,0,1,0,차대차 - 측면충돌,안전운전불이행,건조,맑음,단일로 - 기타,승용,남,69세,상해없음,승용,남,38세,경상
2021032600100189,2021년 3월 26일 11시,금요일,부산광역시 금정구 금사동,경상사고,0,0,1,0,차대차 - 기타,신호위반,건조,맑음,교차로 - 교차로안,승용,남,69세,상해없음,이륜,남,57세,경상
2021032600100277,2021년 3월 26일 14시,금요일,부산광역시 수영구 광안동,중상사고,0,1,0,0,차대사람 - 기타,안전운전불이행,건조,맑음,단일로 - 기타,승용,남,60세,상해없음,보행자,여,78세,중상
2021032600100278,2021년 3월 26일 14시,금요일,부산광역시 영도구 대교동1가,경상사고,0,0,1,0,차대차 - 측면충돌,안전운전불이행,건조,맑음,단일로 - 교량,이륜,남,76세,경상,승용,남,40세,상해없음
2021032600100279,2021년 3월 26일 14시,금요일,부산광역시 영도구 영선동3가,경상사고,0,0,1,0,차대차 - 추돌,안전운전불이행,건조,맑음,교차로 - 교차로안,승용,남,57세,상해없음,이륜,남,51세,경상