사고번호,사고일시,요일,시군구,사고내용,사망자수,중상자수,경상자수,부상신고자수,사고유형,법규위반,노면상태,기상상태,도로형태,가해운전자 차종,가해운전자 성별,가해운전자 연령,가해운전자 상해정도,피해운전자 차종,피해운전자 성별,피해운전자 연령,피해운전자 상해정도
2021042400100389,2021년 4월 24일 17시,토요일,부산광역시 해운대구 송정동,경상사고,0,0,1,0,차대차 - 측면충돌,교차로운행방법위반,건조,맑음,교차로 - 교차로안,승용,여,37세,기타불명,승용,남,35세,경상
2021042400100433,2021년 4월 24일 18시,토요일,부산광역시 부산진구 부전동,중상사고,0,1,0,0,차대차 - 후진중충돌,안전운전불이행,건조,맑음,교차로 - 교차로부근,화물,남,71세,상해없음,승용,여,39세,중상
2021042400100434,2021년 4월 24일 18시,토요일,부산광역시 금정구 부곡동,경상사고,0,0,2,3,차대차 - 추돌,안전운전불이행,건조,맑음,기타 - 기타,승용,남,39세,상해없음,승용,남,32세,경상
2021042400100435,2021년 4월 24일 18시,토요일,부산광역시 사하구 하단동,경상사고,0,0,1,0,차대차 - 기타,중앙선침범,건조,맑음,단일로 - 지하차도(도로)내,승용,남,61세,상해없음,이륜,남,53세,경상
2021042400100436,2021년 4월 24일 18시,토요일,부산광역시 사하구 하단동,중상사고,0,1,0,0,차대차 - 기타,신호위반,건조,맑음,교차로 - 교차로부근,이륜,남,16세,상해없음,이륜,남,39세,중상
2021042400100477,2021년 4월 24일 19시,토요일,부산광역시 해운대구 우동,경상사고,0,0,1,0,차대차 - 측면충돌,교차로운행방법위반,건조,맑음,교차로 - 교차로안,승합,남,63세,상해없음,승용,남,25세,경상
2021042400100478,2021년 4월 24일 19시,토요일,부산광역시 금정구 금성동,경상사고,0,0,1,0,차대차 - 기타,중앙선침범,건조,맑음,단일로 - 기타,승용,남,68세,상해없음,승용,여,66세,경상
2021042400100514,2021년 4월 24일 20시,토요일,부산광역시 동래구 온천동,중상사고,0,1,0,0,차대차 - 측면충돌,안전운전불이행,건조,맑음,교차로 - 교차로부근,승용,남,54세,상해없음,이륜,남,21세,중상
2021042400100582,2021년 4월 24일 22시,토요일,부산광역시 강서구 명지동,중상사고,0,1,0,0,차대사람 - 차도통행중,안전운전불이행,건조,맑음,단일로 - 교량,승용,남,54세,상해없음,보행자,남,47세,중상
2021042500100027,2021년 4월 25일 03시,일요일,부산광역시 남구 용호동,경상사고,0,0,1,0,차량단독 - 공작물충돌,기타,건조,맑음,단일로 - 기타,개인형이동수단(PM),남,26세,경상,,,,
2021042500100062,2021년 4월 25일 09시,일요일,부산광역시 서구 암남동,중상사고,0,1,1,0,차량단독 - 전도전복 - 전도,안전운전불이행,건조,맑음,교차로 - 교차로안,이륜,남,59세,중상,,,,
2021042500100063,2021년 4월 25일 09시,일요일,부산광역시 부산진구 양정동,경상사고,0,0,1,0,차대사람 - 횡단중,보행자보호의무위반,건조,맑음,교차로 - 교차로횡단보도내,승용,남,62세,상해없음,보행자,여,60세,경상
2021042500100079,2021년 4월 25일 10시,일요일,부산광역시 서구 암남동,경상사고,0,0,1,0,차량단독 - 전도전복 - 전도,신호위반,건조,흐림,교차로 - 교차로안,이륜,남,39세,경상,,,,
2021042500100080,2021년 4월 25일 10시,일요일,부산광역시 강서구 성북동,경상사고,0,0,1,0,차대차 - 기타,중앙선침범,건조,맑음,단일로 - 기타,화물,남,27세,상해없음,자전거,남,46세,경상
2021042500100104,2021년 4월 25일 11시,일요일,부산광역시 동래구 명장동,경상사고,0,0,4,0,차대차 - 측면충돌,교차로운행방법위반,건조,맑음,교차로 - 교차로안,승용,남,28세,상해없음,승용,남,40세,경상
2021042500100105,2021년 4월 25일 11시,일요일,부산광역시 부산진구 전포동,중상사고,0,1,0,0,차대차 - 측면충돌,교차로운행방법위반,건조,맑음,교차로 - 교차로안,승용,남,69세,상해없음,승용,남,40세,중상
2021042500100141,2021년 4월 25일 12시,일요일,부산광역시 사하구 장림동,중상사고,0,1,0,0,차대차 - 기타,안전운전불이행,건조,맑음,단일로 - 기타,이륜,남,36세,중상,승용,남,46세,상해없음
2021042500100178,2021년 4월 25일 13시,일요일,부산광역시 영도구 대교동2가,경상사고,0,0,1,0,차대차 - 측면충돌,불법유턴,건조,맑음,교차로 - 교차로횡단보도내,이륜,남,40세,상해없음,이륜,남,47세,경상
2021042500100261,2021년 4월 25일 15시,일요일,부산광역시 중구 광복동1가,경상사고,0,0,2,0,차대차 - 측면충돌,안전운전불이행,건조,맑음,단일로 - 지하차도(도로)내,화물,남,64세,상해없음,승용,남,24세,경상
2021042500100262,2021년 4월 25일 15시,일요일,부산광역시 사하구 하단동,중상사고,0,1,0,0,차대차 - 측면충돌,신호위반,건조,맑음,교차로 - 교차로안,이륜,남,39세,중상,승용,남,49세,상해없음
2021042500100335,2021년 4월 25일 17시,일요일,부산광역시 남구 대연동,중상사고,0,1,0,0,차대차 - 기타,안전운전불이행,건조,맑음,단일로 - 기타,승용,여,39세,상해없음,자전거,남,35세,중상
2021042500100336,2021년 4월 25일 17시,일요일,부산광역시 북구 화명동,경상사고,0,0,1,0,차대차 - 측면충돌,기타,건조,맑음,교차로 - 교차로횡단보도내,화물,남,37세,상해없음,자전거,남,12세,경상
2021042500100337,2021년 4월 25일 17시,일요일,부산광역시 부산진구 부암동,경상사고,0,0,1,0,차대차 - 추돌,신호위반,건조,맑음,단일로 - 기타,이륜,남,41세,상해없음,승용,남,52세,경상
2021042500100374,2021년 4월 25일 18시,일요일,부산광역시 북구 구포동,경상사고,0,0,1,0,차대사람 - 횡단중,안전운전불이행,건조,맑음,단일로 - 기타,승용,남,63세,상해없음,보행자,여,55세,경상
2021042500100375,2021년 4월 25일 18시,일요일,부산광역시 사하구 신평동,부상신고사고,0,0,0,1,차대차 - 기타,안전운전불이행,건조,맑음,기타 - 기타,이륜,남,31세,부상신고,승용,여,45세,상해없음
2021042500100376,2021년 4월 25일 18시,일요일,부산광역시 연제구 거제동,경상사고,0,0,1,0,차대차 - 기타,교차로운행방법위반,건조,맑음,교차로 - 교차로안,승용,남,62세,상해없음,이륜,남,41세,경상
2021042500100405,2021년 4월 25일 19시,일요일,부산광역시 해운대구 재송동,중상사고,0,1,0,0,차대차 - 정면충돌,신호위반,건조,맑음,교차로 - 교차로안,승용,남,61세,상해없음,원동기,남,28세,중상
2021042500100406,2021년 4월 25일 19시,일요일,부산광역시 해운대구 재송동,부상신고사고,0,0,0,4,차대차 - 측면충돌,안전거리미확보,건조,맑음,단일로 - 기타,승용,남,61세,상해없음,승용,남,42세,부상신고
2021042500100435,2021년 4월 25일 20시,일요일,부산광역시 사상구 감전동,경상사고,0,0,1,0,차대차 - 측면충돌,안전거리미확보,건조,맑음,단일로 - 지하차도(도로)내,화물,남,61세,상해없음,승용,여,30세,경상
2021042500100455,2021년 4월 25일 21시,일요일,부산광역시 기장군 기장읍,중상사고,0,1,0,0,차대사람 - 기타,안전운전불이행,건조,맑음,교차로 - 교차로안,승용,남,30세,상해없음,보행자,남,64세,중상
2021042600100017,2021년 4월 26일 05시,월요일,부산광역시 동래구 명륜동,경상사고,0,0,2,0,차대차 - 추돌,안전운전불이행,건조,맑음,교차로 - 교차로안,승용,남,53세,상해없음,승용,남,60세,경상
2021042600100018,2021년 4월 26일 05시,월요일,부산광역시 금정구 장전동,경상사고,0,0,2,1,차대차 - 측면충돌,직진우회전진행방해,건조,맑음,교차로 - 교차로안,승용,남,37세,부상신고,화물,남,40세,경상
2021042600100041,2021년 4월 26일 07시,월요일,부산광역시 부산진구 당감동,경상사고,0,0,1,0,차대차 - 추돌,안전거리미확보,건조,맑음,단일로 - 기타,특수,남,46세,상해없음,승용,남,31세,경상
2021042600100078,2021년 4월 26일 08시,월요일,부산광역시 중구 중앙동5가,경상사고,0,0,1,0,차대사람 - 횡단중,보행자보호의무위반,건조,맑음,단일로 - 기타,승용,남,50세,상해없음,보행자,여,61세,경상
2021042600100079,2021년 4월 26일 08시,월요일,부산광역시 연제구 거제동,경상사고,0,0,1,0,차대차 - 측면충돌,신호위반,건조,맑음,단일로 - 기타,원동기,남,35세,상해없음,자전거,남,75세,경상
2021042600100080,2021년 4월 26일 08시,월요일,부산광역시 사상구 학장동,경상사고,0,0,1,0,차대사람 - 횡단중,보행자보호의무위반,건조,맑음,교차로 - 교차로횡단보도내,승용,여,44세,상해없음,보행자,여,58세,경상
2021042600100133,2021년 4월 26일 09시,월요일,부산광역시 북구 화명동,경상사고,0,0,1,0,차대차 - 기타,안전거리미확보,건조,맑음,단일로 - 고가도로위,승용,여,37세,상해없음,승용,남,49세,경상
2021042600100134,2021년 4월 26일 09시,월요일,부산광역시 기장군 기장읍,경상사고,0,0,2,0,차대차 - 측면충돌,교차로운행방법위반,건조,맑음,교차로 - 교차로안,화물,남,67세,상해없음,승용,여,27세,경상
2021042600100200,2021년 4월 26일 11시,월요일,부산광역시 영도구 영선동1가,경상사고,0,0,1,0,차대차 - 기타,안전운전불이행,건조,맑음,단일로 - 기타,이륜,남,65세,경상,승용,여,57세,상해없음
2021042600100201,2021년 4월 26일 11시,월요일,부산광역시 부산진구 당감동,경상사고,0,0,1,0,차대차 - 추돌,안전운전불이행,건조,맑음,단일로 - 기타,원동기,여,35세,경상,승용,여,69세,상해없음
2021042600100202,2021년 4월 26일 11시,월요일,부산광역시 연제구 연산동,경상사고,0,0,1,0,차대차 - 기타,안전운전불이행,건조,맑음,교차로 - 교차로안,승용,남,69세,상해없음,승용,남,53세,경상
2021042600100225,2021년 4월 26일 12시,월요일,부산광역시 수영구 민락동,경상사고,0,0,1,0,차대사람 - 기타,안전운전불이행,건조,맑음,단일로 - 기타,승용,남,53세,상해없음,보행자,남,27세,경상
2021042600100301,2021년 4월 26일 14시,월요일,부산광역시 남구 용호동,경상사고,0,0,2,0,차대차 - 기타,안전운전불이행,건조,맑음,단일로 - 기타,승합,남,62세,상해없음,승용,여,38세,경상
2021042600100339,2021년 4월 26일 15시,월요일,부산광역시 해운대구 재송동,경상사고,0,0,1,0,차대차 - 측면충돌,교차로운행방법위반,건조,맑음,교차로 - 교차로안,승용,남,70세,기타불명,승용,여,51세,경상
2021042600100340,2021년 4월 26일 15시,월요일,부산광역시 기장군 기장읍,경상사고,0,0,1,0,차대차 - 측면충돌,교차로운행방법위반,건조,맑음,교차로 - 교차로안,승용,여,62세,상해없음,승용,여,57세,경상
2021042600100369,2021년 4월 26일 16시,월요일,부산광역시 사상구 감전동,중상사고,0,1,0,0,차대사람 - 횡단중,안전운전불이행,건조,맑음,단일로 - 기타,승용,남,71세,상해없음,보행자,여,81세,중상
2021042600100426,2021년 4월 26일 17시,월요일,부산광역시 서구 충무동1가,경상사고,0,0,1,0,차대사람 - 기타,안전운전불이행,건조,맑음,교차로 - 교차로안,화물,남,63세,상해없음,보행자,여,86세,경상
2021042600100427,2021년 4월 26일 17시,월요일,부산광역시 해운대구 우동,경상사고,0,0,1,0,차대차 - 측면충돌,안전운전불이행,건조,맑음,교차로 - 교차로안,승용,남,56세,상해없음,승용,남,43세,경상
2021042600100428,2021년 4월 26일 17시,월요일,부산광역시 해운대구 중동,경상사고,0,0,1,0,차대사람 - 기타,안전운전불이행,건조,맑음,단일로 - 기타,승용,남,53세,상해없음,보행자,남,60세,경상
2021042600100429,2021년 4월 26일 17시,월요일,부산광역시 부산진구 당감동,경상사고,0,0,1,0,차대차 - 추돌,안전운전불이행,건조,맑음,교차로 - 교차로부근,이륜,남,72세,상해없음,승용,여,52세,경상
2021042600100430,2021년 4월 26일 17시,월요일,부산광역시 금정구 구서동,경상사고,0,0,2,0,차대차 - 기타,안전운전불이행,건조,맑음,단일로 - 기타,승용,남,74세,상해없음,승용,남,29세,경상
2021042600100464,2021년 4월 26일 18시,월요일,부산광역시 북구 만덕동,중상사고,0,1,2,0,차대차 - 추돌,안전운전불이행,건조,맑음,단일로 - 터널,화물,남,39세,상해없음,승용,여,42세,경상
2021042600100465,2021년 4월 26일 18시,월요일,부산광역시 부산진구 초읍동,경상사고,0,0,1,0,차대사람 - 기타,안전운전불이행,건조,맑음,교차로 - 교차로안,승용,남,41세,상해없음,보행자,남,58세,경상
2021042600100504,2021년 4월 26일 19시,월요일,부산광역시 수영구 민락동,사망사고,1,0,0,0,차대사람 - 기타,안전운전불이행,건조,맑음,단일로 - 기타,이륜,남,43세,상해없음,보행자,남,83세,사망
2021042600100505,2021년 4월 26일 19시,월요일,부산광역시 부산진구 당감동,경상사고,0,0,4,0,차대차 - 측면충돌,신호위반,젖음/습기,비,교차로 - 교차로안,승용,여,36세,상해없음,승용,남,53세,경상
2021042600100543,2021년 4월 26일 20시,월요일,부산광역시 서구 서대신동3가,경상사고,0,0,1,0,차대차 - 측면충돌,기타,건조,맑음,단일로 - 기타,승용,남,19세,상해없음,화물,남,61세,경상
2021042600100544,2021년 4월 26일 20시,월요일,부산광역시 남구 대연동,경상사고,0,0,1,0,차대차 - 추돌,안전운전불이행,건조,맑음,단일로 - 기타,승용,남,24세,상해없음,승용,남,31세,경상
2021042600100567,2021년 4월 26일 21시,월요일,부산광역시 중구 중앙동6가,경상사고,0,0,1,0,차량단독 - 기타,기타,건조,맑음,단일로 - 기타,승합,남,49세,상해없음,,,,
2021042600100568,2021년 4월 26일 21시,월요일,부산광역시 영도구 청학동,부상신고사고,0,0,0,1,차량단독 - 전도전복 - 전도,안전운전불이행,건조,맑음,단일로 - 기타,이륜,남,56세,부상신고,,,,
2021042600100591,2021년 4월 26일 22시,월요일,부산광역시 남구 대연동,경상사고,0,0,1,0,차대사람 - 기타,안전운전불이행,건조,맑음,기타 - 기타,승용,남,53세,상해없음,보행자,남,26세,경상
2021042600100592,2021년 4월 26일 22시,월요일,부산광역시 남구 대연동,중상사고,0,1,0,1,차대차 - 측면충돌,안전거리미확보,건조,맑음,단일로 - 기타,승용,남,70세,부상신고,승용,여,28세,중상
2021042600100593,2021년 4월 26일 22시,월요일,부산광역시 동래구 온천동,중상사고,0,1,0,0,차대차 - 측면충돌,안전운전불이행,건조,맑음,단일로 - 기타,자전거,남,26세,중상,승용,남,32세,상해없음
2021042600100594,2021년 4월 26일 22시,월요일,부산광역시 부산진구 전포동,경상사고,0,0,1,0,차대사람 - 기타,안전운전불이행,건조,맑음,단일로 - 지하차도(도로)내,승용,남,24세,상해없음,보행자,남,31세,경상
2021042700100040,2021년 4월 27일 07시,화요일,부산광역시 부산진구 개금동,경상사고,0,0,2,0,차대차 - 기타,신호위반,건조,맑음,교차로 - 교차로안,승용,남,38세,경상,승용,여,49세,경상
2021042700100041,2021년 4월 27일 07시,화요일,부산광역시 연제구 연산동,경상사고,0,0,3,0,차대차 - 측면충돌,안전거리미확보,건조,맑음,교차로 - 교차로부근,승용,여,46세,상해없음,승용,남,33세,경상
2021042700100042,2021년 4월 27일 07시,화요일,부산광역시 사상구 엄궁동,경상사고,0,0,1,0,차량단독 - 기타,안전운전불이행,건조,맑음,기타 - 기타,승합,남,60세,상해없음,,,,
2021042700100063,2021년 4월 27일 08시,화요일,부산광역시 동구 좌천동,중상사고,0,1,1,0,차대차 - 추돌,안전거리미확보,건조,맑음,단일로 - 고가도로위,승용,여,46세,상해없음,승용,남,68세,중상
2021042700100064,2021년 4월 27일 08시,화요일,부산광역시 강서구 명지동,경상사고,0,0,1,0,차대차 - 기타,안전운전불이행,건조,맑음,교차로 - 교차로부근,승용,남,45세,상해없음,승용,남,41세,경상
2021042700100162,2021년 4월 27일 11시,화요일,부산광역시 연제구 연산동,중상사고,0,1,0,0,차대사람 - 기타,안전운전불이행,건조,맑음,단일로 - 기타,원동기,남,26세,상해없음,보행자,여,79세,중상
2021042700100194,2021년 4월 27일 12시,화요일,부산광역시 중구 신창동1가,경상사고,0,0,1,0,차대사람 - 기타,안전운전불이행,건조,맑음,단일로 - 기타,승용,남,56세,상해없음,보행자,여,31세,경상
2021042700100263,2021년 4월 27일 14시,화요일,부산광역시 부산진구 전포동,경상사고,0,0,1,0,차대차 - 기타,안전운전불이행,건조,맑음,교차로 - 교차로안,승용,남,35세,상해없음,이륜,남,23세,경상
2021042700100325,2021년 4월 27일 16시,화요일,부산광역시 남구 대연동,중상사고,0,1,0,0,차대사람 - 차도통행중,안전운전불이행,건조,맑음,단일로 - 기타,개인형이동수단(PM),남,17세,상해없음,보행자,여,18세,중상
2021042700100326,2021년 4월 27일 16시,화요일,부산광역시 금정구 남산동,경상사고,0,0,1,0,차대사람 - 기타,안전운전불이행,건조,맑음,교차로 - 교차로부근,승용,남,74세,상해없음,보행자,여,73세,경상
2021042700100327,2021년 4월 27일 16시,화요일,부산광역시 사상구 감전동,경상사고,0,0,2,0,차대차 - 측면충돌,안전운전불이행,건조,맑음,단일로 - 기타,화물,남,60세,경상,화물,남,63세,경상
2021042700100366,2021년 4월 27일 17시,화요일,부산광역시 수영구 남천동,경상사고,0,0,1,0,차대사람 - 횡단중,보행자보호의무위반,건조,맑음,교차로 - 교차로횡단보도내,승용,남,81세,상해없음,보행자,여,26세,경상
2021042700100367,2021년 4월 27일 17시,화요일,부산광역시 동래구 온천동,경상사고,0,0,1,0,차대사람 - 차도통행중,안전운전불이행,건조,맑음,교차로 - 교차로안,이륜,남,60세,상해없음,보행자,여,81세,경상
2021042700100368,2021년 4월 27일 17시,화요일,부산광역시 사하구 다대동,중상사고,0,1,0,0,차대사람 - 기타,보행자보호의무위반,건조,맑음,교차로 - 교차로부근,승합,남,70세,상해없음,보행자,여,67세,중상
2021042700100369,2021년 4월 27일 17시,화요일,부산광역시 연제구 연산동,경상사고,0,0,1,0,차대차 - 추돌,안전거리미확보,건조,맑음,교차로 - 교차로부근,승용,남,43세,상해없음,승용,여,49세,경상
2021042700100370,2021년 4월 27일 17시,화요일,부산광역시 강서구 지사동,부상신고사고,0,0,0,1,차대차 - 기타,안전운전불이행,건조,맑음,교차로 - 교차로안,승용,남,62세,상해없음,승용,여,28세,부상신고
2021042700100371,2021년 4월 27일 17시,화요일,부산광역시 기장군 기장읍,중상사고,0,1,1,0,차대차 - 기타,안전운전불이행,건조,맑음,교차로 - 교차로안,이륜,남,42세,상해없음,승용,남,56세,경상
2021042700100410,2021년 4월 27일 18시,화요일,부산광역시 부산진구 가야동,경상사고,0,0,1,0,차대차 - 정면충돌,중앙선침범,건조,맑음,단일로 - 기타,승용,남,39세,상해없음,이륜,남,23세,경상
2021042700100456,2021년 4월 27일 19시,화요일,부산광역시 중구 보수동3가,중상사고,0,1,0,0,차대사람 - 차도통행중,안전운전불이행,건조,맑음,교차로 - 교차로부근,승용,남,59세,상해없음,보행자,남,8세,중상
2021042700100493,2021년 4월 27일 20시,화요일,부산광역시 서구 동대신동3가,경상사고,0,0,1,0,차대차 - 기타,안전운전불이행,건조,맑음,단일로 - 기타,승용,남,66세,상해없음,승용,남,40세,경상
2021042700100494,2021년 4월 27일 20시,화요일,부산광역시 사하구 괴정동,경상사고,0,0,1,0,차대사람 - 기타,안전운전불이행,건조,맑음,단일로 - 기타,승용,남,61세,상해없음,보행자,여,38세,경상
2021042700100529,2021년 4월 27일 21시,화요일,부산광역시 동래구 수안동,경상사고,0,0,2,0,차대차 - 추돌,안전운전불이행,건조,맑음,교차로 - 교차로부근,승용,남,33세,상해없음,승용,남,31세,경상
2021042700100530,2021년 4월 27일 21시,화요일,부산광역시 부산진구 연지동,경상사고,0,0,1,0,차대차 - 추돌,안전운전불이행,건조,맑음,단일로 - 기타,이륜,남,22세,상해없음,승용,남,52세,경상
2021042700100531,2021년 4월 27일 21시,화요일,부산광역시 사하구 다대동,경상사고,0,0,1,0,차대차 - 측면충돌,안전운전불이행,건조,맑음,단일로 - 지하차도(도로)내,승용,남,57세,상해없음,승용,남,46세,경상
2021042700100556,2021년 4월 27일 22시,화요일,부산광역시 연제구 연산동,경상사고,0,0,1,0,차대차 - 측면충돌,기타,건조,맑음,단일로 - 기타,승용,남,64세,상해없음,원동기,남,25세,경상
2021042700100577,2021년 4월 27일 23시,화요일,부산광역시 동래구 안락동,경상사고,0,0,1,0,차대차 - 기타,안전운전불이행,건조,맑음,교차로 - 교차로부근,기타불명,기타불명,미분류,기타불명,승합,남,58세,상해없음
2021042700100578,2021년 4월 27일 23시,화요일,부산광역시 부산진구 부전동,중상사고,0,1,0,0,차대사람 - 횡단중,안전운전불이행,건조,맑음,단일로 - 기타,이륜,남,24세,상해없음,보행자,여,38세,중상
2021042800100032,2021년 4월 28일 05시,수요일,부산광역시 사상구 학장동,경상사고,0,0,2,0,차대차 - 추돌,안전운전불이행,건조,맑음,단일로 - 기타,승용,남,41세,상해없음,승용,여,56세,경상
2021042800100045,2021년 4월 28일 06시,수요일,부산광역시 사상구 삼락동,경상사고,0,0,1,0,차대차 - 측면충돌,신호위반,건조,맑음,교차로 - 교차로안,화물,남,56세,상해없음,승용,남,65세,경상
2021042800100080,2021년 4월 28일 08시,수요일,부산광역시 수영구 민락동,중상사고,0,1,2,0,차대차 - 기타,기타,건조,맑음,교차로 - 교차로안,승용,여,46세,중상,승용,남,74세,경상
2021042800100081,2021년 4월 28일 08시,수요일,부산광역시 동래구 온천동,부상신고사고,0,0,0,1,차대차 - 측면충돌,차로위반,건조,맑음,단일로 - 기타,건설기계,남,49세,상해없음,승용,남,65세,부상신고
2021042800100082,2021년 4월 28일 08시,수요일,부산광역시 해운대구 중동,경상사고,0,0,1,0,차대차 - 측면충돌,차로위반,건조,맑음,단일로 - 기타,자전거,남,85세,상해없음,이륜,남,29세,경상
2021042800100126,2021년 4월 28일 09시,수요일,부산광역시 동래구 안락동,경상사고,0,0,1,0,차대차 - 측면충돌,교차로운행방법위반,건조,맑음,교차로 - 교차로안,승용,남,51세,상해없음,승용,남,38세,경상
2021042800100127,2021년 4월 28일 09시,수요일,부산광역시 해운대구 반여동,경상사고,0,0,1,0,차대차 - 측면충돌,안전거리미확보,건조,맑음,단일로 - 기타,건설기계,남,63세,상해없음,승용,여,29세,경상
2021042800100154,2021년 4월 28일 10시,수요일,부산광역시 영도구 청학동,중상사고,0,1,0,0,차대차 - 기타,신호위반,건조,맑음,교차로 - 교차로안,승합,남,58세,상해없음,자전거,남,77세,중상
2021042800100155,2021년 4월 28일 10시,수요일,부산광역시 사하구 하단동,중상사고,0,1,0,0,차대사람 - 횡단중,보행자보호의무위반,건조,맑음,단일로 - 기타,승용,남,44세,상해없음,보행자,여,62세,중상
2021042800100177,2021년 4월 28일 11시,수요일,부산광역시 연제구 연산동,경상사고,0,0,1,0,차대차 - 측면충돌,신호위반,건조,맑음,교차로 - 교차로안,이륜,남,18세,상해없음,승용,남,60세,경상
2021042800100199,2021년 4월 28일 12시,수요일,부산광역시 동구 범일동,경상사고,0,0,2,0,차대차 - 측면충돌,안전운전불이행,건조,맑음,단일로 - 기타,이륜,여,57세,경상,승용,남,54세,경상
2021042800100200,2021년 4월 28일 12시,수요일,부산광역시 남구 용호동,경상사고,0,0,2,0,차대차 - 추돌,안전거리미확보,건조,맑음,교차로 - 교차로부근,승용,여,55세,상해없음,승용,남,49세,경상
2021042800100201,2021년 4월 28일 12시,수요일,부산광역시 해운대구 재송동,경상사고,0,0,1,1,차대차 - 측면충돌,신호위반,건조,맑음,단일로 - 기타,이륜,남,33세,부상신고,승용,여,47세,경상
2021042800100202,2021년 4월 28일 12시,수요일,부산광역시 사하구 감천동,경상사고,0,0,1,0,차대차 - 기타,신호위반,건조,맑음,교차로 - 교차로안,이륜,남,45세,기타불명,이륜,남,18세,경상
2021042800100203,2021년 4월 28일 12시,수요일,부산광역시 강서구 명지동,중상사고,0,1,0,0,차대차 - 기타,신호위반,건조,맑음,단일로 - 기타,승용,남,51세,기타불명,승합,남,55세,중상
2021042800100233,2021년 4월 28일 13시,수요일,부산광역시 강서구 신호동,경상사고,0,0,1,0,차대차 - 기타,안전운전불이행,건조,맑음,교차로 - 교차로안,승용,남,48세,상해없음,자전거,남,78세,경상
2021042800100267,2021년 4월 28일 14시,수요일,부산광역시 영도구 영선동4가,중상사고,0,1,0,0,차대차 - 기타,안전운전불이행,건조,맑음,기타 - 기타,이륜,남,74세,중상,승용,남,63세,상해없음
2021042800100269,2021년 4월 28일 14시,수요일,부산광역시 연제구 거제동,경상사고,0,0,1,0,차대차 - 기타,교차로운행방법위반,건조,맑음,교차로 - 교차로안,승용,남,72세,상해없음,승용,여,42세,경상
2021042800100295,2021년 4월 28일 15시,수요일,부산광역시 서구 서대신동2가,경상사고,0,0,2,0,차대차 - 측면충돌,안전거리미확보,건조,맑음,단일로 - 기타,승용,여,74세,상해없음,승용,남,31세,경상
2021042800100296,2021년 4월 28일 15시,수요일,부산광역시 북구 금곡동,중상사고,0,2,0,0,차대차 - 기타,안전거리미확보,건조,맑음,단일로 - 기타,원동기,여,55세,중상,승용,여,53세,상해없음
2021042800100297,2021년 4월 28일 15시,수요일,부산광역시 동래구 명장동,경상사고,0,0,2,0,차대차 - 후진중충돌,안전운전불이행,건조,맑음,단일로 - 기타,승용,여,52세,상해없음,승용,여,40세,경상
2021042800100298,2021년 4월 28일 15시,수요일,부산광역시 동래구 명륜동,경상사고,0,0,4,0,차대차 - 측면충돌,안전운전불이행,건조,맑음,단일로 - 기타,승용,남,75세,상해없음,승용,여,31세,경상
2021042800100362,2021년 4월 28일 17시,수요일,부산광역시 연제구 거제동,부상신고사고,0,0,0,1,차대차 - 후진중충돌,안전운전불이행,건조,맑음,단일로 - 기타,화물,남,33세,상해없음,이륜,남,46세,부상신고
2021042800100402,2021년 4월 28일 18시,수요일,부산광역시 동래구 사직동,부상신고사고,0,0,0,1,차대차 - 기타,안전운전불이행,건조,맑음,교차로 - 교차로부근,승합,남,53세,기타불명,승용,남,33세,상해없음
2021042800100442,2021년 4월 28일 19시,수요일,부산광역시 수영구 남천동,경상사고,0,0,1,0,차대차 - 측면충돌,안전운전불이행,건조,맑음,단일로 - 기타,승용,여,51세,기타불명,승용,남,41세,경상
2021042800100473,2021년 4월 28일 20시,수요일,부산광역시 동래구 온천동,경상사고,0,0,2,0,차대차 - 측면충돌,신호위반,건조,맑음,교차로 - 교차로안,이륜,남,16세,상해없음,승용,남,78세,경상
2021042800100474,2021년 4월 28일 20시,수요일,부산광역시 부산진구 부전동,경상사고,0,0,1,0,차대차 - 기타,신호위반,건조,맑음,교차로 - 교차로안,이륜,남,21세,상해없음,이륜,남,28세,경상
2021042800100475,2021년 4월 28일 20시,수요일,부산광역시 금정구 남산동,중상사고,0,1,0,0,차대사람 - 길가장자리구역통행중,안전운전불이행,건조,맑음,교차로 - 교차로안,승용,남,32세,상해없음,보행자,남,31세,중상
2021042800100476,2021년 4월 28일 20시,수요일,부산광역시 사상구 모라동,중상사고,0,11,15,0,차량단독 - 공작물충돌,기타,건조,맑음,단일로 - 기타,승합,남,59세,상해없음,,,,
2021042800100538,2021년 4월 28일 22시,수요일,부산광역시 해운대구 송정동,경상사고,0,0,1,0,차대차 - 추돌,안전운전불이행,건조,맑음,단일로 - 기타,승용,여,34세,상해없음,승용,남,52세,경상
2021042900100031,2021년 4월 29일 05시,목요일,부산광역시 부산진구 전포동,경상사고,0,0,1,0,차대차 - 측면충돌,신호위반,건조,맑음,교차로 - 교차로안,승용,남,30세,상해없음,화물,남,51세,경상
2021042900100037,2021년 4월 29일 06시,목요일,부산광역시 부산진구 양정동,경상사고,0,0,1,0,차대차 - 측면충돌,신호위반,건조,맑음,교차로 - 교차로안,승용,남,23세,상해없음,이륜,남,30세,경상
2021042900100038,2021년 4월 29일 06시,목요일,부산광역시 강서구 송정동,중상사고,0,1,0,0,차대차 - 측면충돌,신호위반,건조,맑음,교차로 - 교차로안,승용,남,58세,상해없음,승용,남,42세,중상