사고번호,사고일시,요일,시군구,사고내용,사망자수,중상자수,경상자수,부상신고자수,사고유형,법규위반,노면상태,기상상태,도로형태,가해운전자 차종,가해운전자 성별,가해운전자 연령,가해운전자 상해정도,피해운전자 차종,피해운전자 성별,피해운전자 연령,피해운전자 상해정도
2021052700100175,2021년 5월 27일 11시,목요일,부산광역시 해운대구 우동,경상사고,0,0,1,0,차대차 - 기타,안전운전불이행,건조,맑음,단일로 - 기타,승용,남,27세,상해없음,자전거,남,24세,경상
2021052700100177,2021년 5월 27일 11시,목요일,부산광역시 연제구 거제동,경상사고,0,0,1,0,차대차 - 측면충돌,안전거리미확보,건조,맑음,단일로 - 기타,이륜,남,74세,상해없음,승용,남,58세,경상
2021052700100201,2021년 5월 27일 12시,목요일,부산광역시 남구 대연동,경상사고,0,0,1,0,차대차 - 측면충돌,안전운전불이행,건조,맑음,교차로 - 교차로안,이륜,남,48세,경상,승용,남,31세,상해없음
2021052700100235,2021년 5월 27일 13시,목요일,부산광역시 동래구 명장동,중상사고,0,1,0,0,차대차 - 기타,안전운전불이행,건조,맑음,단일로 - 기타,화물,남,48세,상해없음,자전거,남,82세,중상
2021052700100236,2021년 5월 27일 13시,목요일,부산광역시 강서구 송정동,경상사고,0,0,2,0,차대차 - 기타,안전거리미확보,건조,맑음,단일로 - 기타,특수,남,61세,상해없음,승용,남,60세,경상
2021052700100270,2021년 5월 27일 14시,목요일,부산광역시 수영구 광안동,경상사고,0,0,1,0,차대사람 - 기타,안전운전불이행,건조,맑음,단일로 - 기타,자전거,남,38세,상해없음,보행자,남,8세,경상
2021052700100271,2021년 5월 27일 14시,목요일,부산광역시 동래구 온천동,경상사고,0,0,1,0,차대차 - 추돌,안전운전불이행,건조,맑음,교차로 - 교차로부근,승용,남,82세,상해없음,승용,여,46세,경상
2021052700100272,2021년 5월 27일 14시,목요일,부산광역시 동래구 안락동,경상사고,0,0,1,0,차대차 - 측면충돌,안전거리미확보,건조,맑음,단일로 - 기타,승용,남,57세,상해없음,승용,여,41세,경상
2021052700100273,2021년 5월 27일 14시,목요일,부산광역시 해운대구 재송동,경상사고,0,0,1,0,차대차 - 기타,교차로운행방법위반,건조,맑음,교차로 - 교차로안,승용,남,65세,상해없음,승용,남,46세,경상
2021052700100274,2021년 5월 27일 14시,목요일,부산광역시 사하구 하단동,경상사고,0,0,1,0,차대차 - 측면충돌,불법유턴,건조,맑음,단일로 - 지하차도(도로)내,승용,여,49세,경상,승용,여,40세,상해없음
2021052700100310,2021년 5월 27일 15시,목요일,부산광역시 서구 충무동1가,중상사고,0,1,1,0,차대차 - 측면충돌,안전운전불이행,건조,맑음,단일로 - 기타,이륜,남,33세,경상,이륜,남,67세,중상
2021052700100311,2021년 5월 27일 15시,목요일,부산광역시 동래구 온천동,경상사고,0,0,2,0,차대차 - 측면충돌,차로위반,건조,맑음,단일로 - 기타,승용,여,60세,상해없음,승용,여,59세,경상
2021052700100312,2021년 5월 27일 15시,목요일,부산광역시 기장군 기장읍,경상사고,0,0,2,0,차대차 - 정면충돌,중앙선침범,건조,맑음,단일로 - 기타,승용,여,26세,상해없음,승용,남,52세,경상
2021052700100336,2021년 5월 27일 16시,목요일,부산광역시 동구 초량동,경상사고,0,0,1,0,차대차 - 측면충돌,교차로운행방법위반,건조,맑음,교차로 - 교차로횡단보도내,승용,남,42세,상해없음,이륜,남,51세,경상
2021052700100337,2021년 5월 27일 16시,목요일,부산광역시 동래구 사직동,경상사고,0,0,1,0,차대사람 - 횡단중,기타,건조,맑음,단일로 - 기타,승용,남,68세,상해없음,보행자,남,9세,경상
2021052700100415,2021년 5월 27일 18시,목요일,부산광역시 서구 서대신동2가,중상사고,0,1,0,0,차대사람 - 보도통행중,보행자보호의무위반,건조,맑음,교차로 - 교차로안,승용,남,57세,상해없음,보행자,여,70세,중상
2021052700100416,2021년 5월 27일 18시,목요일,부산광역시 해운대구 우동,경상사고,0,0,1,0,차대사람 - 보도통행중,기타,건조,맑음,기타 - 기타,원동기,남,15세,상해없음,보행자,여,71세,경상
2021052700100456,2021년 5월 27일 19시,목요일,부산광역시 해운대구 중동,경상사고,0,0,1,0,차대차 - 기타,기타,건조,맑음,교차로 - 교차로부근,승용,남,68세,상해없음,승용,남,70세,상해없음
2021052700100491,2021년 5월 27일 20시,목요일,부산광역시 사상구 학장동,경상사고,0,0,1,0,차대차 - 정면충돌,안전운전불이행,건조,맑음,교차로 - 교차로안,이륜,남,19세,상해없음,이륜,남,55세,경상
2021052700100529,2021년 5월 27일 21시,목요일,부산광역시 해운대구 송정동,경상사고,0,0,2,0,차대차 - 후진중충돌,안전운전불이행,건조,맑음,교차로 - 교차로부근,승용,남,64세,상해없음,승용,남,28세,경상
2021052700100530,2021년 5월 27일 21시,목요일,부산광역시 기장군 정관읍,경상사고,0,0,1,0,차대차 - 추돌,안전운전불이행,건조,맑음,교차로 - 교차로부근,화물,남,47세,상해없음,승용,여,45세,경상
2021052800100005,2021년 5월 28일 00시,금요일,부산광역시 동구 범일동,중상사고,0,2,1,0,차대차 - 정면충돌,중앙선침범,건조,맑음,단일로 - 기타,승용,남,70세,기타불명,승용,남,54세,경상
2021052800100019,2021년 5월 28일 02시,금요일,부산광역시 사하구 괴정동,부상신고사고,0,0,0,1,차대차 - 측면충돌,안전운전불이행,건조,맑음,단일로 - 기타,이륜,남,24세,부상신고,화물,남,43세,기타불명
2021052800100090,2021년 5월 28일 08시,금요일,부산광역시 동구 좌천동,경상사고,0,0,1,0,차대차 - 추돌,안전운전불이행,건조,맑음,교차로 - 교차로안,승용,여,38세,상해없음,이륜,남,32세,경상
2021052800100091,2021년 5월 28일 08시,금요일,부산광역시 부산진구 전포동,경상사고,0,0,2,0,차대차 - 기타,교차로운행방법위반,건조,맑음,교차로 - 교차로부근,건설기계,남,40세,경상,승용,남,48세,경상
2021052800100092,2021년 5월 28일 08시,금요일,부산광역시 사상구 덕포동,중상사고,0,1,1,0,차대차 - 측면충돌,안전운전불이행,건조,맑음,교차로 - 교차로안,승용,남,63세,상해없음,이륜,남,17세,중상
2021052800100124,2021년 5월 28일 09시,금요일,부산광역시 해운대구 우동,경상사고,0,0,1,0,차대차 - 기타,안전운전불이행,건조,흐림,교차로 - 교차로부근,승용,남,40세,상해없음,승합,남,66세,상해없음
2021052800100125,2021년 5월 28일 09시,금요일,부산광역시 사하구 감천동,중상사고,0,1,0,0,차대사람 - 기타,중앙선침범,건조,맑음,단일로 - 기타,화물,남,31세,상해없음,보행자,여,52세,중상
2021052800100126,2021년 5월 28일 09시,금요일,부산광역시 사상구 엄궁동,경상사고,0,0,1,0,차대사람 - 횡단중,신호위반,건조,맑음,교차로 - 교차로횡단보도내,이륜,남,63세,상해없음,보행자,여,53세,경상
2021052800100181,2021년 5월 28일 11시,금요일,부산광역시 해운대구 우동,중상사고,0,1,1,0,차대차 - 기타,교차로운행방법위반,건조,맑음,교차로 - 교차로안,승용,여,77세,상해없음,이륜,남,70세,경상
2021052800100182,2021년 5월 28일 11시,금요일,부산광역시 사하구 장림동,경상사고,0,0,1,0,차대차 - 측면충돌,안전거리미확보,건조,맑음,교차로 - 교차로안,화물,남,56세,상해없음,승용,남,67세,경상
2021052800100183,2021년 5월 28일 11시,금요일,부산광역시 사하구 다대동,중상사고,0,1,0,0,차대차 - 기타,안전운전불이행,건조,맑음,교차로 - 교차로부근,화물,남,53세,상해없음,승용,남,69세,중상
2021052800100184,2021년 5월 28일 11시,금요일,부산광역시 사상구 모라동,경상사고,0,0,1,0,차대차 - 측면충돌,안전운전불이행,건조,맑음,단일로 - 기타,승용,남,66세,상해없음,이륜,남,71세,경상
2021052800100212,2021년 5월 28일 12시,금요일,부산광역시 북구 만덕동,경상사고,0,0,3,0,차대차 - 정면충돌,교차로운행방법위반,건조,맑음,교차로 - 교차로안,원동기,남,47세,상해없음,승용,남,66세,경상
2021052800100213,2021년 5월 28일 12시,금요일,부산광역시 강서구 송정동,중상사고,0,1,2,0,차대차 - 기타,안전운전불이행,건조,맑음,교차로 - 교차로안,승용,남,50세,상해없음,승용,남,40세,중상
2021052800100246,2021년 5월 28일 13시,금요일,부산광역시 남구 대연동,중상사고,0,1,0,0,차대사람 - 횡단중,보행자보호의무위반,건조,맑음,교차로 - 교차로부근,승합,남,73세,상해없음,보행자,여,76세,중상
2021052800100247,2021년 5월 28일 13시,금요일,부산광역시 부산진구 범천동,경상사고,0,0,1,0,차대차 - 측면충돌,안전운전불이행,건조,맑음,단일로 - 기타,승용,여,63세,상해없음,화물,남,44세,경상
2021052800100248,2021년 5월 28일 13시,금요일,부산광역시 부산진구 양정동,중상사고,0,1,0,0,차대차 - 측면충돌,안전운전불이행,건조,맑음,교차로 - 교차로안,승용,남,32세,상해없음,이륜,남,32세,중상
2021052800100287,2021년 5월 28일 14시,금요일,부산광역시 영도구 영선동2가,중상사고,0,1,0,0,차대사람 - 길가장자리구역통행중,안전운전불이행,건조,흐림,단일로 - 기타,승용,남,51세,상해없음,보행자,여,53세,중상
2021052800100288,2021년 5월 28일 14시,금요일,부산광역시 부산진구 가야동,경상사고,0,0,1,0,차대차 - 추돌,차로위반,건조,맑음,단일로 - 교량,특수,남,45세,상해없음,화물,남,68세,경상
2021052800100290,2021년 5월 28일 14시,금요일,부산광역시 강서구 명지동,경상사고,0,0,1,0,차대차 - 기타,안전운전불이행,건조,맑음,단일로 - 기타,자전거,남,22세,경상,승용,여,32세,상해없음
2021052800100327,2021년 5월 28일 15시,금요일,부산광역시 동래구 사직동,경상사고,0,0,1,0,차대사람 - 횡단중,보행자보호의무위반,건조,맑음,교차로 - 교차로안,화물,남,61세,상해없음,보행자,여,36세,경상
2021052800100328,2021년 5월 28일 15시,금요일,부산광역시 부산진구 부전동,경상사고,0,0,1,0,차대사람 - 차도통행중,안전운전불이행,젖음/습기,비,단일로 - 기타,승용,여,51세,상해없음,보행자,남,62세,경상
2021052800100399,2021년 5월 28일 17시,금요일,부산광역시 남구 대연동,경상사고,0,0,2,0,차대차 - 측면충돌,안전운전불이행,젖음/습기,비,교차로 - 교차로안,승용,남,46세,기타불명,승용,여,39세,경상
2021052800100400,2021년 5월 28일 17시,금요일,부산광역시 사하구 다대동,중상사고,0,2,0,0,차대차 - 기타,안전운전불이행,젖음/습기,비,단일로 - 기타,승용,여,28세,상해없음,승용,남,45세,중상
2021052800100401,2021년 5월 28일 17시,금요일,부산광역시 강서구 송정동,중상사고,0,1,0,0,차대차 - 기타,신호위반,건조,맑음,교차로 - 교차로부근,승용,남,30세,상해없음,자전거,여,30세,중상
2021052800100402,2021년 5월 28일 17시,금요일,부산광역시 사상구 모라동,중상사고,0,1,0,0,차대차 - 기타,안전운전불이행,건조,맑음,교차로 - 교차로횡단보도내,승용,남,31세,상해없음,자전거,남,59세,중상
2021052800100403,2021년 5월 28일 17시,금요일,부산광역시 사상구 삼락동,경상사고,0,0,2,0,차대차 - 기타,안전운전불이행,건조,맑음,교차로 - 교차로안,승용,남,53세,경상,승용,남,29세,경상
2021052800100450,2021년 5월 28일 18시,금요일,부산광역시 서구 동대신동2가,중상사고,0,1,0,0,차대차 - 기타,안전운전불이행,젖음/습기,흐림,교차로 - 교차로부근,이륜,남,54세,중상,승용,남,50세,상해없음
2021052800100451,2021년 5월 28일 18시,금요일,부산광역시 동래구 명륜동,중상사고,0,1,1,0,차대차 - 측면충돌,차로위반,건조,맑음,단일로 - 기타,승용,남,62세,상해없음,승용,남,61세,중상
2021052800100452,2021년 5월 28일 18시,금요일,부산광역시 부산진구 당감동,중상사고,0,1,0,0,차대차 - 기타,안전거리미확보,건조,흐림,교차로 - 교차로부근,승용,남,62세,상해없음,이륜,남,31세,중상
2021052800100453,2021년 5월 28일 18시,금요일,부산광역시 부산진구 개금동,중상사고,0,1,0,0,차대차 - 기타,직진우회전진행방해,건조,맑음,교차로 - 교차로안,승용,남,29세,상해없음,이륜,남,49세,중상
2021052800100454,2021년 5월 28일 18시,금요일,부산광역시 사하구 다대동,경상사고,0,0,1,0,차대차 - 기타,기타,건조,맑음,교차로 - 교차로부근,승용,남,40세,상해없음,이륜,남,38세,경상
2021052800100502,2021년 5월 28일 19시,금요일,부산광역시 서구 암남동,경상사고,0,0,1,0,차대차 - 추돌,안전운전불이행,건조,맑음,단일로 - 기타,승용,여,60세,상해없음,승용,여,53세,경상
2021052800100537,2021년 5월 28일 20시,금요일,부산광역시 중구 중앙동6가,경상사고,0,0,2,0,차대차 - 측면충돌,안전운전불이행,건조,흐림,단일로 - 기타,승용,남,47세,상해없음,승용,남,61세,경상
2021052800100538,2021년 5월 28일 20시,금요일,부산광역시 북구 금곡동,경상사고,0,0,2,0,차대차 - 측면충돌,안전거리미확보,건조,맑음,단일로 - 기타,승합,남,66세,상해없음,승합,남,41세,경상
2021052800100539,2021년 5월 28일 20시,금요일,부산광역시 금정구 구서동,중상사고,0,1,0,0,차대차 - 측면충돌,안전운전불이행,건조,맑음,단일로 - 기타,승용,남,64세,상해없음,원동기,남,48세,중상
2021052800100540,2021년 5월 28일 20시,금요일,부산광역시 사상구 주례동,중상사고,0,1,0,0,차대차 - 측면충돌,교차로운행방법위반,건조,맑음,교차로 - 교차로안,승용,남,26세,상해없음,이륜,남,32세,중상
2021052800100565,2021년 5월 28일 21시,금요일,부산광역시 영도구 청학동,경상사고,0,0,2,0,차대차 - 추돌,안전거리미확보,건조,맑음,단일로 - 기타,이륜,남,49세,경상,승용,남,68세,경상
2021052800100614,2021년 5월 28일 23시,금요일,부산광역시 남구 문현동,경상사고,0,0,1,0,차대차 - 추돌,안전운전불이행,건조,맑음,단일로 - 기타,승용,남,44세,상해없음,승용,남,35세,경상
2021052800100615,2021년 5월 28일 23시,금요일,부산광역시 남구 대연동,경상사고,0,0,2,0,차대사람 - 횡단중,보행자보호의무위반,건조,흐림,단일로 - 기타,승용,남,54세,상해없음,보행자,여,16세,경상
2021052900100018,2021년 5월 29일 02시,토요일,부산광역시 서구 토성동3가,경상사고,0,0,1,0,차대차 - 측면충돌,신호위반,건조,맑음,단일로 - 기타,승용,남,40세,상해없음,이륜,남,45세,경상
2021052900100044,2021년 5월 29일 05시,토요일,부산광역시 서구 토성동5가,부상신고사고,0,0,0,1,차대사람 - 횡단중,안전운전불이행,건조,맑음,교차로 - 교차로횡단보도내,승용,남,67세,상해없음,보행자,남,70세,부상신고
2021052900100045,2021년 5월 29일 05시,토요일,부산광역시 사상구 학장동,경상사고,0,0,1,0,차대차 - 측면충돌,교차로운행방법위반,건조,맑음,교차로 - 교차로안,승용,남,77세,상해없음,승용,남,64세,경상
2021052900100080,2021년 5월 29일 08시,토요일,부산광역시 북구 구포동,중상사고,0,1,0,1,차대차 - 기타,교차로운행방법위반,건조,맑음,교차로 - 교차로안,승용,남,33세,부상신고,승용,남,77세,중상
2021052900100081,2021년 5월 29일 08시,토요일,부산광역시 연제구 연산동,경상사고,0,0,1,0,차대차 - 추돌,안전운전불이행,건조,맑음,교차로 - 교차로안,승용,여,55세,상해없음,이륜,남,31세,경상
2021052900100101,2021년 5월 29일 09시,토요일,부산광역시 중구 영주동,사망사고,1,0,0,0,차대사람 - 길가장자리구역통행중,안전운전불이행,건조,맑음,단일로 - 기타,화물,남,39세,상해없음,보행자,여,76세,사망
2021052900100102,2021년 5월 29일 09시,토요일,부산광역시 동구 범일동,경상사고,0,0,1,0,차대차 - 추돌,안전거리미확보,건조,맑음,단일로 - 기타,승용,남,65세,상해없음,화물,남,29세,경상
2021052900100103,2021년 5월 29일 09시,토요일,부산광역시 동구 초량동,경상사고,0,0,1,0,차대차 - 측면충돌,교차로운행방법위반,건조,맑음,단일로 - 기타,특수,남,44세,상해없음,승용,남,31세,경상
2021052900100104,2021년 5월 29일 09시,토요일,부산광역시 서구 초장동,경상사고,0,0,1,0,차대차 - 측면충돌,교차로운행방법위반,건조,맑음,교차로 - 교차로안,화물,남,51세,상해없음,이륜,남,34세,경상
2021052900100195,2021년 5월 29일 12시,토요일,부산광역시 북구 만덕동,중상사고,0,1,0,0,차대사람 - 기타,보행자보호의무위반,건조,맑음,교차로 - 교차로횡단보도내,승용,여,39세,상해없음,보행자,여,71세,중상
2021052900100196,2021년 5월 29일 12시,토요일,부산광역시 부산진구 범천동,중상사고,0,1,1,0,차대차 - 측면충돌,안전운전불이행,건조,맑음,교차로 - 교차로부근,승용,남,70세,경상,승용,남,22세,중상
2021052900100197,2021년 5월 29일 12시,토요일,부산광역시 부산진구 부전동,경상사고,0,0,1,0,차대차 - 기타,안전운전불이행,건조,기타,교차로 - 교차로안,승용,남,70세,상해없음,승용,남,46세,상해없음
2021052900100236,2021년 5월 29일 13시,토요일,부산광역시 금정구 부곡동,중상사고,0,1,2,1,차대차 - 추돌,안전운전불이행,건조,맑음,단일로 - 터널,화물,남,35세,상해없음,승용,남,31세,중상
2021052900100276,2021년 5월 29일 14시,토요일,부산광역시 동래구 명륜동,경상사고,0,0,2,0,차대차 - 정면충돌,안전운전불이행,건조,맑음,교차로 - 교차로안,이륜,남,23세,경상,승용,남,36세,경상
2021052900100277,2021년 5월 29일 14시,토요일,부산광역시 금정구 노포동,부상신고사고,0,0,0,1,차대차 - 측면충돌,안전운전불이행,건조,맑음,단일로 - 기타,화물,남,48세,상해없음,화물,남,78세,상해없음
2021052900100278,2021년 5월 29일 14시,토요일,부산광역시 기장군 장안읍,경상사고,0,0,1,0,차대차 - 측면충돌,중앙선침범,건조,맑음,교차로 - 교차로부근,승용,여,66세,상해없음,승용,여,49세,경상
2021052900100312,2021년 5월 29일 15시,토요일,부산광역시 수영구 남천동,경상사고,0,0,2,0,차대차 - 측면충돌,안전운전불이행,건조,맑음,단일로 - 기타,화물,남,50세,상해없음,이륜,남,32세,경상
2021052900100313,2021년 5월 29일 15시,토요일,부산광역시 수영구 남천동,부상신고사고,0,0,0,2,차대차 - 기타,안전거리미확보,건조,맑음,단일로 - 기타,승용,남,39세,부상신고,승용,남,53세,상해없음
2021052900100347,2021년 5월 29일 16시,토요일,부산광역시 강서구 송정동,경상사고,0,0,2,0,차대차 - 기타,안전운전불이행,건조,맑음,단일로 - 기타,승용,남,55세,상해없음,승용,남,34세,경상
2021052900100425,2021년 5월 29일 18시,토요일,부산광역시 해운대구 우동,경상사고,0,0,2,0,차대차 - 기타,안전운전불이행,건조,맑음,교차로 - 교차로안,승용,여,65세,기타불명,승용,남,41세,경상
2021052900100487,2021년 5월 29일 20시,토요일,부산광역시 동래구 온천동,경상사고,0,0,1,0,차대사람 - 차도통행중,안전운전불이행,건조,맑음,교차로 - 교차로안,이륜,남,58세,상해없음,보행자,남,8세,경상
2021052900100488,2021년 5월 29일 20시,토요일,부산광역시 영도구 신선동1가,중상사고,0,1,0,0,차대사람 - 기타,보행자보호의무위반,건조,맑음,교차로 - 교차로안,화물,남,61세,상해없음,보행자,여,50세,중상
2021052900100543,2021년 5월 29일 22시,토요일,부산광역시 남구 문현동,중상사고,0,2,0,0,차대차 - 측면충돌,안전운전불이행,건조,맑음,단일로 - 기타,승용,남,31세,상해없음,승용,남,39세,중상
2021052900100544,2021년 5월 29일 22시,토요일,부산광역시 북구 구포동,경상사고,0,0,3,0,차대차 - 기타,안전운전불이행,건조,맑음,단일로 - 기타,승용,남,64세,상해없음,승용,남,35세,경상
2021052900100545,2021년 5월 29일 22시,토요일,부산광역시 강서구 대저2동,경상사고,0,0,1,0,차대차 - 측면충돌,신호위반,건조,맑음,교차로 - 교차로안,승용,남,26세,상해없음,승용,남,41세,경상
2021053000100005,2021년 5월 30일 00시,일요일,부산광역시 해운대구 우동,경상사고,0,0,1,0,차대차 - 측면충돌,신호위반,건조,맑음,교차로 - 교차로안,승용,남,22세,상해없음,승용,남,51세,경상
2021053000100011,2021년 5월 30일 01시,일요일,부산광역시 영도구 봉래동3가,경상사고,0,0,1,0,차대차 - 측면충돌,안전운전불이행,건조,맑음,단일로 - 기타,승용,남,56세,상해없음,승용,남,24세,경상
2021053000100059,2021년 5월 30일 09시,일요일,부산광역시 수영구 광안동,경상사고,0,0,1,0,차대사람 - 횡단중,신호위반,건조,맑음,단일로 - 기타,이륜,남,25세,상해없음,보행자,여,53세,경상
2021053000100077,2021년 5월 30일 10시,일요일,부산광역시 사하구 신평동,중상사고,0,1,0,0,차대차 - 기타,교차로운행방법위반,건조,맑음,교차로 - 교차로부근,승용,남,68세,상해없음,승용,남,22세,상해없음
2021053000100102,2021년 5월 30일 11시,일요일,부산광역시 해운대구 좌동,경상사고,0,0,1,0,차대사람 - 기타,안전운전불이행,건조,맑음,단일로 - 기타,승용,여,50세,상해없음,보행자,남,62세,경상
2021053000100103,2021년 5월 30일 11시,일요일,부산광역시 해운대구 석대동,경상사고,0,0,1,0,차대차 - 기타,기타,건조,맑음,단일로 - 기타,화물,남,54세,상해없음,승용,남,50세,경상
2021053000100133,2021년 5월 30일 12시,일요일,부산광역시 해운대구 반여동,경상사고,0,0,1,0,차대차 - 추돌,안전운전불이행,건조,맑음,단일로 - 기타,화물,남,62세,상해없음,승용,남,48세,경상
2021053000100159,2021년 5월 30일 13시,일요일,부산광역시 사하구 신평동,경상사고,0,0,1,0,차대차 - 기타,안전거리미확보,건조,맑음,교차로 - 교차로부근,승용,남,70세,상해없음,승용,남,26세,경상
2021053000100192,2021년 5월 30일 14시,일요일,부산광역시 동구 초량동,경상사고,0,0,2,0,차대차 - 측면충돌,안전거리미확보,건조,맑음,단일로 - 기타,승용,남,67세,상해없음,승용,남,44세,경상
2021053000100193,2021년 5월 30일 14시,일요일,부산광역시 수영구 광안동,중상사고,0,1,0,0,차대차 - 기타,안전운전불이행,건조,맑음,단일로 - 기타,승용,여,47세,상해없음,이륜,남,40세,중상
2021053000100194,2021년 5월 30일 14시,일요일,부산광역시 수영구 남천동,중상사고,0,1,0,0,차대차 - 측면충돌,직진우회전진행방해,건조,맑음,교차로 - 교차로안,개인형이동수단(PM),남,13세,중상,승용,남,39세,상해없음
2021053000100195,2021년 5월 30일 14시,일요일,부산광역시 해운대구 우동,경상사고,0,0,1,0,차대차 - 측면충돌,안전거리미확보,건조,맑음,교차로 - 교차로안,승용,남,56세,상해없음,승용,남,23세,경상
2021053000100196,2021년 5월 30일 14시,일요일,부산광역시 사하구 다대동,중상사고,0,1,0,0,차대차 - 측면충돌,신호위반,건조,맑음,교차로 - 교차로안,승용,남,53세,상해없음,이륜,남,53세,중상
2021053000100235,2021년 5월 30일 15시,일요일,부산광역시 기장군 기장읍,경상사고,0,0,2,0,차대차 - 추돌,차로위반,건조,맑음,단일로 - 기타,승용,남,63세,상해없음,승용,남,55세,경상
2021053000100277,2021년 5월 30일 16시,일요일,부산광역시 사하구 장림동,경상사고,0,0,1,1,차대차 - 측면충돌,중앙선침범,건조,맑음,교차로 - 교차로부근,승용,여,60세,부상신고,승합,남,44세,경상
2021053000100278,2021년 5월 30일 16시,일요일,부산광역시 사하구 하단동,부상신고사고,0,0,0,1,차대차 - 측면충돌,안전운전불이행,건조,맑음,교차로 - 교차로부근,자전거,남,13세,부상신고,승용,남,52세,상해없음
2021053000100308,2021년 5월 30일 17시,일요일,부산광역시 수영구 망미동,경상사고,0,0,1,0,차대차 - 기타,안전운전불이행,건조,맑음,교차로 - 교차로부근,승용,남,62세,상해없음,원동기,남,44세,경상
2021053000100410,2021년 5월 30일 20시,일요일,부산광역시 사상구 괘법동,중상사고,0,1,0,0,차대사람 - 횡단중,기타,건조,맑음,단일로 - 기타,이륜,남,32세,상해없음,보행자,남,18세,중상
2021053000100434,2021년 5월 30일 21시,일요일,부산광역시 동래구 사직동,중상사고,0,1,2,0,차대차 - 측면충돌,신호위반,건조,맑음,교차로 - 교차로안,승용,여,51세,상해없음,승용,남,45세,중상
2021053000100435,2021년 5월 30일 21시,일요일,부산광역시 동래구 안락동,중상사고,0,1,2,0,차대차 - 기타,안전거리미확보,건조,맑음,단일로 - 기타,승용,여,27세,상해없음,승용,여,28세,중상
2021053000100461,2021년 5월 30일 22시,일요일,부산광역시 남구 대연동,경상사고,0,0,1,0,차대차 - 측면충돌,안전운전불이행,건조,맑음,교차로 - 교차로안,이륜,남,26세,경상,승용,남,48세,상해없음
2021053000100490,2021년 5월 30일 23시,일요일,부산광역시 남구 대연동,경상사고,0,0,1,0,차대사람 - 기타,안전운전불이행,건조,맑음,단일로 - 기타,승용,남,68세,상해없음,보행자,남,42세,경상
2021053000100491,2021년 5월 30일 23시,일요일,부산광역시 연제구 연산동,경상사고,0,0,1,0,차대차 - 추돌,안전운전불이행,건조,맑음,교차로 - 교차로부근,승용,남,63세,상해없음,원동기,남,60세,경상
2021053100100018,2021년 5월 31일 05시,월요일,부산광역시 북구 만덕동,중상사고,0,1,1,0,차대차 - 기타,교차로운행방법위반,건조,맑음,교차로 - 교차로안,승용,남,47세,상해없음,승용,여,68세,중상
2021053100100027,2021년 5월 31일 06시,월요일,부산광역시 사상구 감전동,중상사고,0,1,0,0,차대사람 - 기타,안전운전불이행,건조,맑음,단일로 - 기타,기타불명,남,58세,상해없음,보행자,여,61세,중상
2021053100100039,2021년 5월 31일 07시,월요일,부산광역시 해운대구 중동,경상사고,0,0,1,0,차대차 - 기타,안전운전불이행,건조,맑음,단일로 - 기타,승용,남,45세,상해없음,이륜,남,42세,경상
2021053100100040,2021년 5월 31일 07시,월요일,부산광역시 해운대구 우동,중상사고,0,1,1,0,차대차 - 추돌,안전운전불이행,건조,맑음,기타 - 기타,승용,남,53세,상해없음,화물,남,34세,경상
2021053100100041,2021년 5월 31일 07시,월요일,부산광역시 부산진구 당감동,경상사고,0,0,1,0,차대차 - 측면충돌,중앙선침범,건조,맑음,단일로 - 기타,승용,남,58세,상해없음,승합,남,51세,경상
2021053100100042,2021년 5월 31일 07시,월요일,부산광역시 수영구 망미동,경상사고,0,0,1,0,차대차 - 측면충돌,안전운전불이행,건조,맑음,단일로 - 기타,승용,남,61세,상해없음,승용,남,58세,경상
2021053100100060,2021년 5월 31일 08시,월요일,부산광역시 동래구 안락동,중상사고,0,1,0,0,차대차 - 추돌,안전운전불이행,건조,맑음,교차로 - 교차로안,이륜,남,34세,상해없음,이륜,남,26세,중상
2021053100100061,2021년 5월 31일 08시,월요일,부산광역시 사하구 당리동,중상사고,0,1,0,0,차대사람 - 기타,보행자보호의무위반,건조,맑음,단일로 - 기타,승용,여,34세,상해없음,보행자,여,9세,중상
2021053100100094,2021년 5월 31일 09시,월요일,부산광역시 해운대구 좌동,경상사고,0,0,1,0,차대차 - 기타,교차로운행방법위반,건조,맑음,교차로 - 교차로부근,승용,여,48세,상해없음,승합,남,62세,상해없음
2021053100100095,2021년 5월 31일 09시,월요일,부산광역시 강서구 명지동,경상사고,0,0,1,0,차대차 - 정면충돌,안전운전불이행,건조,맑음,단일로 - 기타,승용,여,62세,상해없음,승용,여,30세,경상
2021053100100096,2021년 5월 31일 09시,월요일,부산광역시 강서구 송정동,부상신고사고,0,0,0,1,차대차 - 기타,안전운전불이행,건조,맑음,단일로 - 기타,승용,여,23세,상해없음,화물,남,43세,부상신고
2021053100100154,2021년 5월 31일 11시,월요일,부산광역시 영도구 남항동2가,중상사고,0,1,0,0,차대차 - 정면충돌,중앙선침범,건조,맑음,교차로 - 교차로부근,승용,남,53세,상해없음,이륜,남,24세,중상
2021053100100155,2021년 5월 31일 11시,월요일,부산광역시 연제구 연산동,경상사고,0,0,1,0,차대사람 - 기타,안전운전불이행,건조,맑음,단일로 - 기타,승용,남,59세,상해없음,보행자,여,43세,경상
2021053100100186,2021년 5월 31일 12시,월요일,부산광역시 사하구 감천동,경상사고,0,0,1,0,차대사람 - 기타,안전운전불이행,건조,맑음,교차로 - 교차로안,이륜,남,66세,상해없음,보행자,남,20세,경상