사고번호,사고일시,요일,시군구,사고내용,사망자수,중상자수,경상자수,부상신고자수,사고유형,법규위반,노면상태,기상상태,도로형태,가해운전자 차종,가해운전자 성별,가해운전자 연령,가해운전자 상해정도,피해운전자 차종,피해운전자 성별,피해운전자 연령,피해운전자 상해정도
2021060700100499,2021년 6월 7일 19시,월요일,부산광역시 북구 덕천동,경상사고,0,0,3,0,차대차 - 후진중충돌,안전운전불이행,건조,맑음,교차로 - 교차로부근,승용,남,67세,상해없음,승용,남,34세,경상
2021060700100599,2021년 6월 7일 23시,월요일,부산광역시 동구 범일동,경상사고,0,0,1,0,차량단독 - 기타,안전운전불이행,건조,맑음,단일로 - 고가도로위,승용,여,41세,경상,,,,
2021060800100005,2021년 6월 8일 01시,화요일,부산광역시 해운대구 우동,경상사고,0,0,1,0,차대차 - 기타,안전운전불이행,건조,맑음,교차로 - 교차로안,승용,남,20세,기타불명,이륜,남,32세,경상
2021060800100006,2021년 6월 8일 01시,화요일,부산광역시 부산진구 연지동,중상사고,0,1,1,0,차대차 - 추돌,안전운전불이행,건조,맑음,기타 - 기타,승용,남,43세,상해없음,승용,남,58세,중상
2021060800100068,2021년 6월 8일 08시,화요일,부산광역시 남구 대연동,경상사고,0,0,2,0,차대차 - 측면충돌,안전운전불이행,건조,맑음,단일로 - 기타,특수,남,38세,상해없음,승용,여,31세,경상
2021060800100069,2021년 6월 8일 08시,화요일,부산광역시 기장군 장안읍,경상사고,0,0,3,0,차대차 - 기타,안전운전불이행,건조,맑음,단일로 - 기타,승용,남,41세,상해없음,승합,남,62세,경상
2021060800100106,2021년 6월 8일 09시,화요일,부산광역시 북구 구포동,경상사고,0,0,1,0,차대사람 - 기타,보행자보호의무위반,건조,맑음,단일로 - 기타,화물,남,41세,상해없음,보행자,남,74세,경상
2021060800100107,2021년 6월 8일 09시,화요일,부산광역시 부산진구 양정동,중상사고,0,2,0,0,차대차 - 측면충돌,기타,건조,맑음,교차로 - 교차로안,승용,남,52세,중상,승용,남,38세,중상
2021060800100142,2021년 6월 8일 10시,화요일,부산광역시 남구 용당동,경상사고,0,0,1,0,차대차 - 정면충돌,안전운전불이행,건조,맑음,교차로 - 교차로안,승용,남,21세,상해없음,승용,남,66세,경상
2021060800100143,2021년 6월 8일 10시,화요일,부산광역시 기장군 장안읍,경상사고,0,0,3,0,차대차 - 측면충돌,안전운전불이행,건조,맑음,단일로 - 기타,화물,남,53세,경상,승용,남,40세,경상
2021060800100182,2021년 6월 8일 11시,화요일,부산광역시 남구 대연동,경상사고,0,0,1,0,차대차 - 측면충돌,안전거리미확보,건조,맑음,단일로 - 기타,승용,남,45세,상해없음,승용,여,38세,경상
2021060800100183,2021년 6월 8일 11시,화요일,부산광역시 부산진구 부암동,경상사고,0,0,1,0,차대차 - 측면충돌,안전운전불이행,건조,맑음,단일로 - 기타,건설기계,남,67세,상해없음,승용,남,29세,경상
2021060800100218,2021년 6월 8일 12시,화요일,부산광역시 기장군 기장읍,경상사고,0,0,2,0,차대차 - 기타,신호위반,건조,맑음,교차로 - 교차로안,승용,여,30세,상해없음,승용,남,34세,경상
2021060800100253,2021년 6월 8일 13시,화요일,부산광역시 금정구 남산동,중상사고,0,1,0,0,차대사람 - 길가장자리구역통행중,보행자보호의무위반,건조,맑음,단일로 - 기타,승용,여,46세,상해없음,보행자,남,9세,중상
2021060800100254,2021년 6월 8일 13시,화요일,부산광역시 기장군 정관읍,경상사고,0,0,1,0,차대차 - 기타,안전운전불이행,건조,맑음,교차로 - 교차로안,승용,남,76세,상해없음,자전거,남,10세,경상
2021060800100275,2021년 6월 8일 14시,화요일,부산광역시 남구 대연동,경상사고,0,0,1,0,차대차 - 기타,안전운전불이행,건조,맑음,교차로 - 교차로부근,이륜,남,23세,상해없음,이륜,남,35세,경상
2021060800100276,2021년 6월 8일 14시,화요일,부산광역시 해운대구 우동,경상사고,0,0,1,0,차대차 - 추돌,안전운전불이행,건조,맑음,단일로 - 기타,화물,남,60세,상해없음,승용,여,43세,경상
2021060800100277,2021년 6월 8일 14시,화요일,부산광역시 연제구 거제동,중상사고,0,1,0,0,차대사람 - 기타,안전운전불이행,건조,맑음,교차로 - 교차로안,승용,남,33세,상해없음,보행자,여,75세,중상
2021060800100314,2021년 6월 8일 15시,화요일,부산광역시 남구 용호동,경상사고,0,0,1,0,차대차 - 측면충돌,안전운전불이행,건조,맑음,단일로 - 기타,승용,여,57세,상해없음,승용,남,61세,경상
2021060800100315,2021년 6월 8일 15시,화요일,부산광역시 사상구 괘법동,경상사고,0,0,1,0,차대사람 - 기타,안전운전불이행,건조,맑음,단일로 - 기타,승용,남,39세,기타불명,보행자,남,66세,경상
2021060800100350,2021년 6월 8일 16시,화요일,부산광역시 부산진구 범전동,경상사고,0,0,1,0,차대차 - 측면충돌,기타,건조,맑음,교차로 - 교차로안,이륜,남,22세,상해없음,승용,여,44세,경상
2021060800100391,2021년 6월 8일 17시,화요일,부산광역시 사상구 모라동,경상사고,0,0,1,0,차대차 - 기타,신호위반,건조,맑음,교차로 - 교차로안,화물,남,55세,상해없음,승용,남,30세,경상
2021060800100480,2021년 6월 8일 19시,화요일,부산광역시 동래구 온천동,경상사고,0,0,1,0,차대차 - 기타,신호위반,건조,맑음,교차로 - 교차로안,승용,남,69세,상해없음,이륜,남,39세,경상
2021060800100481,2021년 6월 8일 19시,화요일,부산광역시 금정구 두구동,중상사고,0,1,0,0,차대사람 - 횡단중,안전운전불이행,건조,맑음,단일로 - 기타,승용,남,43세,상해없음,보행자,여,70세,중상
2021060800100482,2021년 6월 8일 19시,화요일,부산광역시 사하구 하단동,경상사고,0,0,1,0,차대차 - 기타,안전운전불이행,건조,맑음,단일로 - 기타,승용,여,51세,상해없음,승용,여,38세,경상
2021060800100483,2021년 6월 8일 19시,화요일,부산광역시 강서구 신호동,경상사고,0,0,2,0,차대차 - 기타,안전운전불이행,건조,맑음,교차로 - 교차로안,승용,남,30세,경상,승용,남,22세,상해없음
2021060800100512,2021년 6월 8일 20시,화요일,부산광역시 강서구 녹산동,경상사고,0,0,2,0,차대차 - 측면충돌,안전거리미확보,건조,맑음,교차로 - 교차로부근,승합,남,66세,상해없음,승용,여,46세,경상
2021060800100536,2021년 6월 8일 21시,화요일,부산광역시 부산진구 부전동,경상사고,0,0,2,0,차대차 - 기타,안전운전불이행,건조,맑음,단일로 - 기타,이륜,남,35세,상해없음,승용,남,48세,경상
2021060800100567,2021년 6월 8일 22시,화요일,부산광역시 사하구 당리동,경상사고,0,0,1,0,차대차 - 추돌,안전운전불이행,건조,맑음,단일로 - 기타,이륜,남,44세,기타불명,승용,남,60세,경상
2021060800100568,2021년 6월 8일 22시,화요일,부산광역시 연제구 연산동,중상사고,0,1,0,0,차대사람 - 기타,안전운전불이행,건조,맑음,교차로 - 교차로안,승합,남,39세,상해없음,보행자,여,20세,중상
2021060800100586,2021년 6월 8일 23시,화요일,부산광역시 수영구 민락동,경상사고,0,0,2,0,차대차 - 기타,교차로운행방법위반,건조,맑음,교차로 - 교차로안,승용,남,60세,상해없음,이륜,남,23세,경상
2021060800100587,2021년 6월 8일 23시,화요일,부산광역시 해운대구 우동,경상사고,0,0,1,0,차대차 - 기타,안전운전불이행,건조,맑음,단일로 - 기타,승용,남,42세,상해없음,승용,남,68세,경상
2021060900100001,2021년 6월 9일 00시,수요일,부산광역시 사하구 괴정동,중상사고,0,1,0,0,차량단독 - 공작물충돌,안전운전불이행,건조,맑음,교차로 - 교차로부근,이륜,남,19세,중상,,,,
2021060900100008,2021년 6월 9일 01시,수요일,부산광역시 부산진구 개금동,경상사고,0,0,1,1,차대차 - 추돌,기타,건조,맑음,단일로 - 기타,승용,남,34세,부상신고,승용,남,70세,경상
2021060900100040,2021년 6월 9일 07시,수요일,부산광역시 남구 용호동,경상사고,0,0,1,0,차대차 - 기타,중앙선침범,건조,맑음,단일로 - 기타,승용,남,69세,상해없음,승용,남,49세,경상
2021060900100041,2021년 6월 9일 07시,수요일,부산광역시 수영구 망미동,경상사고,0,0,1,0,차대사람 - 길가장자리구역통행중,안전운전불이행,건조,맑음,단일로 - 기타,승용,남,61세,상해없음,보행자,여,35세,경상
2021060900100071,2021년 6월 9일 08시,수요일,부산광역시 남구 감만동,경상사고,0,0,1,0,차대차 - 기타,안전거리미확보,건조,맑음,단일로 - 교량,승용,남,36세,경상,승용,여,37세,상해없음
2021060900100072,2021년 6월 9일 08시,수요일,부산광역시 사하구 다대동,경상사고,0,0,1,0,차대차 - 추돌,안전운전불이행,건조,맑음,단일로 - 기타,승용,남,47세,상해없음,승용,남,59세,경상
2021060900100140,2021년 6월 9일 10시,수요일,부산광역시 영도구 청학동,경상사고,0,0,1,0,차대사람 - 기타,안전운전불이행,건조,맑음,단일로 - 기타,승용,남,70세,상해없음,보행자,남,84세,경상
2021060900100141,2021년 6월 9일 10시,수요일,부산광역시 금정구 부곡동,경상사고,0,0,1,0,차대차 - 기타,차로위반,건조,맑음,단일로 - 기타,승용,여,49세,상해없음,이륜,남,31세,경상
2021060900100165,2021년 6월 9일 11시,수요일,부산광역시 영도구 청학동,경상사고,0,0,1,0,차대차 - 기타,안전운전불이행,건조,맑음,교차로 - 교차로안,승용,남,63세,상해없음,이륜,남,44세,경상
2021060900100166,2021년 6월 9일 11시,수요일,부산광역시 부산진구 부전동,경상사고,0,0,3,0,차대차 - 추돌,안전운전불이행,건조,맑음,단일로 - 기타,승합,남,31세,상해없음,승합,남,60세,상해없음
2021060900100167,2021년 6월 9일 11시,수요일,부산광역시 연제구 연산동,중상사고,0,3,1,0,차대차 - 측면충돌,교차로운행방법위반,건조,맑음,교차로 - 교차로안,승용,남,64세,상해없음,승용,여,74세,중상
2021060900100201,2021년 6월 9일 12시,수요일,부산광역시 기장군 장안읍,경상사고,0,0,1,0,차대차 - 측면충돌,차로위반,건조,맑음,교차로 - 교차로부근,화물,남,55세,상해없음,건설기계,남,30세,경상
2021060900100238,2021년 6월 9일 13시,수요일,부산광역시 남구 용당동,중상사고,0,1,0,0,차대차 - 측면충돌,안전운전불이행,건조,맑음,교차로 - 교차로부근,승용,남,61세,상해없음,이륜,남,30세,중상
2021060900100239,2021년 6월 9일 13시,수요일,부산광역시 동래구 낙민동,경상사고,0,0,1,0,차대차 - 기타,교차로운행방법위반,건조,맑음,교차로 - 교차로안,화물,남,77세,상해없음,이륜,남,44세,경상
2021060900100240,2021년 6월 9일 13시,수요일,부산광역시 사하구 다대동,경상사고,0,0,2,0,차대차 - 추돌,중앙선침범,건조,맑음,교차로 - 교차로안,승용,남,54세,상해없음,승용,여,55세,경상
2021060900100241,2021년 6월 9일 13시,수요일,부산광역시 사하구 감천동,부상신고사고,0,0,0,1,차대차 - 추돌,안전거리미확보,건조,맑음,단일로 - 기타,화물,남,78세,상해없음,원동기,남,17세,부상신고
2021060900100242,2021년 6월 9일 13시,수요일,부산광역시 연제구 거제동,경상사고,0,0,1,0,차대차 - 기타,안전운전불이행,건조,맑음,단일로 - 기타,승용,남,27세,상해없음,이륜,남,30세,경상
2021060900100269,2021년 6월 9일 14시,수요일,부산광역시 부산진구 전포동,경상사고,0,0,1,0,차대차 - 측면충돌,안전운전불이행,건조,맑음,단일로 - 기타,화물,남,45세,상해없음,이륜,남,41세,경상
2021060900100351,2021년 6월 9일 16시,수요일,부산광역시 남구 용호동,경상사고,0,0,1,0,차대차 - 기타,안전운전불이행,건조,맑음,교차로 - 교차로안,승용,남,48세,상해없음,자전거,남,8세,경상
2021060900100352,2021년 6월 9일 16시,수요일,부산광역시 수영구 광안동,경상사고,0,0,2,0,차대차 - 기타,안전운전불이행,건조,맑음,교차로 - 교차로부근,건설기계,남,52세,상해없음,승용,여,42세,경상
2021060900100353,2021년 6월 9일 16시,수요일,부산광역시 동래구 낙민동,중상사고,0,1,0,0,차대사람 - 횡단중,보행자보호의무위반,건조,맑음,단일로 - 기타,화물,남,65세,상해없음,보행자,여,52세,중상
2021060900100354,2021년 6월 9일 16시,수요일,부산광역시 해운대구 송정동,경상사고,0,0,1,0,차대사람 - 기타,기타,건조,맑음,단일로 - 기타,승용,여,62세,상해없음,보행자,남,8세,경상
2021060900100394,2021년 6월 9일 17시,수요일,부산광역시 동래구 사직동,경상사고,0,0,1,0,차대차 - 측면충돌,신호위반,건조,맑음,교차로 - 교차로안,승용,여,60세,상해없음,이륜,남,44세,경상
2021060900100395,2021년 6월 9일 17시,수요일,부산광역시 연제구 연산동,경상사고,0,0,3,0,차대차 - 측면충돌,교차로운행방법위반,건조,맑음,교차로 - 교차로안,승용,남,24세,기타불명,승용,남,22세,경상
2021060900100397,2021년 6월 9일 17시,수요일,부산광역시 수영구 망미동,중상사고,0,1,0,0,차대차 - 측면충돌,교차로운행방법위반,건조,맑음,교차로 - 교차로안,승용,남,45세,기타불명,승용,여,57세,중상
2021060900100454,2021년 6월 9일 18시,수요일,부산광역시 동구 초량동,경상사고,0,0,1,0,차대사람 - 횡단중,안전운전불이행,건조,맑음,교차로 - 교차로안,승용,남,57세,상해없음,보행자,여,22세,경상
2021060900100455,2021년 6월 9일 18시,수요일,부산광역시 북구 구포동,경상사고,0,0,2,0,차대차 - 기타,교차로운행방법위반,건조,맑음,교차로 - 교차로부근,승용,남,47세,상해없음,승용,남,54세,경상
2021060900100456,2021년 6월 9일 18시,수요일,부산광역시 금정구 장전동,경상사고,0,0,2,0,차대차 - 측면충돌,안전운전불이행,건조,맑음,교차로 - 교차로안,이륜,남,18세,경상,승용,여,23세,경상
2021060900100457,2021년 6월 9일 18시,수요일,부산광역시 사상구 감전동,중상사고,0,1,0,0,차대차 - 정면충돌,교차로운행방법위반,건조,맑음,교차로 - 교차로안,승용,남,48세,상해없음,이륜,남,20세,중상
2021060900100545,2021년 6월 9일 20시,수요일,부산광역시 부산진구 개금동,경상사고,0,0,1,0,차대차 - 측면충돌,안전거리미확보,건조,맑음,단일로 - 기타,특수,남,50세,상해없음,승용,여,27세,경상
2021060900100579,2021년 6월 9일 21시,수요일,부산광역시 북구 화명동,중상사고,0,1,0,0,차대차 - 추돌,안전운전불이행,건조,맑음,단일로 - 교량,승용,여,61세,상해없음,승용,남,34세,중상
2021060900100580,2021년 6월 9일 21시,수요일,부산광역시 사하구 당리동,중상사고,0,1,0,0,차대차 - 기타,안전운전불이행,건조,맑음,단일로 - 지하차도(도로)내,승용,여,60세,상해없음,이륜,남,16세,중상
2021060900100606,2021년 6월 9일 22시,수요일,부산광역시 부산진구 부전동,경상사고,0,0,1,0,차대사람 - 기타,안전운전불이행,건조,기타,기타 - 기타,승용,남,50세,상해없음,보행자,남,66세,경상
2021060900100607,2021년 6월 9일 22시,수요일,부산광역시 부산진구 부전동,경상사고,0,0,1,0,차대사람 - 횡단중,안전운전불이행,건조,기타,단일로 - 기타,승용,여,51세,상해없음,보행자,남,25세,경상
2021061000100014,2021년 6월 10일 02시,목요일,부산광역시 연제구 연산동,경상사고,0,0,2,0,차대차 - 기타,신호위반,건조,맑음,교차로 - 교차로안,승용,남,67세,상해없음,승용,남,34세,경상
2021061000100020,2021년 6월 10일 04시,목요일,부산광역시 부산진구 부전동,중상사고,0,1,0,0,차대차 - 측면충돌,안전운전불이행,건조,맑음,단일로 - 기타,승용,남,56세,상해없음,이륜,남,45세,중상
2021061000100021,2021년 6월 10일 04시,목요일,부산광역시 사하구 감천동,경상사고,0,0,1,0,차량단독 - 기타,안전운전불이행,건조,맑음,단일로 - 기타,이륜,남,16세,경상,,,,
2021061000100030,2021년 6월 10일 06시,목요일,부산광역시 남구 용호동,중상사고,0,1,0,0,차대사람 - 기타,안전운전불이행,건조,맑음,교차로 - 교차로안,승용,남,43세,상해없음,보행자,여,68세,중상
2021061000100031,2021년 6월 10일 06시,목요일,부산광역시 부산진구 부암동,경상사고,0,0,2,0,차대차 - 측면충돌,안전거리미확보,건조,맑음,단일로 - 기타,승용,남,47세,경상,건설기계,남,55세,경상
2021061000100032,2021년 6월 10일 06시,목요일,부산광역시 강서구 봉림동,부상신고사고,0,0,0,1,차대차 - 기타,안전운전불이행,건조,맑음,단일로 - 기타,승용,남,58세,상해없음,승용,남,55세,부상신고
2021061000100051,2021년 6월 10일 07시,목요일,부산광역시 영도구 대교동2가,경상사고,0,0,1,0,차대사람 - 기타,안전운전불이행,건조,맑음,단일로 - 기타,화물,남,62세,상해없음,보행자,여,63세,경상
2021061000100052,2021년 6월 10일 07시,목요일,부산광역시 해운대구 재송동,경상사고,0,0,1,0,차대사람 - 횡단중,신호위반,건조,맑음,교차로 - 교차로횡단보도내,승합,남,78세,상해없음,보행자,여,49세,경상
2021061000100053,2021년 6월 10일 07시,목요일,부산광역시 부산진구 부암동,경상사고,0,0,2,0,차대차 - 측면충돌,안전거리미확보,건조,맑음,단일로 - 기타,승용,남,70세,경상,승용,남,57세,상해없음
2021061000100054,2021년 6월 10일 07시,목요일,부산광역시 금정구 부곡동,경상사고,0,0,1,0,차대사람 - 횡단중,안전운전불이행,건조,맑음,기타 - 기타,승용,남,68세,상해없음,보행자,여,21세,경상
2021061000100055,2021년 6월 10일 07시,목요일,부산광역시 강서구 화전동,경상사고,0,0,1,0,차대차 - 기타,안전운전불이행,건조,맑음,교차로 - 교차로안,승용,남,31세,상해없음,승용,여,25세,경상
2021061000100080,2021년 6월 10일 08시,목요일,부산광역시 동래구 온천동,경상사고,0,0,1,0,차대사람 - 횡단중,신호위반,건조,맑음,단일로 - 기타,승용,여,48세,상해없음,보행자,여,34세,경상
2021061000100081,2021년 6월 10일 08시,목요일,부산광역시 금정구 장전동,중상사고,0,1,0,0,차대차 - 후진중충돌,안전운전불이행,건조,맑음,교차로 - 교차로안,승용,남,59세,상해없음,승용,여,39세,중상
2021061000100130,2021년 6월 10일 09시,목요일,부산광역시 금정구 부곡동,경상사고,0,0,1,0,차대사람 - 기타,안전운전불이행,건조,맑음,단일로 - 기타,자전거,남,60세,상해없음,보행자,여,81세,경상
2021061000100159,2021년 6월 10일 10시,목요일,부산광역시 동래구 안락동,경상사고,0,0,1,0,차대차 - 측면충돌,신호위반,건조,맑음,교차로 - 교차로안,승용,여,58세,상해없음,승용,남,69세,경상
2021061000100160,2021년 6월 10일 10시,목요일,부산광역시 부산진구 전포동,경상사고,0,0,1,0,차대사람 - 기타,안전운전불이행,건조,맑음,기타 - 기타,승용,남,69세,상해없음,보행자,남,26세,경상
2021061000100228,2021년 6월 10일 12시,목요일,부산광역시 사하구 하단동,경상사고,0,0,1,0,차대사람 - 보도통행중,기타,건조,맑음,교차로 - 교차로부근,승용,여,38세,상해없음,보행자,남,43세,경상
2021061000100266,2021년 6월 10일 13시,목요일,부산광역시 수영구 광안동,경상사고,0,0,1,0,차대차 - 기타,안전운전불이행,건조,맑음,교차로 - 교차로횡단보도내,이륜,남,49세,상해없음,자전거,여,56세,경상
2021061000100267,2021년 6월 10일 13시,목요일,부산광역시 부산진구 가야동,중상사고,0,1,0,0,차대차 - 기타,교차로운행방법위반,건조,기타,교차로 - 교차로안,승용,여,24세,상해없음,이륜,남,32세,중상
2021061000100268,2021년 6월 10일 13시,목요일,부산광역시 부산진구 가야동,부상신고사고,0,0,0,1,차량단독 - 전도전복 - 전도,안전운전불이행,건조,기타,교차로 - 교차로안,개인형이동수단(PM),남,19세,부상신고,,,,
2021061000100333,2021년 6월 10일 15시,목요일,부산광역시 사하구 신평동,경상사고,0,0,2,0,차대차 - 기타,신호위반,건조,맑음,교차로 - 교차로안,화물,여,18세,경상,승용,남,68세,경상
2021061000100375,2021년 6월 10일 16시,목요일,부산광역시 서구 동대신동3가,중상사고,0,1,0,0,차대차 - 측면충돌,교차로운행방법위반,건조,맑음,교차로 - 교차로안,승용,남,68세,상해없음,자전거,남,54세,중상
2021061000100412,2021년 6월 10일 17시,목요일,부산광역시 동래구 온천동,중상사고,0,1,0,0,차대차 - 기타,중앙선침범,건조,맑음,단일로 - 기타,승용,여,61세,상해없음,승용,여,61세,중상
2021061000100413,2021년 6월 10일 17시,목요일,부산광역시 부산진구 전포동,사망사고,1,0,0,0,차대사람 - 기타,안전운전불이행,건조,맑음,교차로 - 교차로안,승용,남,57세,상해없음,보행자,여,25세,사망
2021061000100414,2021년 6월 10일 17시,목요일,부산광역시 부산진구 부전동,경상사고,0,0,1,0,차대차 - 측면충돌,기타,건조,맑음,기타 - 기타,승용,남,56세,상해없음,이륜,남,27세,경상
2021061000100415,2021년 6월 10일 17시,목요일,부산광역시 금정구 구서동,중상사고,0,1,0,0,차대차 - 측면충돌,신호위반,건조,맑음,교차로 - 교차로안,승용,여,40세,상해없음,이륜,여,49세,중상
2021061000100459,2021년 6월 10일 18시,목요일,부산광역시 해운대구 중동,경상사고,0,0,1,0,차대차 - 정면충돌,기타,건조,맑음,교차로 - 교차로안,승용,남,25세,상해없음,승용,남,72세,경상
2021061000100507,2021년 6월 10일 19시,목요일,부산광역시 북구 화명동,중상사고,0,1,1,0,차대차 - 추돌,안전운전불이행,건조,맑음,단일로 - 기타,원동기,남,41세,중상,승용,여,57세,경상
2021061000100508,2021년 6월 10일 19시,목요일,부산광역시 부산진구 전포동,중상사고,0,1,0,0,차대차 - 측면충돌,안전거리미확보,건조,맑음,교차로 - 교차로부근,승용,여,24세,상해없음,이륜,남,30세,중상
2021061000100509,2021년 6월 10일 19시,목요일,부산광역시 사상구 모라동,경상사고,0,0,1,0,차대차 - 추돌,안전거리미확보,건조,맑음,기타 - 기타,승용,남,23세,상해없음,승용,남,37세,경상
2021061000100536,2021년 6월 10일 20시,목요일,부산광역시 동래구 안락동,경상사고,0,0,1,0,차대차 - 추돌,안전운전불이행,건조,맑음,교차로 - 교차로부근,승용,남,31세,상해없음,승용,남,44세,경상
2021061000100537,2021년 6월 10일 20시,목요일,부산광역시 사하구 장림동,경상사고,0,0,2,0,차대차 - 추돌,안전거리미확보,건조,기타,교차로 - 교차로안,승용,남,67세,상해없음,승용,남,25세,경상
2021061000100577,2021년 6월 10일 21시,목요일,부산광역시 사상구 감전동,경상사고,0,0,1,0,차대차 - 기타,안전운전불이행,건조,맑음,기타 - 기타,승용,남,57세,상해없음,승합,남,61세,상해없음
2021061000100639,2021년 6월 10일 23시,목요일,부산광역시 사하구 신평동,사망사고,1,0,0,0,차대사람 - 횡단중,안전운전불이행,젖음/습기,비,교차로 - 교차로안,승용,남,22세,상해없음,보행자,남,76세,사망
2021061100100002,2021년 6월 11일 00시,금요일,부산광역시 부산진구 전포동,경상사고,0,0,1,0,차대차 - 기타,안전운전불이행,기타,맑음,단일로 - 기타,승용,남,39세,상해없음,화물,남,38세,경상
2021061100100003,2021년 6월 11일 00시,금요일,부산광역시 동래구 명륜동,경상사고,0,0,1,0,차대사람 - 기타,보행자보호의무위반,건조,맑음,교차로 - 교차로횡단보도내,승용,남,52세,상해없음,보행자,남,27세,경상
2021061100100083,2021년 6월 11일 08시,금요일,부산광역시 서구 암남동,경상사고,0,0,1,0,차대차 - 추돌,안전운전불이행,젖음/습기,비,단일로 - 기타,화물,남,77세,상해없음,승용,여,50세,경상
2021061100100084,2021년 6월 11일 08시,금요일,부산광역시 연제구 연산동,중상사고,0,1,0,0,차대사람 - 횡단중,안전운전불이행,건조,맑음,교차로 - 교차로안,화물,남,57세,상해없음,보행자,남,64세,중상
2021061100100128,2021년 6월 11일 09시,금요일,부산광역시 영도구 봉래동5가,부상신고사고,0,0,0,1,차대차 - 정면충돌,교차로운행방법위반,젖음/습기,비,교차로 - 교차로안,승용,남,76세,상해없음,이륜,남,37세,부상신고
2021061100100152,2021년 6월 11일 10시,금요일,부산광역시 동구 범일동,경상사고,0,0,1,0,차대차 - 측면충돌,교차로운행방법위반,젖음/습기,비,교차로 - 교차로안,승용,남,77세,상해없음,승용,남,49세,경상
2021061100100153,2021년 6월 11일 10시,금요일,부산광역시 부산진구 범전동,경상사고,0,0,1,0,차대차 - 측면충돌,안전거리미확보,젖음/습기,비,교차로 - 교차로안,승용,남,76세,상해없음,화물,남,70세,상해없음
2021061100100185,2021년 6월 11일 11시,금요일,부산광역시 해운대구 좌동,경상사고,0,0,1,0,차대차 - 추돌,안전거리미확보,건조,맑음,교차로 - 교차로안,승합,남,28세,상해없음,승용,여,44세,경상
2021061100100186,2021년 6월 11일 11시,금요일,부산광역시 부산진구 부전동,경상사고,0,0,1,0,차대사람 - 길가장자리구역통행중,안전운전불이행,젖음/습기,비,단일로 - 기타,화물,남,44세,상해없음,보행자,여,23세,경상
2021061100100212,2021년 6월 11일 12시,금요일,부산광역시 동구 초량동,경상사고,0,0,1,0,차대차 - 측면충돌,안전운전불이행,젖음/습기,비,단일로 - 기타,승용,남,39세,상해없음,원동기,남,43세,경상
2021061100100213,2021년 6월 11일 12시,금요일,부산광역시 연제구 연산동,경상사고,0,0,1,0,차대사람 - 보도통행중,기타,젖음/습기,비,단일로 - 기타,승용,남,47세,상해없음,보행자,여,48세,경상
2021061100100214,2021년 6월 11일 12시,금요일,부산광역시 강서구 대저2동,중상사고,0,1,1,1,차대차 - 추돌,안전운전불이행,젖음/습기,비,교차로 - 교차로부근,승용,남,71세,상해없음,승용,남,36세,상해없음
2021061100100257,2021년 6월 11일 13시,금요일,부산광역시 사상구 괘법동,경상사고,0,0,1,0,차대차 - 측면충돌,안전거리미확보,젖음/습기,비,단일로 - 기타,화물,남,24세,상해없음,화물,남,46세,경상
2021061100100279,2021년 6월 11일 14시,금요일,부산광역시 동구 초량동,중상사고,0,1,0,0,차대차 - 측면충돌,교차로운행방법위반,젖음/습기,비,교차로 - 교차로안,승용,여,34세,상해없음,승용,남,49세,중상
2021061100100280,2021년 6월 11일 14시,금요일,부산광역시 서구 동대신동1가,경상사고,0,0,1,0,차대차 - 측면충돌,안전거리미확보,젖음/습기,비,단일로 - 기타,승용,남,56세,상해없음,승용,남,30세,경상
2021061100100281,2021년 6월 11일 14시,금요일,부산광역시 동래구 사직동,경상사고,0,0,3,0,차대차 - 추돌,안전운전불이행,건조,맑음,교차로 - 교차로부근,화물,남,42세,상해없음,승용,여,40세,경상
2021061100100282,2021년 6월 11일 14시,금요일,부산광역시 해운대구 우동,중상사고,0,1,0,0,차대차 - 추돌,안전운전불이행,젖음/습기,비,교차로 - 교차로부근,화물,남,53세,상해없음,승용,여,75세,중상
2021061100100283,2021년 6월 11일 14시,금요일,부산광역시 부산진구 범천동,중상사고,0,1,0,0,차대사람 - 기타,안전운전불이행,젖음/습기,비,단일로 - 기타,승용,남,56세,상해없음,보행자,여,10세,중상
2021061100100284,2021년 6월 11일 14시,금요일,부산광역시 사하구 하단동,경상사고,0,0,2,0,차대차 - 기타,안전운전불이행,젖음/습기,비,단일로 - 지하차도(도로)내,승용,남,63세,경상,승용,남,45세,상해없음
2021061100100285,2021년 6월 11일 14시,금요일,부산광역시 강서구 화전동,경상사고,0,0,1,0,차대차 - 기타,신호위반,젖음/습기,비,교차로 - 교차로안,승용,남,40세,상해없음,화물,남,31세,경상
2021061100100322,2021년 6월 11일 15시,금요일,부산광역시 부산진구 범전동,경상사고,0,0,1,0,차대차 - 측면충돌,안전거리미확보,젖음/습기,비,단일로 - 기타,승용,남,29세,상해없음,이륜,남,37세,경상
2021061100100323,2021년 6월 11일 15시,금요일,부산광역시 사하구 감천동,경상사고,0,0,1,0,차대사람 - 길가장자리구역통행중,안전운전불이행,젖음/습기,비,단일로 - 기타,승용,남,91세,상해없음,보행자,여,11세,경상
2021061100100324,2021년 6월 11일 15시,금요일,부산광역시 강서구 명지동,경상사고,0,0,1,0,차대차 - 추돌,안전운전불이행,젖음/습기,비,단일로 - 기타,이륜,남,30세,기타불명,승용,남,65세,경상
2021061100100325,2021년 6월 11일 15시,금요일,부산광역시 사상구 괘법동,경상사고,0,0,1,0,차대차 - 추돌,안전운전불이행,젖음/습기,맑음,단일로 - 기타,승용,남,69세,상해없음,승용,남,41세,경상