사고번호,사고일시,요일,시군구,사고내용,사망자수,중상자수,경상자수,부상신고자수,사고유형,법규위반,노면상태,기상상태,도로형태,가해운전자 차종,가해운전자 성별,가해운전자 연령,가해운전자 상해정도,피해운전자 차종,피해운전자 성별,피해운전자 연령,피해운전자 상해정도
2021061100100326,2021년 6월 11일 15시,금요일,부산광역시 기장군 기장읍,중상사고,0,1,0,0,차대사람 - 횡단중,보행자보호의무위반,건조,맑음,기타 - 기타,승용,여,59세,상해없음,보행자,여,74세,중상
2021061100100365,2021년 6월 11일 16시,금요일,부산광역시 금정구 부곡동,경상사고,0,0,5,1,차대차 - 추돌,안전운전불이행,젖음/습기,맑음,단일로 - 기타,승용,여,25세,상해없음,승용,여,39세,경상
2021061100100366,2021년 6월 11일 16시,금요일,부산광역시 연제구 연산동,경상사고,0,0,1,0,차대사람 - 횡단중,보행자보호의무위반,젖음/습기,비,단일로 - 기타,화물,남,51세,상해없음,보행자,남,45세,경상
2021061100100399,2021년 6월 11일 17시,금요일,부산광역시 남구 대연동,경상사고,0,0,1,0,차대차 - 측면충돌,안전운전불이행,젖음/습기,비,교차로 - 교차로부근,승용,남,63세,상해없음,승용,남,60세,경상
2021061100100400,2021년 6월 11일 17시,금요일,부산광역시 기장군 기장읍,경상사고,0,0,2,0,차대차 - 추돌,안전운전불이행,젖음/습기,비,교차로 - 교차로안,화물,남,59세,상해없음,화물,남,27세,경상
2021061100100447,2021년 6월 11일 18시,금요일,부산광역시 동래구 사직동,경상사고,0,0,1,0,차대차 - 측면충돌,안전운전불이행,젖음/습기,비,단일로 - 기타,이륜,남,30세,상해없음,승용,남,59세,경상
2021061100100448,2021년 6월 11일 18시,금요일,부산광역시 동래구 온천동,경상사고,0,0,1,0,차대차 - 추돌,안전운전불이행,건조,맑음,단일로 - 기타,승용,남,47세,상해없음,승용,여,25세,경상
2021061100100495,2021년 6월 11일 19시,금요일,부산광역시 서구 부민동1가,경상사고,0,0,2,0,차대차 - 측면충돌,안전거리미확보,젖음/습기,비,교차로 - 교차로부근,승용,남,70세,상해없음,승용,남,57세,경상
2021061100100496,2021년 6월 11일 19시,금요일,부산광역시 해운대구 반여동,중상사고,0,1,0,0,차대차 - 측면충돌,안전운전불이행,젖음/습기,비,교차로 - 교차로횡단보도내,이륜,남,23세,중상,승합,남,39세,상해없음
2021061100100497,2021년 6월 11일 19시,금요일,부산광역시 해운대구 좌동,중상사고,0,1,0,0,차대차 - 기타,안전운전불이행,젖음/습기,비,교차로 - 교차로안,승용,여,45세,기타불명,이륜,남,42세,중상
2021061100100498,2021년 6월 11일 19시,금요일,부산광역시 해운대구 좌동,경상사고,0,0,1,0,차대차 - 측면충돌,안전거리미확보,젖음/습기,비,단일로 - 기타,승용,남,57세,상해없음,승용,남,30세,경상
2021061100100499,2021년 6월 11일 19시,금요일,부산광역시 부산진구 부전동,중상사고,0,2,1,0,차대차 - 정면충돌,신호위반,젖음/습기,비,교차로 - 교차로안,승용,남,20세,상해없음,승용,남,62세,경상
2021061100100500,2021년 6월 11일 19시,금요일,부산광역시 강서구 대저1동,중상사고,0,1,1,0,차대차 - 추돌,안전운전불이행,젖음/습기,비,단일로 - 교량,화물,남,34세,중상,승용,남,62세,상해없음
2021061100100501,2021년 6월 11일 19시,금요일,부산광역시 기장군 기장읍,경상사고,0,0,3,0,차량단독 - 기타,안전운전불이행,젖음/습기,비,단일로 - 기타,승합,남,36세,상해없음,,,,
2021061100100535,2021년 6월 11일 20시,금요일,부산광역시 북구 만덕동,경상사고,0,0,1,0,차대차 - 측면충돌,직진우회전진행방해,건조,맑음,교차로 - 교차로안,승용,남,64세,상해없음,승용,여,40세,경상
2021061100100536,2021년 6월 11일 20시,금요일,부산광역시 해운대구 좌동,중상사고,0,1,0,0,차대사람 - 기타,안전운전불이행,건조,맑음,교차로 - 교차로부근,승용,남,39세,상해없음,보행자,여,43세,중상
2021061100100537,2021년 6월 11일 20시,금요일,부산광역시 사하구 당리동,중상사고,0,1,0,0,차대사람 - 기타,안전운전불이행,젖음/습기,비,단일로 - 지하차도(도로)내,이륜,여,44세,상해없음,보행자,남,34세,중상
2021061100100569,2021년 6월 11일 21시,금요일,부산광역시 북구 구포동,중상사고,0,1,0,0,차대사람 - 기타,보행자보호의무위반,젖음/습기,비,교차로 - 교차로횡단보도내,화물,남,50세,상해없음,보행자,남,47세,중상
2021061100100570,2021년 6월 11일 21시,금요일,부산광역시 해운대구 중동,경상사고,0,0,1,0,차대사람 - 횡단중,안전운전불이행,젖음/습기,비,교차로 - 교차로부근,승합,남,58세,상해없음,보행자,남,49세,경상
2021061100100571,2021년 6월 11일 21시,금요일,부산광역시 사하구 괴정동,경상사고,0,0,1,0,차량단독 - 전도전복 - 전도,신호위반,젖음/습기,비,단일로 - 기타,이륜,남,29세,경상,,,,
2021061100100592,2021년 6월 11일 22시,금요일,부산광역시 동래구 온천동,경상사고,0,0,1,0,차대사람 - 횡단중,안전운전불이행,젖음/습기,비,교차로 - 교차로안,승용,남,28세,상해없음,보행자,남,54세,경상
2021061100100593,2021년 6월 11일 22시,금요일,부산광역시 금정구 장전동,경상사고,0,0,2,0,차대차 - 추돌,안전운전불이행,젖음/습기,비,단일로 - 기타,화물,남,40세,상해없음,승합,남,44세,경상
2021061100100594,2021년 6월 11일 22시,금요일,부산광역시 기장군 일광면,경상사고,0,0,1,0,차대사람 - 기타,안전운전불이행,젖음/습기,비,단일로 - 기타,승용,남,60세,상해없음,보행자,남,85세,경상
2021061100100627,2021년 6월 11일 23시,금요일,부산광역시 북구 덕천동,중상사고,0,1,0,0,차대사람 - 기타,기타,젖음/습기,비,단일로 - 기타,이륜,남,19세,상해없음,보행자,남,33세,중상
2021061100100628,2021년 6월 11일 23시,금요일,부산광역시 동래구 사직동,중상사고,0,1,0,0,차대사람 - 차도통행중,안전운전불이행,건조,맑음,단일로 - 기타,승용,남,36세,상해없음,보행자,남,40세,중상
2021061100100629,2021년 6월 11일 23시,금요일,부산광역시 해운대구 좌동,경상사고,0,0,2,0,차대차 - 기타,안전운전불이행,건조,맑음,주차장 - 주차장,승용,남,60세,상해없음,승용,남,24세,경상
2021061100100630,2021년 6월 11일 23시,금요일,부산광역시 부산진구 전포동,경상사고,0,0,1,0,차대사람 - 기타,안전운전불이행,젖음/습기,비,단일로 - 기타,승용,남,36세,상해없음,보행자,남,61세,경상
2021061200100013,2021년 6월 12일 01시,토요일,부산광역시 동래구 온천동,경상사고,0,0,1,0,차대사람 - 차도통행중,안전운전불이행,건조,맑음,단일로 - 기타,승용,남,52세,상해없음,보행자,남,52세,경상
2021061200100027,2021년 6월 12일 04시,토요일,부산광역시 서구 충무동1가,경상사고,0,0,1,0,차대차 - 측면충돌,안전운전불이행,젖음/습기,비,교차로 - 교차로안,승용,남,50세,상해없음,승용,남,50세,경상
2021061200100033,2021년 6월 12일 05시,토요일,부산광역시 북구 화명동,중상사고,0,1,0,0,차대사람 - 횡단중,신호위반,젖음/습기,흐림,교차로 - 교차로횡단보도내,이륜,남,23세,상해없음,보행자,여,70세,중상
2021061200100034,2021년 6월 12일 05시,토요일,부산광역시 동래구 사직동,경상사고,0,0,1,0,차대차 - 측면충돌,신호위반,건조,맑음,교차로 - 교차로안,승용,남,54세,상해없음,승용,남,38세,경상
2021061200100064,2021년 6월 12일 08시,토요일,부산광역시 동래구 사직동,중상사고,0,1,0,0,차대차 - 정면충돌,중앙선침범,젖음/습기,비,교차로 - 교차로부근,승용,남,71세,상해없음,승용,남,30세,중상
2021061200100090,2021년 6월 12일 09시,토요일,부산광역시 동구 수정동,경상사고,0,0,2,0,차대차 - 측면충돌,중앙선침범,젖음/습기,비,단일로 - 기타,승용,남,55세,상해없음,승용,남,32세,경상
2021061200100091,2021년 6월 12일 09시,토요일,부산광역시 남구 대연동,경상사고,0,0,1,0,차대차 - 측면충돌,교차로운행방법위반,젖음/습기,비,교차로 - 교차로안,승용,남,48세,기타불명,승용,남,69세,경상
2021061200100092,2021년 6월 12일 09시,토요일,부산광역시 사상구 모라동,부상신고사고,0,0,0,1,차대사람 - 횡단중,안전운전불이행,젖음/습기,비,교차로 - 교차로안,승용,여,39세,상해없음,보행자,남,79세,부상신고
2021061200100135,2021년 6월 12일 10시,토요일,부산광역시 영도구 동삼동,경상사고,0,0,3,0,차대차 - 측면충돌,중앙선침범,젖음/습기,비,단일로 - 기타,승용,남,72세,상해없음,승용,여,44세,경상
2021061200100137,2021년 6월 12일 10시,토요일,부산광역시 사상구 엄궁동,중상사고,0,1,0,0,차대차 - 측면충돌,안전운전불이행,젖음/습기,비,교차로 - 교차로안,화물,남,55세,기타불명,이륜,남,36세,중상
2021061200100170,2021년 6월 12일 11시,토요일,부산광역시 동구 초량동,경상사고,0,0,2,0,차대차 - 측면충돌,교차로운행방법위반,건조,맑음,교차로 - 교차로안,승용,여,52세,상해없음,승용,남,48세,경상
2021061200100171,2021년 6월 12일 11시,토요일,부산광역시 부산진구 부전동,경상사고,0,0,1,0,차대차 - 기타,안전운전불이행,젖음/습기,비,교차로 - 교차로안,이륜,남,64세,상해없음,이륜,남,40세,경상
2021061200100172,2021년 6월 12일 11시,토요일,부산광역시 사상구 엄궁동,경상사고,0,0,1,0,차대차 - 측면충돌,안전운전불이행,건조,맑음,교차로 - 교차로부근,승용,여,61세,상해없음,승용,남,39세,경상
2021061200100219,2021년 6월 12일 12시,토요일,부산광역시 동구 범일동,경상사고,0,0,1,0,차대차 - 기타,교차로운행방법위반,젖음/습기,비,교차로 - 교차로안,승용,여,28세,상해없음,원동기,남,36세,경상
2021061200100220,2021년 6월 12일 12시,토요일,부산광역시 서구 부민동3가,경상사고,0,0,1,0,차대차 - 정면충돌,신호위반,젖음/습기,비,단일로 - 기타,기타불명,기타불명,미분류,기타불명,이륜,남,29세,경상
2021061200100221,2021년 6월 12일 12시,토요일,부산광역시 서구 서대신동3가,중상사고,0,1,1,0,차대차 - 기타,신호위반,젖음/습기,비,단일로 - 기타,승용,여,44세,중상,이륜,남,54세,경상
2021061200100222,2021년 6월 12일 12시,토요일,부산광역시 해운대구 우동,경상사고,0,0,2,0,차대차 - 추돌,안전거리미확보,젖음/습기,비,단일로 - 기타,승용,여,37세,상해없음,승용,여,33세,경상
2021061200100257,2021년 6월 12일 13시,토요일,부산광역시 부산진구 범천동,경상사고,0,0,1,0,차대차 - 추돌,안전운전불이행,젖음/습기,비,단일로 - 기타,승용,여,50세,상해없음,승용,여,33세,경상
2021061200100258,2021년 6월 12일 13시,토요일,부산광역시 사상구 감전동,부상신고사고,0,0,0,1,차대차 - 정면충돌,신호위반,젖음/습기,비,교차로 - 교차로안,이륜,남,27세,부상신고,승용,남,39세,기타불명
2021061200100309,2021년 6월 12일 14시,토요일,부산광역시 금정구 부곡동,중상사고,0,1,0,0,차대차 - 측면충돌,신호위반,젖음/습기,맑음,단일로 - 기타,승용,여,55세,상해없음,원동기,남,40세,중상
2021061200100310,2021년 6월 12일 14시,토요일,부산광역시 연제구 거제동,경상사고,0,0,2,0,차대차 - 측면충돌,차로위반,건조,맑음,단일로 - 기타,승용,여,59세,상해없음,승용,여,38세,경상
2021061200100311,2021년 6월 12일 14시,토요일,부산광역시 사상구 엄궁동,중상사고,0,1,0,0,차대차 - 추돌,안전운전불이행,젖음/습기,비,단일로 - 지하차도(도로)내,화물,남,44세,상해없음,화물,여,40세,중상
2021061200100312,2021년 6월 12일 14시,토요일,부산광역시 기장군 일광면,경상사고,0,0,3,0,차대차 - 추돌,안전운전불이행,젖음/습기,비,단일로 - 기타,승용,남,58세,상해없음,승용,남,26세,경상
2021061200100346,2021년 6월 12일 15시,토요일,부산광역시 동래구 안락동,부상신고사고,0,0,0,1,차대차 - 측면충돌,차로위반,건조,맑음,단일로 - 기타,승용,남,64세,상해없음,승용,남,57세,부상신고
2021061200100347,2021년 6월 12일 15시,토요일,부산광역시 기장군 기장읍,경상사고,0,0,2,0,차대차 - 추돌,안전운전불이행,젖음/습기,비,단일로 - 기타,승용,남,60세,상해없음,승용,여,48세,경상
2021061200100384,2021년 6월 12일 16시,토요일,부산광역시 남구 대연동,경상사고,0,0,1,0,차대차 - 측면충돌,안전운전불이행,젖음/습기,맑음,기타 - 기타,승용,여,67세,상해없음,승용,남,25세,경상
2021061200100385,2021년 6월 12일 16시,토요일,부산광역시 기장군 기장읍,경상사고,0,0,5,0,차대차 - 기타,신호위반,젖음/습기,비,단일로 - 기타,승용,남,57세,상해없음,승용,여,41세,경상
2021061200100425,2021년 6월 12일 17시,토요일,부산광역시 부산진구 개금동,경상사고,0,0,1,1,차대차 - 후진중충돌,안전운전불이행,건조,맑음,교차로 - 교차로안,승용,여,37세,부상신고,승용,여,31세,경상
2021061200100426,2021년 6월 12일 17시,토요일,부산광역시 금정구 서동,경상사고,0,0,2,0,차대차 - 측면충돌,안전운전불이행,젖음/습기,비,교차로 - 교차로부근,승용,남,54세,상해없음,승용,남,62세,경상
2021061200100427,2021년 6월 12일 17시,토요일,부산광역시 강서구 식만동,경상사고,0,0,1,1,차대차 - 측면충돌,안전운전불이행,젖음/습기,맑음,기타 - 기타,승용,남,47세,기타불명,화물,남,55세,부상신고
2021061200100428,2021년 6월 12일 17시,토요일,부산광역시 기장군 일광면,경상사고,0,0,2,0,차대차 - 추돌,안전운전불이행,젖음/습기,비,단일로 - 기타,승용,남,22세,상해없음,승용,남,21세,경상
2021061200100473,2021년 6월 12일 18시,토요일,부산광역시 사하구 괴정동,경상사고,0,0,3,0,차대차 - 측면충돌,교차로운행방법위반,건조,맑음,교차로 - 교차로안,승용,남,62세,상해없음,승용,여,39세,경상
2021061200100506,2021년 6월 12일 19시,토요일,부산광역시 동구 초량동,경상사고,0,0,1,0,차대사람 - 횡단중,안전운전불이행,젖음/습기,비,단일로 - 기타,이륜,남,18세,상해없음,보행자,여,67세,경상
2021061200100507,2021년 6월 12일 19시,토요일,부산광역시 부산진구 부전동,경상사고,0,0,1,0,차대사람 - 차도통행중,안전운전불이행,젖음/습기,비,교차로 - 교차로부근,이륜,남,36세,상해없음,보행자,남,26세,경상
2021061200100508,2021년 6월 12일 19시,토요일,부산광역시 연제구 연산동,경상사고,0,0,2,0,차대차 - 측면충돌,안전운전불이행,젖음/습기,비,교차로 - 교차로부근,승용,남,72세,상해없음,승용,여,40세,경상
2021061200100532,2021년 6월 12일 20시,토요일,부산광역시 수영구 광안동,중상사고,0,2,0,0,차대차 - 추돌,안전운전불이행,젖음/습기,비,단일로 - 기타,승용,여,45세,상해없음,승용,남,52세,중상
2021061200100533,2021년 6월 12일 20시,토요일,부산광역시 북구 덕천동,중상사고,0,1,0,0,차대차 - 측면충돌,신호위반,젖음/습기,비,교차로 - 교차로안,이륜,남,23세,상해없음,이륜,남,25세,중상
2021061200100534,2021년 6월 12일 20시,토요일,부산광역시 해운대구 중동,경상사고,0,0,1,0,차대차 - 추돌,안전운전불이행,건조,맑음,교차로 - 교차로부근,승용,남,48세,상해없음,이륜,남,52세,경상
2021061200100535,2021년 6월 12일 20시,토요일,부산광역시 사하구 하단동,경상사고,0,0,1,0,차대사람 - 횡단중,중앙선침범,젖음/습기,비,교차로 - 교차로부근,화물,남,40세,상해없음,보행자,남,65세,경상
2021061200100561,2021년 6월 12일 21시,토요일,부산광역시 북구 덕천동,중상사고,0,1,0,0,차대차 - 기타,안전운전불이행,젖음/습기,비,단일로 - 기타,승용,남,33세,상해없음,원동기,남,24세,중상
2021061200100562,2021년 6월 12일 21시,토요일,부산광역시 부산진구 부암동,중상사고,0,1,0,0,차대사람 - 횡단중,보행자보호의무위반,젖음/습기,비,교차로 - 교차로횡단보도내,승용,남,36세,상해없음,보행자,여,61세,중상
2021061200100587,2021년 6월 12일 22시,토요일,부산광역시 동구 초량동,중상사고,0,1,0,0,차대사람 - 횡단중,안전운전불이행,젖음/습기,비,단일로 - 기타,이륜,남,24세,상해없음,보행자,남,54세,중상
2021061200100588,2021년 6월 12일 22시,토요일,부산광역시 동구 좌천동,경상사고,0,0,1,0,차대차 - 추돌,안전거리미확보,건조,맑음,단일로 - 고가도로위,승용,남,68세,상해없음,승용,남,67세,경상
2021061200100589,2021년 6월 12일 22시,토요일,부산광역시 금정구 서동,경상사고,0,0,1,0,차대사람 - 횡단중,안전운전불이행,젖음/습기,비,교차로 - 교차로안,승용,남,60세,상해없음,보행자,여,60세,경상
2021061200100613,2021년 6월 12일 23시,토요일,부산광역시 수영구 민락동,경상사고,0,0,1,0,차대차 - 기타,안전운전불이행,건조,맑음,교차로 - 교차로부근,승용,여,32세,상해없음,이륜,남,51세,기타불명
2021061200100614,2021년 6월 12일 23시,토요일,부산광역시 부산진구 당감동,중상사고,0,1,1,0,차대차 - 추돌,안전운전불이행,젖음/습기,비,단일로 - 고가도로위,승용,남,60세,상해없음,승용,남,65세,중상
2021061300100017,2021년 6월 13일 02시,일요일,부산광역시 남구 문현동,중상사고,0,1,0,1,차량단독 - 공작물충돌,안전운전불이행,젖음/습기,흐림,기타 - 기타,승용,남,57세,부상신고,,,,
2021061300100018,2021년 6월 13일 02시,일요일,부산광역시 남구 대연동,경상사고,0,0,1,0,차량단독 - 기타,안전운전불이행,젖음/습기,흐림,기타 - 기타,화물,남,41세,경상,,,,
2021061300100040,2021년 6월 13일 06시,일요일,부산광역시 금정구 부곡동,경상사고,0,0,1,0,차대차 - 측면충돌,신호위반,건조,맑음,교차로 - 교차로안,원동기,남,33세,경상,승용,남,59세,상해없음
2021061300100061,2021년 6월 13일 09시,일요일,부산광역시 연제구 연산동,경상사고,0,0,1,0,차대차 - 측면충돌,안전운전불이행,건조,맑음,교차로 - 교차로부근,승용,남,33세,상해없음,자전거,남,67세,경상
2021061300100062,2021년 6월 13일 09시,일요일,부산광역시 기장군 장안읍,경상사고,0,0,1,0,차대차 - 기타,안전운전불이행,건조,맑음,단일로 - 기타,자전거,남,58세,경상,승용,남,27세,기타불명
2021061300100079,2021년 6월 13일 10시,일요일,부산광역시 수영구 광안동,경상사고,0,0,1,0,차대사람 - 횡단중,보행자보호의무위반,건조,맑음,단일로 - 기타,승용,남,37세,상해없음,보행자,남,39세,경상
2021061300100080,2021년 6월 13일 10시,일요일,부산광역시 기장군 일광면,경상사고,0,0,1,0,차대차 - 기타,신호위반,건조,맑음,교차로 - 교차로안,승용,여,56세,상해없음,승용,남,52세,경상
2021061300100099,2021년 6월 13일 11시,일요일,부산광역시 사상구 엄궁동,경상사고,0,0,1,0,차대차 - 정면충돌,신호위반,건조,흐림,교차로 - 교차로안,승용,여,39세,상해없음,이륜,남,68세,경상
2021061300100128,2021년 6월 13일 12시,일요일,부산광역시 수영구 민락동,경상사고,0,0,1,0,차대차 - 기타,중앙선침범,건조,맑음,교차로 - 교차로안,승용,남,74세,상해없음,이륜,남,33세,경상
2021061300100129,2021년 6월 13일 12시,일요일,부산광역시 금정구 장전동,경상사고,0,0,1,0,차대차 - 기타,기타,건조,맑음,단일로 - 기타,기타불명,기타불명,미분류,기타불명,이륜,남,35세,경상
2021061300100130,2021년 6월 13일 12시,일요일,부산광역시 사하구 괴정동,중상사고,0,2,1,0,차대차 - 추돌,안전운전불이행,건조,맑음,기타 - 기타,승용,남,39세,상해없음,승용,남,63세,중상
2021061300100131,2021년 6월 13일 12시,일요일,부산광역시 사하구 감천동,경상사고,0,0,2,0,차대차 - 기타,안전운전불이행,건조,맑음,단일로 - 기타,승용,남,48세,기타불명,승용,여,50세,경상
2021061300100164,2021년 6월 13일 13시,일요일,부산광역시 수영구 광안동,경상사고,0,0,1,0,차대차 - 후진중충돌,안전운전불이행,건조,맑음,단일로 - 기타,승용,남,38세,상해없음,승용,남,37세,경상
2021061300100165,2021년 6월 13일 13시,일요일,부산광역시 사하구 다대동,경상사고,0,0,1,0,차대차 - 기타,안전운전불이행,건조,맑음,단일로 - 기타,화물,남,60세,상해없음,승용,남,37세,경상
2021061300100195,2021년 6월 13일 14시,일요일,부산광역시 동래구 안락동,부상신고사고,0,0,0,1,차대차 - 추돌,안전거리미확보,건조,맑음,단일로 - 기타,화물,여,59세,상해없음,승용,남,30세,부상신고
2021061300100196,2021년 6월 13일 14시,일요일,부산광역시 동래구 명장동,경상사고,0,0,2,0,차대사람 - 횡단중,보행자보호의무위반,건조,맑음,교차로 - 교차로안,승합,남,38세,기타불명,보행자,남,47세,경상
2021061300100197,2021년 6월 13일 14시,일요일,부산광역시 연제구 연산동,경상사고,0,0,1,0,차대차 - 후진중충돌,안전운전불이행,건조,맑음,기타 - 기타,승용,남,38세,상해없음,승용,남,36세,경상
2021061300100237,2021년 6월 13일 15시,일요일,부산광역시 기장군 기장읍,경상사고,0,0,2,0,차대차 - 추돌,안전거리미확보,건조,맑음,단일로 - 기타,승용,남,30세,상해없음,승용,남,26세,경상
2021061300100288,2021년 6월 13일 16시,일요일,부산광역시 동래구 사직동,중상사고,0,1,0,0,차대사람 - 기타,안전운전불이행,건조,맑음,단일로 - 기타,승용,여,25세,상해없음,보행자,여,61세,중상
2021061300100314,2021년 6월 13일 17시,일요일,부산광역시 중구 보수동1가,경상사고,0,0,1,0,차대차 - 측면충돌,안전거리미확보,건조,맑음,교차로 - 교차로부근,이륜,남,23세,상해없음,승용,여,62세,경상
2021061300100315,2021년 6월 13일 17시,일요일,부산광역시 동래구 온천동,경상사고,0,0,1,0,차대사람 - 기타,안전운전불이행,건조,맑음,단일로 - 기타,화물,남,76세,상해없음,보행자,여,11세,경상
2021061300100347,2021년 6월 13일 18시,일요일,부산광역시 동구 초량동,부상신고사고,0,0,0,1,차대사람 - 기타,안전운전불이행,건조,맑음,교차로 - 교차로안,승용,남,38세,상해없음,보행자,여,81세,부상신고
2021061300100348,2021년 6월 13일 18시,일요일,부산광역시 금정구 부곡동,경상사고,0,0,2,0,차대차 - 측면충돌,신호위반,건조,맑음,단일로 - 기타,승용,남,67세,상해없음,승용,남,30세,경상
2021061300100349,2021년 6월 13일 18시,일요일,부산광역시 기장군 정관읍,경상사고,0,0,4,0,차대차 - 기타,안전운전불이행,건조,맑음,교차로 - 교차로안,이륜,남,21세,상해없음,승용,남,36세,경상
2021061300100376,2021년 6월 13일 19시,일요일,부산광역시 금정구 남산동,중상사고,0,1,0,0,차대차 - 후진중충돌,안전운전불이행,건조,맑음,단일로 - 기타,화물,남,51세,상해없음,이륜,여,54세,중상
2021061300100406,2021년 6월 13일 20시,일요일,부산광역시 수영구 광안동,경상사고,0,0,1,0,차대차 - 기타,신호위반,건조,맑음,교차로 - 교차로안,승용,여,55세,상해없음,이륜,남,25세,경상
2021061300100407,2021년 6월 13일 20시,일요일,부산광역시 수영구 광안동,중상사고,0,1,1,0,차대차 - 기타,신호위반,건조,맑음,기타 - 기타,승용,남,47세,상해없음,이륜,남,21세,중상
2021061300100408,2021년 6월 13일 20시,일요일,부산광역시 해운대구 좌동,중상사고,0,2,0,0,차대차 - 측면충돌,중앙선침범,건조,맑음,교차로 - 교차로부근,승용,남,64세,상해없음,이륜,남,42세,중상
2021061300100409,2021년 6월 13일 20시,일요일,부산광역시 강서구 명지동,경상사고,0,0,2,0,차대차 - 기타,신호위반,건조,맑음,단일로 - 기타,이륜,남,20세,기타불명,승용,여,56세,경상
2021061300100434,2021년 6월 13일 21시,일요일,부산광역시 연제구 연산동,경상사고,0,0,1,0,차대차 - 측면충돌,안전거리미확보,젖음/습기,비,교차로 - 교차로부근,승용,여,57세,상해없음,승용,남,65세,경상
2021061300100469,2021년 6월 13일 23시,일요일,부산광역시 사상구 모라동,경상사고,0,0,4,0,차대차 - 추돌,안전운전불이행,건조,맑음,단일로 - 터널,승용,남,27세,상해없음,승용,여,42세,경상
2021061400100015,2021년 6월 14일 03시,월요일,부산광역시 남구 대연동,중상사고,0,1,2,0,차대차 - 측면충돌,신호위반,건조,맑음,교차로 - 교차로안,승용,남,59세,상해없음,승용,남,60세,상해없음
2021061400100019,2021년 6월 14일 04시,월요일,부산광역시 강서구 대저2동,중상사고,0,1,1,0,차대차 - 추돌,안전운전불이행,건조,흐림,단일로 - 기타,승용,남,52세,상해없음,화물,남,46세,경상
2021061400100076,2021년 6월 14일 08시,월요일,부산광역시 서구 서대신동1가,경상사고,0,0,1,0,차대차 - 측면충돌,직진우회전진행방해,건조,맑음,교차로 - 교차로안,이륜,남,41세,경상,승용,남,24세,상해없음
2021061400100156,2021년 6월 14일 10시,월요일,부산광역시 중구 중앙동4가,중상사고,0,1,0,0,차대사람 - 기타,기타,건조,맑음,단일로 - 기타,승용,남,52세,상해없음,보행자,여,73세,중상
2021061400100187,2021년 6월 14일 11시,월요일,부산광역시 동구 수정동,경상사고,0,0,1,0,차대사람 - 길가장자리구역통행중,안전운전불이행,건조,맑음,단일로 - 기타,승용,남,69세,상해없음,보행자,여,25세,경상
2021061400100188,2021년 6월 14일 11시,월요일,부산광역시 해운대구 송정동,중상사고,0,1,4,0,차대차 - 추돌,안전운전불이행,건조,맑음,단일로 - 기타,화물,남,56세,기타불명,승용,남,50세,중상
2021061400100226,2021년 6월 14일 12시,월요일,부산광역시 중구 보수동1가,경상사고,0,0,2,0,차대차 - 측면충돌,안전운전불이행,건조,맑음,단일로 - 기타,승용,남,52세,상해없음,승용,남,63세,경상
2021061400100227,2021년 6월 14일 12시,월요일,부산광역시 부산진구 개금동,부상신고사고,0,0,0,1,차대차 - 기타,안전운전불이행,건조,맑음,단일로 - 기타,이륜,남,23세,부상신고,승용,여,52세,상해없음
2021061400100228,2021년 6월 14일 12시,월요일,부산광역시 사하구 다대동,경상사고,0,0,1,0,차대차 - 기타,안전운전불이행,건조,맑음,교차로 - 교차로안,이륜,남,82세,경상,승용,남,59세,상해없음
2021061400100229,2021년 6월 14일 12시,월요일,부산광역시 사하구 하단동,경상사고,0,0,1,0,차대차 - 기타,안전운전불이행,건조,맑음,단일로 - 기타,승용,남,64세,상해없음,승용,남,38세,경상
2021061400100256,2021년 6월 14일 13시,월요일,부산광역시 영도구 청학동,경상사고,0,0,2,0,차대차 - 기타,중앙선침범,건조,맑음,교차로 - 교차로부근,승용,남,35세,경상,승용,남,50세,경상
2021061400100257,2021년 6월 14일 13시,월요일,부산광역시 해운대구 재송동,경상사고,0,0,1,0,차대사람 - 횡단중,중앙선침범,건조,맑음,단일로 - 기타,승용,여,41세,상해없음,보행자,여,72세,경상
2021061400100297,2021년 6월 14일 14시,월요일,부산광역시 서구 동대신동2가,경상사고,0,0,1,0,차대차 - 측면충돌,안전운전불이행,건조,맑음,교차로 - 교차로부근,화물,남,54세,상해없음,승용,여,36세,경상
2021061400100298,2021년 6월 14일 14시,월요일,부산광역시 부산진구 가야동,중상사고,0,1,0,0,차대차 - 기타,신호위반,건조,맑음,교차로 - 교차로안,승용,남,35세,상해없음,이륜,남,31세,중상
2021061400100342,2021년 6월 14일 15시,월요일,부산광역시 북구 만덕동,중상사고,0,1,0,0,차대사람 - 횡단중,안전운전불이행,건조,맑음,교차로 - 교차로부근,승용,남,58세,상해없음,보행자,여,80세,중상
2021061400100343,2021년 6월 14일 15시,월요일,부산광역시 동래구 사직동,경상사고,0,0,1,0,차대차 - 측면충돌,신호위반,건조,맑음,교차로 - 교차로안,승용,남,72세,상해없음,승용,여,42세,경상
2021061400100344,2021년 6월 14일 15시,월요일,부산광역시 부산진구 당감동,경상사고,0,0,1,0,차대차 - 추돌,교차로운행방법위반,건조,맑음,교차로 - 교차로안,승용,여,63세,상해없음,승용,여,47세,경상
2021061400100345,2021년 6월 14일 15시,월요일,부산광역시 사하구 하단동,경상사고,0,0,3,0,차대차 - 측면충돌,교차로운행방법위반,건조,맑음,교차로 - 교차로안,승용,여,41세,경상,승용,여,59세,경상
2021061400100368,2021년 6월 14일 16시,월요일,부산광역시 금정구 부곡동,중상사고,0,1,0,0,차대사람 - 횡단중,안전운전불이행,건조,맑음,단일로 - 기타,이륜,남,30세,상해없음,보행자,남,16세,중상