사고번호,사고일시,요일,시군구,사고내용,사망자수,중상자수,경상자수,부상신고자수,사고유형,법규위반,노면상태,기상상태,도로형태,가해운전자 차종,가해운전자 성별,가해운전자 연령,가해운전자 상해정도,피해운전자 차종,피해운전자 성별,피해운전자 연령,피해운전자 상해정도
2021061400100369,2021년 6월 14일 16시,월요일,부산광역시 금정구 장전동,경상사고,0,0,1,0,차대차 - 측면충돌,안전거리미확보,건조,맑음,단일로 - 기타,건설기계,남,40세,상해없음,승용,남,74세,경상
2021061400100414,2021년 6월 14일 17시,월요일,부산광역시 사상구 학장동,경상사고,0,0,1,0,차대차 - 기타,안전운전불이행,건조,맑음,단일로 - 기타,승용,남,40세,상해없음,승용,여,51세,경상
2021061400100463,2021년 6월 14일 18시,월요일,부산광역시 부산진구 범천동,경상사고,0,0,1,0,차대차 - 측면충돌,신호위반,건조,맑음,교차로 - 교차로안,승용,남,31세,상해없음,승용,여,28세,경상
2021061400100464,2021년 6월 14일 18시,월요일,부산광역시 강서구 신호동,경상사고,0,0,1,0,차대차 - 기타,중앙선침범,건조,맑음,교차로 - 교차로부근,승용,남,68세,상해없음,승용,남,45세,상해없음
2021061400100505,2021년 6월 14일 19시,월요일,부산광역시 부산진구 부전동,경상사고,0,0,3,0,차대차 - 측면충돌,안전운전불이행,건조,맑음,교차로 - 교차로안,승용,남,62세,경상,승용,여,62세,경상
2021061400100531,2021년 6월 14일 20시,월요일,부산광역시 해운대구 반여동,경상사고,0,0,1,0,차대차 - 기타,신호위반,건조,맑음,단일로 - 기타,승용,여,51세,상해없음,승용,여,55세,경상
2021061400100570,2021년 6월 14일 22시,월요일,부산광역시 금정구 장전동,중상사고,0,1,0,0,차대사람 - 횡단중,안전운전불이행,건조,맑음,교차로 - 교차로안,승용,남,37세,상해없음,보행자,여,20세,중상
2021061400100571,2021년 6월 14일 22시,월요일,부산광역시 사하구 다대동,경상사고,0,0,1,0,차대차 - 기타,신호위반,건조,맑음,교차로 - 교차로안,승용,여,52세,상해없음,승용,남,23세,경상
2021061400100572,2021년 6월 14일 22시,월요일,부산광역시 사하구 다대동,중상사고,0,1,0,0,차대사람 - 기타,안전운전불이행,건조,맑음,단일로 - 기타,승용,남,61세,상해없음,보행자,남,50세,중상
2021061500100009,2021년 6월 15일 01시,화요일,부산광역시 사상구 감전동,중상사고,0,1,0,0,차대차 - 추돌,안전운전불이행,건조,맑음,교차로 - 교차로부근,화물,남,56세,상해없음,화물,남,47세,중상
2021061500100025,2021년 6월 15일 05시,화요일,부산광역시 부산진구 범천동,경상사고,0,0,1,0,차대차 - 기타,안전운전불이행,건조,흐림,교차로 - 교차로안,승용,남,30세,상해없음,승용,남,64세,경상
2021061500100031,2021년 6월 15일 06시,화요일,부산광역시 서구 동대신동3가,경상사고,0,0,1,0,차대차 - 정면충돌,신호위반,건조,맑음,교차로 - 교차로안,승용,남,40세,상해없음,승용,남,40세,경상
2021061500100032,2021년 6월 15일 06시,화요일,부산광역시 북구 만덕동,경상사고,0,0,1,0,차대차 - 측면충돌,안전운전불이행,건조,맑음,단일로 - 기타,이륜,남,44세,경상,승합,남,56세,상해없음
2021061500100033,2021년 6월 15일 06시,화요일,부산광역시 영도구 청학동,경상사고,0,0,1,0,차대차 - 기타,신호위반,건조,맑음,단일로 - 기타,승용,남,53세,상해없음,승용,남,36세,경상
2021061500100034,2021년 6월 15일 06시,화요일,부산광역시 사하구 하단동,경상사고,0,0,2,1,차대차 - 측면충돌,안전거리미확보,건조,맑음,단일로 - 지하차도(도로)내,화물,남,44세,부상신고,승용,남,39세,경상
2021061500100045,2021년 6월 15일 07시,화요일,부산광역시 해운대구 재송동,경상사고,0,0,1,0,차대사람 - 길가장자리구역통행중,안전운전불이행,젖음/습기,흐림,단일로 - 기타,승용,남,29세,상해없음,보행자,남,38세,경상
2021061500100066,2021년 6월 15일 08시,화요일,부산광역시 금정구 부곡동,경상사고,0,0,1,0,차대차 - 측면충돌,안전운전불이행,건조,맑음,단일로 - 기타,승용,남,65세,상해없음,화물,남,42세,경상
2021061500100096,2021년 6월 15일 09시,화요일,부산광역시 동래구 사직동,중상사고,0,1,0,0,차대차 - 기타,안전운전불이행,건조,맑음,단일로 - 기타,이륜,남,18세,상해없음,승합,남,53세,상해없음
2021061500100128,2021년 6월 15일 10시,화요일,부산광역시 동구 범일동,중상사고,0,1,0,0,차대사람 - 횡단중,보행자보호의무위반,건조,흐림,교차로 - 교차로부근,승합,남,59세,상해없음,보행자,남,77세,중상
2021061500100129,2021년 6월 15일 10시,화요일,부산광역시 강서구 송정동,중상사고,0,1,0,0,차대차 - 기타,안전운전불이행,건조,맑음,단일로 - 기타,특수,남,62세,상해없음,승용,남,39세,중상
2021061500100162,2021년 6월 15일 11시,화요일,부산광역시 해운대구 재송동,경상사고,0,0,1,1,차대사람 - 기타,안전운전불이행,건조,흐림,교차로 - 교차로안,승용,남,31세,상해없음,보행자,남,42세,부상신고
2021061500100163,2021년 6월 15일 11시,화요일,부산광역시 부산진구 가야동,경상사고,0,0,1,0,차대차 - 측면충돌,안전거리미확보,건조,맑음,단일로 - 기타,승용,여,49세,상해없음,이륜,남,24세,경상
2021061500100164,2021년 6월 15일 11시,화요일,부산광역시 연제구 연산동,경상사고,0,0,1,0,차대차 - 측면충돌,안전거리미확보,건조,흐림,교차로 - 교차로부근,승용,여,53세,상해없음,이륜,남,48세,경상
2021061500100165,2021년 6월 15일 11시,화요일,부산광역시 사상구 주례동,경상사고,0,0,1,0,차대사람 - 보도통행중,안전운전불이행,건조,맑음,단일로 - 기타,승용,남,31세,상해없음,보행자,남,75세,경상
2021061500100200,2021년 6월 15일 12시,화요일,부산광역시 부산진구 부전동,중상사고,0,1,0,0,차량단독 - 기타,안전운전불이행,건조,맑음,단일로 - 기타,승합,남,24세,상해없음,,,,
2021061500100236,2021년 6월 15일 13시,화요일,부산광역시 서구 아미동2가,중상사고,0,1,0,0,차대사람 - 기타,안전운전불이행,젖음/습기,비,단일로 - 기타,승용,남,48세,상해없음,보행자,남,59세,중상
2021061500100237,2021년 6월 15일 13시,화요일,부산광역시 영도구 동삼동,경상사고,0,0,1,0,차대차 - 측면충돌,안전운전불이행,건조,흐림,단일로 - 기타,승용,남,18세,상해없음,승용,남,74세,상해없음
2021061500100238,2021년 6월 15일 13시,화요일,부산광역시 수영구 수영동,경상사고,0,0,1,0,차대차 - 측면충돌,안전운전불이행,건조,맑음,단일로 - 기타,화물,남,60세,기타불명,승용,여,32세,경상
2021061500100239,2021년 6월 15일 13시,화요일,부산광역시 연제구 거제동,부상신고사고,0,0,0,2,차대차 - 추돌,안전운전불이행,건조,맑음,교차로 - 교차로부근,승용,남,28세,상해없음,승용,여,36세,부상신고
2021061500100240,2021년 6월 15일 13시,화요일,부산광역시 강서구 명지동,경상사고,0,0,1,0,차대사람 - 길가장자리구역통행중,안전운전불이행,건조,맑음,단일로 - 기타,승용,남,54세,상해없음,보행자,여,35세,경상
2021061500100273,2021년 6월 15일 14시,화요일,부산광역시 북구 금곡동,경상사고,0,0,2,0,차대차 - 추돌,안전운전불이행,젖음/습기,비,교차로 - 교차로부근,승용,남,67세,상해없음,승용,여,44세,경상
2021061500100274,2021년 6월 15일 14시,화요일,부산광역시 북구 화명동,중상사고,0,1,2,0,차대차 - 측면충돌,안전운전불이행,건조,맑음,단일로 - 지하차도(도로)내,승용,남,34세,상해없음,승용,여,60세,중상
2021061500100275,2021년 6월 15일 14시,화요일,부산광역시 사상구 모라동,경상사고,0,0,1,0,차대차 - 기타,안전거리미확보,건조,흐림,단일로 - 기타,승용,남,63세,상해없음,승용,남,53세,경상
2021061500100313,2021년 6월 15일 15시,화요일,부산광역시 동구 초량동,중상사고,0,1,0,0,차대차 - 측면충돌,교차로운행방법위반,젖음/습기,비,교차로 - 교차로안,승용,남,68세,상해없음,이륜,남,30세,중상
2021061500100314,2021년 6월 15일 15시,화요일,부산광역시 부산진구 부전동,중상사고,0,1,0,0,차대차 - 기타,신호위반,젖음/습기,비,교차로 - 교차로안,승용,남,50세,기타불명,이륜,남,61세,중상
2021061500100346,2021년 6월 15일 16시,화요일,부산광역시 부산진구 전포동,경상사고,0,0,1,0,차대차 - 기타,안전거리미확보,젖음/습기,비,단일로 - 기타,화물,남,44세,상해없음,이륜,남,41세,경상
2021061500100347,2021년 6월 15일 16시,화요일,부산광역시 강서구 송정동,경상사고,0,0,1,0,차대차 - 기타,안전운전불이행,건조,맑음,단일로 - 기타,승용,남,52세,상해없음,승용,남,53세,경상
2021061500100387,2021년 6월 15일 17시,화요일,부산광역시 사하구 장림동,경상사고,0,0,1,0,차대차 - 추돌,안전거리미확보,젖음/습기,비,교차로 - 교차로안,승용,남,70세,상해없음,이륜,남,47세,경상
2021061500100428,2021년 6월 15일 18시,화요일,부산광역시 수영구 광안동,경상사고,0,0,1,0,차대차 - 기타,기타,젖음/습기,비,단일로 - 기타,승용,남,68세,상해없음,이륜,남,21세,경상
2021061500100429,2021년 6월 15일 18시,화요일,부산광역시 사하구 감천동,경상사고,0,0,1,0,차대차 - 기타,직진우회전진행방해,젖음/습기,비,교차로 - 교차로안,승용,여,63세,상해없음,이륜,남,18세,경상
2021061500100430,2021년 6월 15일 18시,화요일,부산광역시 사상구 모라동,경상사고,0,0,2,0,차대차 - 추돌,안전운전불이행,젖음/습기,비,단일로 - 기타,승용,남,57세,상해없음,승용,남,40세,경상
2021061500100431,2021년 6월 15일 18시,화요일,부산광역시 강서구 강동동,경상사고,0,0,1,0,차대차 - 측면충돌,안전거리미확보,젖음/습기,비,단일로 - 기타,승용,남,35세,상해없음,특수,남,62세,경상
2021061500100475,2021년 6월 15일 19시,화요일,부산광역시 부산진구 부전동,경상사고,0,0,2,0,차대차 - 측면충돌,안전운전불이행,젖음/습기,비,교차로 - 교차로부근,승용,여,42세,상해없음,승용,남,23세,상해없음
2021061500100476,2021년 6월 15일 19시,화요일,부산광역시 금정구 회동동,경상사고,0,0,1,0,차대차 - 측면충돌,안전운전불이행,젖음/습기,비,교차로 - 교차로안,승용,남,29세,상해없음,승용,남,23세,경상
2021061500100504,2021년 6월 15일 20시,화요일,부산광역시 북구 화명동,경상사고,0,0,1,0,차대차 - 측면충돌,신호위반,젖음/습기,비,단일로 - 지하차도(도로)내,승용,남,45세,상해없음,승용,여,44세,경상
2021061500100505,2021년 6월 15일 20시,화요일,부산광역시 금정구 부곡동,경상사고,0,0,4,0,차대차 - 측면충돌,안전운전불이행,젖음/습기,비,교차로 - 교차로안,승용,남,58세,상해없음,승용,남,33세,경상
2021061500100563,2021년 6월 15일 22시,화요일,부산광역시 서구 아미동1가,경상사고,0,0,1,0,차대차 - 추돌,안전운전불이행,젖음/습기,비,교차로 - 교차로부근,승용,남,37세,상해없음,승용,남,74세,경상
2021061500100564,2021년 6월 15일 22시,화요일,부산광역시 사하구 하단동,중상사고,0,1,0,0,차대사람 - 기타,안전운전불이행,젖음/습기,비,교차로 - 교차로안,승용,남,37세,상해없음,보행자,남,27세,중상
2021061500100584,2021년 6월 15일 23시,화요일,부산광역시 수영구 광안동,경상사고,0,0,1,0,차대사람 - 기타,안전운전불이행,젖음/습기,비,교차로 - 교차로부근,승용,여,59세,기타불명,보행자,남,30세,경상
2021061600100004,2021년 6월 16일 00시,수요일,부산광역시 해운대구 우동,경상사고,0,0,2,0,차대차 - 후진중충돌,안전운전불이행,젖음/습기,비,단일로 - 기타,승용,남,35세,상해없음,승용,남,61세,경상
2021061600100014,2021년 6월 16일 01시,수요일,부산광역시 동구 범일동,중상사고,0,1,0,0,차대사람 - 차도통행중,안전운전불이행,젖음/습기,비,교차로 - 교차로안,승합,여,55세,상해없음,보행자,남,62세,중상
2021061600100015,2021년 6월 16일 01시,수요일,부산광역시 동래구 안락동,중상사고,0,1,0,0,차대차 - 측면충돌,신호위반,젖음/습기,비,교차로 - 교차로안,화물,남,50세,상해없음,이륜,남,36세,중상
2021061600100026,2021년 6월 16일 04시,수요일,부산광역시 서구 동대신동2가,경상사고,0,0,1,0,차대차 - 추돌,안전운전불이행,젖음/습기,흐림,단일로 - 기타,화물,남,71세,기타불명,승용,남,66세,경상
2021061600100030,2021년 6월 16일 05시,수요일,부산광역시 중구 중앙동7가,경상사고,0,0,1,0,차대차 - 추돌,중앙선침범,젖음/습기,비,단일로 - 교량,화물,남,58세,상해없음,승용,여,36세,경상
2021061600100129,2021년 6월 16일 09시,수요일,부산광역시 강서구 강동동,경상사고,0,0,1,0,차대차 - 측면충돌,안전운전불이행,건조,맑음,단일로 - 기타,화물,남,61세,상해없음,승용,여,29세,경상
2021061600100184,2021년 6월 16일 11시,수요일,부산광역시 해운대구 반여동,경상사고,0,0,1,0,차대차 - 측면충돌,교차로운행방법위반,젖음/습기,비,교차로 - 교차로안,승용,남,54세,상해없음,이륜,남,34세,경상
2021061600100185,2021년 6월 16일 11시,수요일,부산광역시 연제구 연산동,경상사고,0,0,2,0,차대차 - 추돌,중앙선침범,젖음/습기,비,단일로 - 기타,승용,남,56세,상해없음,승용,남,24세,경상
2021061600100218,2021년 6월 16일 12시,수요일,부산광역시 서구 아미동1가,경상사고,0,0,1,0,차대사람 - 길가장자리구역통행중,안전운전불이행,건조,맑음,단일로 - 기타,승용,남,59세,상해없음,보행자,남,64세,경상
2021061600100219,2021년 6월 16일 12시,수요일,부산광역시 수영구 수영동,중상사고,0,1,0,0,차대사람 - 기타,안전운전불이행,건조,맑음,교차로 - 교차로안,화물,남,42세,상해없음,보행자,여,78세,중상
2021061600100220,2021년 6월 16일 12시,수요일,부산광역시 수영구 망미동,경상사고,0,0,1,0,차대사람 - 횡단중,보행자보호의무위반,건조,맑음,교차로 - 교차로횡단보도내,이륜,남,25세,상해없음,보행자,남,37세,경상
2021061600100255,2021년 6월 16일 13시,수요일,부산광역시 연제구 연산동,경상사고,0,0,1,0,차대차 - 기타,중앙선침범,젖음/습기,비,교차로 - 교차로안,기타불명,기타불명,미분류,기타불명,이륜,남,39세,경상
2021061600100285,2021년 6월 16일 14시,수요일,부산광역시 서구 동대신동2가,경상사고,0,0,2,0,차대차 - 측면충돌,안전운전불이행,건조,맑음,단일로 - 기타,승용,남,54세,경상,화물,남,47세,경상
2021061600100286,2021년 6월 16일 14시,수요일,부산광역시 남구 용호동,경상사고,0,0,1,0,차대사람 - 기타,안전운전불이행,건조,맑음,단일로 - 기타,화물,남,60세,상해없음,보행자,남,73세,경상
2021061600100287,2021년 6월 16일 14시,수요일,부산광역시 영도구 동삼동,중상사고,0,1,0,0,차대사람 - 보도통행중,보행자보호의무위반,건조,맑음,교차로 - 교차로횡단보도내,기타불명,기타불명,미분류,기타불명,보행자,남,44세,중상
2021061600100288,2021년 6월 16일 14시,수요일,부산광역시 사상구 감전동,중상사고,0,1,0,0,차량단독 - 기타,안전운전불이행,건조,맑음,단일로 - 지하차도(도로)내,승용,남,64세,중상,,,,
2021061600100399,2021년 6월 16일 17시,수요일,부산광역시 동구 초량동,경상사고,0,0,3,0,차대차 - 기타,안전거리미확보,젖음/습기,흐림,단일로 - 기타,화물,남,54세,상해없음,승용,남,83세,경상
2021061600100454,2021년 6월 16일 18시,수요일,부산광역시 북구 구포동,경상사고,0,0,1,0,차대차 - 추돌,안전운전불이행,건조,맑음,단일로 - 기타,승합,남,48세,상해없음,승용,남,37세,경상
2021061600100456,2021년 6월 16일 18시,수요일,부산광역시 금정구 구서동,중상사고,0,1,0,0,차대사람 - 횡단중,안전운전불이행,건조,맑음,단일로 - 기타,승용,여,51세,상해없음,보행자,여,46세,중상
2021061600100504,2021년 6월 16일 19시,수요일,부산광역시 사하구 다대동,부상신고사고,0,0,0,1,차대차 - 기타,안전운전불이행,건조,맑음,단일로 - 기타,이륜,남,31세,부상신고,승용,남,29세,상해없음
2021061600100505,2021년 6월 16일 19시,수요일,부산광역시 사하구 하단동,경상사고,0,0,1,0,차대사람 - 기타,보행자보호의무위반,건조,맑음,교차로 - 교차로부근,승용,여,63세,상해없음,보행자,남,38세,경상
2021061600100530,2021년 6월 16일 20시,수요일,부산광역시 서구 서대신동1가,경상사고,0,0,3,0,차대차 - 기타,신호위반,젖음/습기,비,교차로 - 교차로안,승용,남,62세,기타불명,승용,남,58세,경상
2021061600100567,2021년 6월 16일 21시,수요일,부산광역시 해운대구 반송동,경상사고,0,0,3,0,차대차 - 측면충돌,신호위반,젖음/습기,흐림,교차로 - 교차로안,승용,남,30세,상해없음,승용,남,51세,경상
2021061700100034,2021년 6월 17일 06시,목요일,부산광역시 해운대구 반여동,경상사고,0,0,1,0,차대사람 - 길가장자리구역통행중,안전운전불이행,건조,맑음,단일로 - 기타,화물,남,53세,상해없음,보행자,남,43세,경상
2021061700100055,2021년 6월 17일 07시,목요일,부산광역시 사하구 장림동,경상사고,0,0,1,0,차대차 - 측면충돌,중앙선침범,건조,맑음,기타 - 기타,이륜,남,79세,기타불명,승용,여,54세,경상
2021061700100078,2021년 6월 17일 08시,목요일,부산광역시 강서구 명지동,경상사고,0,0,1,1,차대차 - 기타,안전운전불이행,건조,맑음,단일로 - 기타,건설기계,남,51세,상해없음,승용,여,34세,경상
2021061700100117,2021년 6월 17일 09시,목요일,부산광역시 동구 범일동,경상사고,0,0,1,0,차대차 - 측면충돌,차로위반,건조,맑음,단일로 - 기타,승용,남,26세,상해없음,승합,남,45세,상해없음
2021061700100118,2021년 6월 17일 09시,목요일,부산광역시 남구 용당동,경상사고,0,0,1,0,차대차 - 측면충돌,안전운전불이행,건조,맑음,교차로 - 교차로부근,승용,남,50세,경상,화물,남,50세,상해없음
2021061700100119,2021년 6월 17일 09시,목요일,부산광역시 북구 만덕동,경상사고,0,0,2,0,차대차 - 측면충돌,안전운전불이행,건조,맑음,단일로 - 기타,승용,여,43세,상해없음,승용,남,29세,경상
2021061700100142,2021년 6월 17일 10시,목요일,부산광역시 동구 초량동,경상사고,0,0,1,0,차대사람 - 길가장자리구역통행중,보행자보호의무위반,건조,맑음,단일로 - 기타,승용,여,58세,상해없음,보행자,여,52세,경상
2021061700100143,2021년 6월 17일 10시,목요일,부산광역시 해운대구 반여동,경상사고,0,0,1,0,차대차 - 측면충돌,안전운전불이행,건조,맑음,단일로 - 기타,화물,남,56세,기타불명,승용,남,22세,경상
2021061700100171,2021년 6월 17일 11시,목요일,부산광역시 수영구 광안동,경상사고,0,0,1,0,차대차 - 추돌,기타,건조,맑음,교차로 - 교차로안,승용,여,49세,상해없음,승용,여,46세,경상
2021061700100172,2021년 6월 17일 11시,목요일,부산광역시 금정구 장전동,중상사고,0,1,0,0,차대차 - 측면충돌,중앙선침범,건조,흐림,단일로 - 기타,승합,남,69세,상해없음,자전거,남,26세,중상
2021061700100208,2021년 6월 17일 12시,목요일,부산광역시 수영구 민락동,경상사고,0,0,1,0,차대차 - 기타,안전거리미확보,건조,맑음,단일로 - 기타,승용,남,69세,상해없음,승용,남,42세,경상
2021061700100209,2021년 6월 17일 12시,목요일,부산광역시 동래구 온천동,중상사고,0,1,0,0,차대사람 - 횡단중,신호위반,건조,맑음,단일로 - 기타,화물,남,63세,상해없음,보행자,여,78세,중상
2021061700100210,2021년 6월 17일 12시,목요일,부산광역시 금정구 서동,부상신고사고,0,0,0,1,차대차 - 기타,안전운전불이행,건조,흐림,단일로 - 기타,이륜,남,67세,부상신고,화물,남,64세,기타불명
2021061700100211,2021년 6월 17일 12시,목요일,부산광역시 사하구 신평동,중상사고,0,1,1,0,차대차 - 추돌,안전운전불이행,건조,맑음,교차로 - 교차로부근,이륜,남,28세,중상,승용,남,62세,경상
2021061700100246,2021년 6월 17일 13시,목요일,부산광역시 해운대구 좌동,중상사고,0,1,0,0,차대차 - 기타,기타,건조,흐림,교차로 - 교차로안,승용,남,68세,상해없음,승용,남,53세,중상
2021061700100247,2021년 6월 17일 13시,목요일,부산광역시 부산진구 부전동,중상사고,0,1,0,0,차대차 - 측면충돌,중앙선침범,건조,맑음,교차로 - 교차로부근,이륜,남,64세,상해없음,이륜,남,26세,중상
2021061700100248,2021년 6월 17일 13시,목요일,부산광역시 수영구 망미동,중상사고,0,1,0,0,차대사람 - 기타,안전운전불이행,건조,맑음,단일로 - 기타,승용,남,59세,상해없음,보행자,여,63세,중상
2021061700100277,2021년 6월 17일 14시,목요일,부산광역시 강서구 성북동,중상사고,0,1,0,0,차대차 - 추돌,안전운전불이행,건조,맑음,단일로 - 터널,화물,남,28세,중상,특수,남,49세,상해없음
2021061700100278,2021년 6월 17일 14시,목요일,부산광역시 강서구 대저2동,경상사고,0,0,1,0,차대차 - 추돌,안전운전불이행,건조,맑음,단일로 - 기타,승용,남,70세,상해없음,승용,남,60세,경상
2021061700100279,2021년 6월 17일 14시,목요일,부산광역시 기장군 일광면,사망사고,1,1,0,0,차량단독 - 공작물충돌,안전운전불이행,건조,맑음,단일로 - 기타,승용,남,36세,중상,,,,
2021061700100307,2021년 6월 17일 15시,목요일,부산광역시 해운대구 반여동,중상사고,0,1,0,0,차대차 - 측면충돌,안전운전불이행,건조,맑음,기타 - 기타,승용,남,62세,상해없음,이륜,여,33세,중상
2021061700100308,2021년 6월 17일 15시,목요일,부산광역시 해운대구 우동,경상사고,0,0,2,0,차대차 - 측면충돌,안전운전불이행,건조,흐림,교차로 - 교차로안,승용,남,72세,상해없음,승용,여,29세,경상
2021061700100309,2021년 6월 17일 15시,목요일,부산광역시 해운대구 반송동,경상사고,0,0,1,0,차대사람 - 기타,안전운전불이행,젖음/습기,비,단일로 - 기타,기타불명,기타불명,미분류,기타불명,보행자,남,56세,경상
2021061700100346,2021년 6월 17일 16시,목요일,부산광역시 중구 신창동1가,경상사고,0,0,1,0,차대사람 - 차도통행중,안전운전불이행,건조,맑음,교차로 - 교차로부근,이륜,여,44세,상해없음,보행자,남,69세,경상
2021061700100421,2021년 6월 17일 18시,목요일,부산광역시 부산진구 전포동,경상사고,0,0,1,0,차대차 - 측면충돌,안전거리미확보,건조,맑음,단일로 - 기타,이륜,남,25세,경상,승용,남,52세,상해없음
2021061700100422,2021년 6월 17일 18시,목요일,부산광역시 강서구 대저1동,경상사고,0,0,3,0,차대차 - 측면충돌,안전운전불이행,건조,맑음,단일로 - 기타,승용,여,53세,경상,승용,남,63세,경상
2021061700100423,2021년 6월 17일 18시,목요일,부산광역시 사상구 모라동,경상사고,0,0,1,0,차대사람 - 보도통행중,기타,건조,맑음,단일로 - 기타,이륜,남,56세,기타불명,보행자,남,52세,경상
2021061700100505,2021년 6월 17일 21시,목요일,부산광역시 동래구 사직동,경상사고,0,0,1,1,차대차 - 추돌,안전거리미확보,건조,맑음,단일로 - 기타,승용,여,63세,상해없음,승용,남,60세,부상신고
2021061700100506,2021년 6월 17일 21시,목요일,부산광역시 영도구 남항동1가,경상사고,0,0,2,0,차대차 - 기타,안전운전불이행,건조,맑음,단일로 - 기타,승용,남,56세,상해없음,승용,남,65세,경상
2021061700100534,2021년 6월 17일 22시,목요일,부산광역시 수영구 광안동,경상사고,0,0,1,0,차대차 - 추돌,안전운전불이행,건조,맑음,기타 - 기타,승용,남,50세,상해없음,이륜,남,24세,경상
2021061700100535,2021년 6월 17일 22시,목요일,부산광역시 해운대구 좌동,경상사고,0,0,3,0,차대차 - 기타,기타,젖음/습기,비,교차로 - 교차로안,승용,여,52세,상해없음,승용,여,49세,경상
2021061700100536,2021년 6월 17일 22시,목요일,부산광역시 기장군 철마면,중상사고,0,1,0,0,차대차 - 기타,안전운전불이행,젖음/습기,흐림,단일로 - 기타,승용,남,56세,상해없음,이륜,남,49세,중상
2021061800100010,2021년 6월 18일 01시,금요일,부산광역시 남구 용호동,중상사고,0,1,0,0,차대차 - 기타,안전운전불이행,젖음/습기,비,교차로 - 교차로안,이륜,남,57세,중상,승용,남,51세,상해없음
2021061800100011,2021년 6월 18일 01시,금요일,부산광역시 북구 덕천동,경상사고,0,0,1,0,차대차 - 측면충돌,신호위반,젖음/습기,비,교차로 - 교차로안,이륜,남,16세,상해없음,승용,남,63세,경상
2021061800100035,2021년 6월 18일 05시,금요일,부산광역시 연제구 연산동,중상사고,0,1,0,0,차대사람 - 횡단중,보행자보호의무위반,젖음/습기,비,기타 - 기타,승합,남,51세,상해없음,보행자,여,52세,중상
2021061800100047,2021년 6월 18일 07시,금요일,부산광역시 부산진구 범천동,중상사고,0,1,1,0,차대차 - 측면충돌,신호위반,건조,기타,교차로 - 교차로안,승용,여,46세,기타불명,승용,남,80세,경상
2021061800100048,2021년 6월 18일 07시,금요일,부산광역시 연제구 거제동,경상사고,0,0,1,0,차대차 - 측면충돌,교차로운행방법위반,건조,맑음,교차로 - 교차로안,승용,여,51세,상해없음,승용,남,43세,경상
2021061800100095,2021년 6월 18일 09시,금요일,부산광역시 부산진구 개금동,중상사고,0,3,2,0,차대차 - 기타,신호위반,건조,맑음,교차로 - 교차로부근,승용,남,70세,상해없음,승용,남,71세,경상
2021061800100096,2021년 6월 18일 09시,금요일,부산광역시 연제구 거제동,경상사고,0,0,1,0,차대사람 - 기타,안전운전불이행,건조,맑음,단일로 - 기타,승용,남,50세,상해없음,보행자,남,50세,경상
2021061800100162,2021년 6월 18일 11시,금요일,부산광역시 부산진구 개금동,경상사고,0,0,1,0,차대사람 - 기타,안전운전불이행,건조,맑음,단일로 - 기타,승용,여,67세,상해없음,보행자,남,49세,경상
2021061800100191,2021년 6월 18일 12시,금요일,부산광역시 동래구 명장동,경상사고,0,0,1,0,차량단독 - 기타,안전운전불이행,건조,맑음,단일로 - 기타,승합,남,51세,상해없음,,,,
2021061800100192,2021년 6월 18일 12시,금요일,부산광역시 부산진구 가야동,경상사고,0,0,1,0,차대차 - 기타,안전운전불이행,건조,맑음,교차로 - 교차로부근,승용,남,68세,상해없음,이륜,남,33세,경상
2021061800100220,2021년 6월 18일 13시,금요일,부산광역시 금정구 구서동,경상사고,0,0,1,0,차대사람 - 길가장자리구역통행중,안전운전불이행,건조,맑음,단일로 - 기타,승용,남,37세,상해없음,보행자,남,44세,경상
2021061800100221,2021년 6월 18일 13시,금요일,부산광역시 사하구 신평동,경상사고,0,0,2,0,차대차 - 추돌,안전운전불이행,건조,맑음,교차로 - 교차로부근,승용,남,55세,상해없음,승용,남,23세,경상
2021061800100249,2021년 6월 18일 14시,금요일,부산광역시 북구 화명동,중상사고,0,1,0,0,차대차 - 기타,신호위반,건조,맑음,교차로 - 교차로부근,승용,여,37세,상해없음,이륜,남,44세,중상
2021061800100250,2021년 6월 18일 14시,금요일,부산광역시 사상구 학장동,중상사고,0,1,0,0,차대차 - 추돌,중앙선침범,건조,맑음,단일로 - 기타,승용,남,57세,상해없음,이륜,남,57세,중상
2021061800100271,2021년 6월 18일 15시,금요일,부산광역시 부산진구 범전동,경상사고,0,0,2,0,차대차 - 기타,안전거리미확보,건조,맑음,기타 - 기타,이륜,남,29세,상해없음,승합,남,45세,경상
2021061800100272,2021년 6월 18일 15시,금요일,부산광역시 부산진구 부전동,경상사고,0,0,1,0,차대사람 - 기타,안전운전불이행,건조,맑음,단일로 - 기타,승용,남,24세,상해없음,보행자,여,22세,경상
2021061800100273,2021년 6월 18일 15시,금요일,부산광역시 연제구 연산동,중상사고,0,1,0,0,차대차 - 기타,안전운전불이행,건조,맑음,단일로 - 기타,승용,남,56세,상해없음,자전거,남,67세,중상
2021061800100317,2021년 6월 18일 16시,금요일,부산광역시 북구 만덕동,중상사고,0,1,0,0,차대차 - 측면충돌,안전운전불이행,건조,맑음,교차로 - 교차로안,승용,남,49세,상해없음,승용,여,42세,중상