사고번호,사고일시,요일,시군구,사고내용,사망자수,중상자수,경상자수,부상신고자수,사고유형,법규위반,노면상태,기상상태,도로형태,가해운전자 차종,가해운전자 성별,가해운전자 연령,가해운전자 상해정도,피해운전자 차종,피해운전자 성별,피해운전자 연령,피해운전자 상해정도
2021062600100585,2021년 6월 26일 22시,토요일,부산광역시 북구 덕천동,경상사고,0,0,1,0,차대사람 - 기타,안전운전불이행,건조,맑음,단일로 - 기타,승용,남,20세,상해없음,보행자,남,23세,경상
2021062600100586,2021년 6월 26일 22시,토요일,부산광역시 사하구 하단동,중상사고,0,1,0,0,차대사람 - 기타,안전운전불이행,건조,맑음,단일로 - 기타,이륜,남,27세,상해없음,보행자,남,27세,중상
2021062600100614,2021년 6월 26일 23시,토요일,부산광역시 중구 보수동3가,중상사고,0,1,0,0,차대차 - 측면충돌,교차로운행방법위반,건조,맑음,교차로 - 교차로부근,이륜,남,49세,상해없음,이륜,남,47세,중상
2021062600100615,2021년 6월 26일 23시,토요일,부산광역시 남구 대연동,경상사고,0,0,1,0,차대사람 - 기타,교차로운행방법위반,건조,맑음,교차로 - 교차로안,승용,남,62세,상해없음,보행자,여,24세,경상
2021062600100616,2021년 6월 26일 23시,토요일,부산광역시 부산진구 범천동,경상사고,0,0,1,0,차대차 - 기타,중앙선침범,건조,맑음,단일로 - 기타,승용,남,60세,상해없음,승용,남,46세,경상
2021062600100617,2021년 6월 26일 23시,토요일,부산광역시 수영구 망미동,부상신고사고,0,0,0,1,차량단독 - 기타,안전운전불이행,건조,맑음,교차로 - 교차로안,이륜,남,41세,부상신고,,,,
2021062700100026,2021년 6월 27일 01시,일요일,부산광역시 부산진구 부전동,경상사고,0,0,1,0,차대사람 - 기타,안전운전불이행,건조,맑음,단일로 - 기타,승용,여,28세,상해없음,보행자,남,22세,경상
2021062700100047,2021년 6월 27일 03시,일요일,부산광역시 서구 토성동4가,경상사고,0,0,1,0,차대차 - 측면충돌,직진우회전진행방해,건조,맑음,교차로 - 교차로안,이륜,남,23세,경상,승합,남,39세,상해없음
2021062700100048,2021년 6월 27일 03시,일요일,부산광역시 동래구 온천동,중상사고,0,1,0,0,차대사람 - 횡단중,안전운전불이행,건조,맑음,교차로 - 교차로부근,이륜,남,17세,기타불명,보행자,남,31세,중상
2021062700100057,2021년 6월 27일 05시,일요일,부산광역시 해운대구 중동,사망사고,1,0,0,0,차대차 - 정면충돌,교차로운행방법위반,건조,맑음,교차로 - 교차로안,승용,여,23세,상해없음,이륜,남,32세,사망
2021062700100058,2021년 6월 27일 05시,일요일,부산광역시 수영구 망미동,경상사고,0,0,1,0,차대차 - 기타,신호위반,건조,맑음,교차로 - 교차로안,승용,여,26세,상해없음,이륜,남,27세,경상
2021062700100069,2021년 6월 27일 06시,일요일,부산광역시 사하구 다대동,중상사고,0,2,0,0,차대차 - 추돌,안전운전불이행,건조,맑음,단일로 - 기타,승용,남,27세,상해없음,승용,여,27세,중상
2021062700100075,2021년 6월 27일 07시,일요일,부산광역시 연제구 거제동,중상사고,0,1,0,0,차대차 - 기타,차로위반,건조,맑음,단일로 - 기타,승용,남,26세,상해없음,승용,여,37세,중상
2021062700100093,2021년 6월 27일 09시,일요일,부산광역시 사하구 감천동,중상사고,0,1,0,0,차대차 - 기타,안전운전불이행,건조,맑음,단일로 - 기타,승용,남,45세,상해없음,승용,남,48세,중상
2021062700100111,2021년 6월 27일 10시,일요일,부산광역시 동구 좌천동,경상사고,0,0,1,0,차대차 - 측면충돌,교차로운행방법위반,건조,맑음,교차로 - 교차로안,승용,여,64세,상해없음,화물,남,52세,경상
2021062700100113,2021년 6월 27일 10시,일요일,부산광역시 부산진구 범전동,중상사고,0,1,0,0,차대차 - 기타,안전운전불이행,건조,맑음,단일로 - 기타,승용,남,68세,상해없음,자전거,남,25세,중상
2021062700100114,2021년 6월 27일 10시,일요일,부산광역시 금정구 부곡동,경상사고,0,0,1,0,차대사람 - 기타,안전운전불이행,건조,맑음,기타 - 기타,승용,남,87세,상해없음,보행자,남,41세,경상
2021062700100169,2021년 6월 27일 12시,일요일,부산광역시 사하구 신평동,경상사고,0,0,5,1,차대차 - 기타,교차로운행방법위반,건조,맑음,교차로 - 교차로안,승합,남,61세,경상,승용,여,62세,경상
2021062700100200,2021년 6월 27일 13시,일요일,부산광역시 남구 우암동,중상사고,0,1,0,0,차대사람 - 기타,안전운전불이행,건조,맑음,단일로 - 기타,승합,남,58세,상해없음,보행자,여,82세,중상
2021062700100237,2021년 6월 27일 14시,일요일,부산광역시 해운대구 우동,중상사고,0,4,0,0,차대차 - 정면충돌,안전운전불이행,건조,맑음,단일로 - 기타,승용,남,66세,상해없음,승용,여,40세,중상
2021062700100266,2021년 6월 27일 15시,일요일,부산광역시 동래구 명장동,부상신고사고,0,0,0,1,차대차 - 추돌,안전운전불이행,건조,맑음,교차로 - 교차로부근,기타불명,기타불명,미분류,기타불명,승용,남,52세,상해없음
2021062700100293,2021년 6월 27일 16시,일요일,부산광역시 동래구 온천동,사망사고,1,2,0,0,차대차 - 기타,중앙선침범,건조,맑음,단일로 - 기타,승용,남,54세,중상,화물,남,65세,사망
2021062700100294,2021년 6월 27일 16시,일요일,부산광역시 사상구 엄궁동,경상사고,0,0,1,0,차대차 - 추돌,안전운전불이행,건조,맑음,교차로 - 교차로부근,화물,남,33세,상해없음,승용,남,41세,경상
2021062700100295,2021년 6월 27일 16시,일요일,부산광역시 기장군 장안읍,경상사고,0,0,1,0,차대차 - 측면충돌,교차로운행방법위반,건조,맑음,교차로 - 교차로안,승용,남,45세,상해없음,자전거,남,28세,경상
2021062700100319,2021년 6월 27일 17시,일요일,부산광역시 해운대구 반여동,경상사고,0,0,1,0,차대차 - 추돌,안전거리미확보,건조,맑음,단일로 - 기타,승용,남,29세,상해없음,승용,남,69세,경상
2021062700100320,2021년 6월 27일 17시,일요일,부산광역시 금정구 서동,경상사고,0,0,1,0,차대차 - 추돌,직진우회전진행방해,건조,맑음,교차로 - 교차로안,승용,남,63세,상해없음,승용,남,32세,경상
2021062700100360,2021년 6월 27일 18시,일요일,부산광역시 동구 수정동,경상사고,0,0,1,0,차대사람 - 길가장자리구역통행중,안전운전불이행,건조,맑음,단일로 - 기타,승용,여,44세,상해없음,보행자,남,62세,경상
2021062700100361,2021년 6월 27일 18시,일요일,부산광역시 해운대구 반여동,중상사고,0,1,0,0,차대사람 - 횡단중,보행자보호의무위반,건조,맑음,교차로 - 교차로횡단보도내,이륜,남,16세,상해없음,보행자,남,85세,중상
2021062700100362,2021년 6월 27일 18시,일요일,부산광역시 부산진구 범전동,중상사고,0,2,3,0,차대차 - 추돌,안전운전불이행,건조,맑음,교차로 - 교차로부근,승용,남,35세,상해없음,승용,여,40세,중상
2021062700100423,2021년 6월 27일 20시,일요일,부산광역시 해운대구 우동,중상사고,0,1,0,0,차대차 - 기타,안전거리미확보,건조,맑음,단일로 - 교량,승용,남,51세,상해없음,승용,남,75세,상해없음
2021062700100424,2021년 6월 27일 20시,일요일,부산광역시 부산진구 당감동,부상신고사고,0,0,0,1,차대차 - 측면충돌,기타,건조,맑음,단일로 - 기타,개인형이동수단(PM),남,37세,부상신고,승용,여,45세,상해없음
2021062700100425,2021년 6월 27일 20시,일요일,부산광역시 사하구 하단동,중상사고,0,1,0,0,차대차 - 기타,안전운전불이행,건조,맑음,단일로 - 기타,이륜,남,17세,상해없음,승용,여,30세,상해없음
2021062700100449,2021년 6월 27일 21시,일요일,부산광역시 금정구 남산동,중상사고,0,1,0,0,차대사람 - 횡단중,보행자보호의무위반,건조,맑음,교차로 - 교차로부근,승합,여,71세,상해없음,보행자,여,68세,중상
2021062700100450,2021년 6월 27일 21시,일요일,부산광역시 강서구 명지동,경상사고,0,0,1,0,차대사람 - 횡단중,신호위반,건조,맑음,교차로 - 교차로부근,승용,남,72세,상해없음,보행자,남,38세,경상
2021062700100493,2021년 6월 27일 23시,일요일,부산광역시 부산진구 부전동,경상사고,0,0,4,0,차대차 - 기타,신호위반,건조,맑음,교차로 - 교차로안,승용,남,64세,상해없음,승용,남,30세,경상
2021062800100028,2021년 6월 28일 04시,월요일,부산광역시 기장군 정관읍,중상사고,0,1,0,0,차대차 - 기타,안전운전불이행,건조,맑음,교차로 - 교차로안,화물,남,60세,상해없음,자전거,남,10세,중상
2021062800100032,2021년 6월 28일 05시,월요일,부산광역시 부산진구 부전동,경상사고,0,0,3,0,차대차 - 측면충돌,신호위반,건조,맑음,교차로 - 교차로안,승용,남,25세,상해없음,승용,남,61세,경상
2021062800100047,2021년 6월 28일 07시,월요일,부산광역시 해운대구 반여동,경상사고,0,0,1,0,차대차 - 기타,안전운전불이행,건조,맑음,단일로 - 기타,승용,남,25세,상해없음,승용,남,44세,경상
2021062800100048,2021년 6월 28일 07시,월요일,부산광역시 해운대구 우동,경상사고,0,0,1,0,차대차 - 기타,안전운전불이행,건조,맑음,단일로 - 기타,화물,남,56세,상해없음,개인형이동수단(PM),여,26세,경상
2021062800100049,2021년 6월 28일 07시,월요일,부산광역시 부산진구 초읍동,중상사고,0,1,0,0,차량단독 - 기타,안전운전불이행,건조,맑음,단일로 - 기타,승합,남,46세,상해없음,,,,
2021062800100050,2021년 6월 28일 07시,월요일,부산광역시 사상구 모라동,경상사고,0,0,1,0,차대차 - 기타,안전운전불이행,건조,맑음,교차로 - 교차로부근,승용,여,49세,상해없음,개인형이동수단(PM),남,67세,경상
2021062800100080,2021년 6월 28일 08시,월요일,부산광역시 중구 중앙동4가,경상사고,0,0,1,0,차대차 - 측면충돌,안전운전불이행,건조,맑음,교차로 - 교차로부근,화물,남,70세,상해없음,승용,남,36세,경상
2021062800100081,2021년 6월 28일 08시,월요일,부산광역시 동구 범일동,경상사고,0,0,1,0,차대차 - 측면충돌,신호위반,건조,맑음,교차로 - 교차로부근,승용,남,58세,상해없음,승용,여,52세,경상
2021062800100082,2021년 6월 28일 08시,월요일,부산광역시 해운대구 재송동,경상사고,0,0,1,0,차대사람 - 횡단중,보행자보호의무위반,건조,맑음,교차로 - 교차로부근,승용,남,71세,상해없음,보행자,남,7세,경상
2021062800100083,2021년 6월 28일 08시,월요일,부산광역시 부산진구 전포동,경상사고,0,0,1,0,차대차 - 기타,안전운전불이행,건조,맑음,교차로 - 교차로부근,승용,여,26세,상해없음,승용,남,63세,상해없음
2021062800100084,2021년 6월 28일 08시,월요일,부산광역시 강서구 대저1동,경상사고,0,0,1,0,차대차 - 추돌,안전운전불이행,건조,맑음,단일로 - 기타,승용,남,28세,상해없음,화물,남,42세,경상
2021062800100124,2021년 6월 28일 09시,월요일,부산광역시 동래구 명장동,중상사고,0,9,4,0,차량단독 - 공작물충돌,안전운전불이행,건조,맑음,단일로 - 기타,승합,남,29세,상해없음,,,,
2021062800100125,2021년 6월 28일 09시,월요일,부산광역시 연제구 거제동,중상사고,0,1,0,0,차대차 - 기타,안전운전불이행,건조,맑음,단일로 - 기타,승용,남,64세,상해없음,개인형이동수단(PM),남,42세,중상
2021062800100161,2021년 6월 28일 10시,월요일,부산광역시 동구 좌천동,중상사고,0,1,0,0,차대차 - 측면충돌,안전운전불이행,건조,맑음,단일로 - 기타,승용,남,69세,상해없음,이륜,남,67세,중상
2021062800100162,2021년 6월 28일 10시,월요일,부산광역시 동래구 온천동,중상사고,0,1,0,0,차대차 - 기타,안전운전불이행,건조,맑음,교차로 - 교차로안,화물,남,44세,상해없음,자전거,남,72세,중상
2021062800100163,2021년 6월 28일 10시,월요일,부산광역시 영도구 봉래동5가,경상사고,0,0,1,0,차대차 - 측면충돌,안전운전불이행,건조,맑음,단일로 - 기타,승합,남,63세,상해없음,이륜,남,66세,경상
2021062800100164,2021년 6월 28일 10시,월요일,부산광역시 연제구 연산동,경상사고,0,0,1,0,차대차 - 추돌,안전운전불이행,건조,맑음,단일로 - 기타,기타불명,기타불명,미분류,기타불명,이륜,남,27세,경상
2021062800100199,2021년 6월 28일 11시,월요일,부산광역시 중구 중앙동4가,중상사고,0,1,0,0,차대차 - 측면충돌,안전운전불이행,건조,맑음,교차로 - 교차로안,승용,여,73세,상해없음,이륜,남,66세,중상
2021062800100200,2021년 6월 28일 11시,월요일,부산광역시 부산진구 범천동,중상사고,0,1,0,0,차대사람 - 횡단중,신호위반,건조,맑음,교차로 - 교차로횡단보도내,승용,여,43세,상해없음,보행자,여,57세,중상
2021062800100231,2021년 6월 28일 12시,월요일,부산광역시 수영구 광안동,경상사고,0,0,1,0,차대사람 - 기타,보행자보호의무위반,건조,맑음,교차로 - 교차로안,승용,남,69세,상해없음,보행자,남,81세,경상
2021062800100232,2021년 6월 28일 12시,월요일,부산광역시 북구 화명동,경상사고,0,0,1,0,차대차 - 추돌,안전운전불이행,건조,맑음,기타 - 기타,승용,남,21세,상해없음,승용,남,43세,경상
2021062800100312,2021년 6월 28일 14시,월요일,부산광역시 중구 중앙동4가,경상사고,0,0,1,0,차대차 - 측면충돌,안전운전불이행,건조,맑음,단일로 - 지하차도(도로)내,화물,남,64세,상해없음,승용,여,67세,경상
2021062800100313,2021년 6월 28일 14시,월요일,부산광역시 부산진구 개금동,경상사고,0,0,1,0,차대사람 - 기타,안전운전불이행,건조,맑음,교차로 - 교차로횡단보도내,승용,남,70세,상해없음,보행자,남,28세,경상
2021062800100314,2021년 6월 28일 14시,월요일,부산광역시 사상구 감전동,경상사고,0,0,1,0,차대차 - 측면충돌,안전운전불이행,건조,맑음,교차로 - 교차로안,건설기계,남,61세,상해없음,승용,남,59세,경상
2021062800100389,2021년 6월 28일 16시,월요일,부산광역시 동래구 낙민동,경상사고,0,0,1,0,차대사람 - 횡단중,보행자보호의무위반,건조,맑음,단일로 - 기타,개인형이동수단(PM),남,18세,상해없음,보행자,여,78세,경상
2021062800100390,2021년 6월 28일 16시,월요일,부산광역시 해운대구 우동,경상사고,0,0,1,0,차대차 - 기타,교차로운행방법위반,건조,맑음,교차로 - 교차로안,승합,남,44세,상해없음,승용,여,42세,경상
2021062800100391,2021년 6월 28일 16시,월요일,부산광역시 부산진구 가야동,경상사고,0,0,1,0,차대사람 - 길가장자리구역통행중,안전운전불이행,건조,맑음,교차로 - 교차로안,승용,남,36세,상해없음,보행자,남,10세,경상
2021062800100392,2021년 6월 28일 16시,월요일,부산광역시 기장군 장안읍,경상사고,0,0,1,0,차대차 - 추돌,안전운전불이행,건조,맑음,교차로 - 교차로안,승용,여,48세,상해없음,승용,남,32세,경상
2021062800100439,2021년 6월 28일 17시,월요일,부산광역시 동구 범일동,경상사고,0,0,1,0,차대차 - 측면충돌,안전거리미확보,건조,맑음,교차로 - 교차로부근,승용,여,36세,상해없음,승용,남,49세,경상
2021062800100440,2021년 6월 28일 17시,월요일,부산광역시 영도구 남항동3가,경상사고,0,0,1,0,차대차 - 측면충돌,안전운전불이행,건조,맑음,단일로 - 기타,승용,남,44세,상해없음,자전거,남,76세,경상
2021062800100492,2021년 6월 28일 18시,월요일,부산광역시 중구 중앙동4가,경상사고,0,0,3,0,차대차 - 측면충돌,신호위반,건조,맑음,교차로 - 교차로부근,승용,남,71세,경상,승용,남,20세,경상
2021062800100493,2021년 6월 28일 18시,월요일,부산광역시 해운대구 반여동,경상사고,0,0,1,0,차대사람 - 기타,안전운전불이행,건조,맑음,단일로 - 기타,화물,남,41세,상해없음,보행자,여,64세,경상
2021062800100494,2021년 6월 28일 18시,월요일,부산광역시 부산진구 당감동,중상사고,0,1,0,0,차대차 - 측면충돌,안전거리미확보,건조,맑음,기타 - 기타,이륜,남,40세,상해없음,이륜,남,73세,중상
2021062800100540,2021년 6월 28일 19시,월요일,부산광역시 북구 만덕동,경상사고,0,0,1,0,차대차 - 기타,안전운전불이행,건조,맑음,교차로 - 교차로안,승용,남,50세,상해없음,승용,남,66세,경상
2021062800100626,2021년 6월 28일 22시,월요일,부산광역시 북구 화명동,중상사고,0,1,1,0,차대차 - 기타,신호위반,건조,맑음,교차로 - 교차로안,승용,남,52세,상해없음,원동기,남,47세,중상
2021062800100627,2021년 6월 28일 22시,월요일,부산광역시 금정구 오륜동,부상신고사고,0,0,0,1,차량단독 - 공작물충돌,안전운전불이행,건조,맑음,단일로 - 기타,승용,남,34세,부상신고,,,,
2021062800100647,2021년 6월 28일 23시,월요일,부산광역시 서구 암남동,경상사고,0,0,1,0,차대차 - 측면충돌,신호위반,건조,맑음,교차로 - 교차로안,승용,남,66세,상해없음,승용,남,57세,상해없음
2021062900100016,2021년 6월 29일 02시,화요일,부산광역시 부산진구 부전동,부상신고사고,0,0,0,1,차량단독 - 기타,안전운전불이행,건조,맑음,단일로 - 터널,이륜,남,28세,부상신고,,,,
2021062900100019,2021년 6월 29일 03시,화요일,부산광역시 남구 대연동,경상사고,0,0,1,0,차대차 - 기타,신호위반,건조,맑음,교차로 - 교차로안,승용,남,66세,상해없음,이륜,남,27세,경상
2021062900100053,2021년 6월 29일 07시,화요일,부산광역시 부산진구 부전동,경상사고,0,0,1,0,차대사람 - 차도통행중,안전운전불이행,건조,맑음,단일로 - 기타,승용,남,30세,상해없음,보행자,남,26세,경상
2021062900100054,2021년 6월 29일 07시,화요일,부산광역시 부산진구 양정동,중상사고,0,1,0,0,차대차 - 기타,직진우회전진행방해,건조,맑음,교차로 - 교차로안,이륜,남,39세,중상,승용,여,45세,상해없음
2021062900100079,2021년 6월 29일 08시,화요일,부산광역시 금정구 장전동,경상사고,0,0,1,0,차대사람 - 횡단중,보행자보호의무위반,건조,맑음,단일로 - 기타,승용,남,60세,상해없음,보행자,여,9세,경상
2021062900100080,2021년 6월 29일 08시,화요일,부산광역시 사상구 엄궁동,중상사고,0,1,0,0,차대차 - 측면충돌,안전운전불이행,건조,맑음,단일로 - 기타,승용,남,24세,상해없음,이륜,남,41세,중상
2021062900100118,2021년 6월 29일 09시,화요일,부산광역시 해운대구 재송동,경상사고,0,0,1,0,차대차 - 기타,기타,건조,맑음,단일로 - 기타,승용,남,64세,상해없음,자전거,여,70세,경상
2021062900100119,2021년 6월 29일 09시,화요일,부산광역시 부산진구 연지동,경상사고,0,0,1,0,차대차 - 기타,안전운전불이행,건조,맑음,단일로 - 기타,승용,남,70세,상해없음,승용,여,55세,경상
2021062900100149,2021년 6월 29일 10시,화요일,부산광역시 북구 화명동,경상사고,0,0,1,0,차대사람 - 횡단중,안전운전불이행,건조,맑음,교차로 - 교차로횡단보도내,원동기,남,26세,기타불명,보행자,남,17세,경상
2021062900100150,2021년 6월 29일 10시,화요일,부산광역시 수영구 수영동,경상사고,0,0,1,0,차대사람 - 기타,안전운전불이행,건조,맑음,단일로 - 기타,화물,남,50세,상해없음,보행자,남,78세,경상
2021062900100186,2021년 6월 29일 11시,화요일,부산광역시 금정구 장전동,경상사고,0,0,1,0,차대차 - 측면충돌,교차로운행방법위반,건조,맑음,교차로 - 교차로안,원동기,남,54세,경상,승용,여,58세,상해없음
2021062900100187,2021년 6월 29일 11시,화요일,부산광역시 연제구 연산동,경상사고,0,0,1,0,차대차 - 측면충돌,안전운전불이행,건조,맑음,교차로 - 교차로부근,개인형이동수단(PM),여,31세,경상,승용,남,62세,상해없음
2021062900100188,2021년 6월 29일 11시,화요일,부산광역시 사상구 주례동,중상사고,0,1,0,0,차대차 - 측면충돌,차로위반,건조,맑음,단일로 - 기타,승용,남,64세,상해없음,원동기,남,21세,중상
2021062900100212,2021년 6월 29일 12시,화요일,부산광역시 서구 동대신동3가,중상사고,0,1,0,0,차대사람 - 횡단중,중앙선침범,건조,맑음,단일로 - 기타,승용,여,29세,상해없음,보행자,여,75세,중상
2021062900100213,2021년 6월 29일 12시,화요일,부산광역시 남구 대연동,부상신고사고,0,0,0,1,차대사람 - 보도통행중,안전운전불이행,건조,맑음,단일로 - 기타,기타불명,기타불명,미분류,기타불명,보행자,여,21세,부상신고
2021062900100214,2021년 6월 29일 12시,화요일,부산광역시 사상구 괘법동,경상사고,0,0,1,0,차대사람 - 기타,안전운전불이행,건조,맑음,교차로 - 교차로부근,승용,남,57세,상해없음,보행자,남,50세,경상
2021062900100247,2021년 6월 29일 13시,화요일,부산광역시 연제구 거제동,경상사고,0,0,2,0,차대차 - 측면충돌,안전거리미확보,건조,맑음,단일로 - 기타,승용,남,74세,기타불명,승용,남,22세,경상
2021062900100280,2021년 6월 29일 14시,화요일,부산광역시 연제구 거제동,경상사고,0,0,1,0,차대차 - 측면충돌,차로위반,건조,맑음,단일로 - 기타,화물,남,63세,상해없음,승용,여,45세,경상
2021062900100326,2021년 6월 29일 15시,화요일,부산광역시 해운대구 재송동,경상사고,0,0,1,0,차대사람 - 길가장자리구역통행중,안전운전불이행,건조,맑음,교차로 - 교차로부근,화물,남,53세,상해없음,보행자,여,81세,경상
2021062900100327,2021년 6월 29일 15시,화요일,부산광역시 수영구 수영동,경상사고,0,0,1,0,차대사람 - 기타,안전운전불이행,건조,맑음,단일로 - 기타,승용,남,39세,상해없음,보행자,남,85세,경상
2021062900100479,2021년 6월 29일 18시,화요일,부산광역시 남구 대연동,경상사고,0,0,1,0,차대사람 - 기타,보행자보호의무위반,건조,맑음,교차로 - 교차로안,승용,남,38세,상해없음,보행자,여,19세,경상
2021062900100480,2021년 6월 29일 18시,화요일,부산광역시 사하구 괴정동,경상사고,0,0,1,0,차대차 - 기타,안전거리미확보,건조,맑음,단일로 - 기타,화물,남,49세,상해없음,승용,남,31세,경상
2021062900100537,2021년 6월 29일 19시,화요일,부산광역시 동구 좌천동,경상사고,0,0,1,1,차대차 - 정면충돌,안전운전불이행,건조,맑음,단일로 - 기타,이륜,남,33세,경상,이륜,남,25세,부상신고
2021062900100538,2021년 6월 29일 19시,화요일,부산광역시 사하구 다대동,경상사고,0,0,1,0,차대차 - 기타,신호위반,건조,맑음,단일로 - 기타,승용,남,30세,상해없음,승용,남,43세,경상
2021062900100539,2021년 6월 29일 19시,화요일,부산광역시 기장군 정관읍,경상사고,0,0,1,0,차대차 - 정면충돌,교차로운행방법위반,건조,맑음,교차로 - 교차로안,승합,남,63세,상해없음,승용,남,62세,경상
2021062900100562,2021년 6월 29일 20시,화요일,부산광역시 해운대구 반송동,중상사고,0,1,0,0,차대사람 - 길가장자리구역통행중,안전운전불이행,건조,맑음,단일로 - 기타,화물,남,44세,상해없음,보행자,여,79세,중상
2021062900100563,2021년 6월 29일 20시,화요일,부산광역시 부산진구 전포동,경상사고,0,0,1,0,차대사람 - 횡단중,보행자보호의무위반,건조,맑음,단일로 - 기타,승용,남,68세,상해없음,보행자,여,24세,경상
2021062900100588,2021년 6월 29일 21시,화요일,부산광역시 남구 대연동,경상사고,0,0,1,0,차대사람 - 차도통행중,안전운전불이행,건조,맑음,단일로 - 기타,승용,여,38세,상해없음,보행자,남,19세,경상
2021062900100589,2021년 6월 29일 21시,화요일,부산광역시 북구 덕천동,경상사고,0,0,1,0,차대차 - 측면충돌,안전운전불이행,건조,맑음,교차로 - 교차로부근,승용,남,51세,상해없음,이륜,남,26세,경상
2021062900100590,2021년 6월 29일 21시,화요일,부산광역시 북구 구포동,경상사고,0,0,1,0,차대차 - 측면충돌,안전운전불이행,건조,맑음,단일로 - 교량,승용,남,59세,상해없음,이륜,남,50세,경상
2021062900100637,2021년 6월 29일 23시,화요일,부산광역시 동래구 온천동,중상사고,0,1,0,0,차대차 - 측면충돌,신호위반,건조,맑음,교차로 - 교차로안,승용,남,58세,상해없음,이륜,남,37세,중상
2021062900100638,2021년 6월 29일 23시,화요일,부산광역시 동래구 명륜동,경상사고,0,0,1,0,차대사람 - 횡단중,안전운전불이행,건조,맑음,단일로 - 기타,승용,남,61세,상해없음,보행자,남,20세,경상
2021062900100639,2021년 6월 29일 23시,화요일,부산광역시 연제구 거제동,경상사고,0,0,1,0,차량단독 - 기타,안전거리미확보,건조,맑음,단일로 - 기타,승합,남,52세,상해없음,,,,
2021063000100004,2021년 6월 30일 00시,수요일,부산광역시 수영구 광안동,경상사고,0,0,1,0,차대차 - 측면충돌,안전운전불이행,건조,맑음,교차로 - 교차로안,승용,남,50세,상해없음,이륜,남,32세,경상
2021063000100015,2021년 6월 30일 01시,수요일,부산광역시 남구 용호동,사망사고,1,0,0,0,차대사람 - 기타,안전운전불이행,건조,맑음,교차로 - 교차로횡단보도내,승용,남,66세,상해없음,보행자,남,63세,사망
2021063000100016,2021년 6월 30일 01시,수요일,부산광역시 사하구 감천동,경상사고,0,0,1,0,차대차 - 추돌,신호위반,건조,맑음,교차로 - 교차로안,원동기,남,16세,상해없음,승용,여,30세,경상
2021063000100023,2021년 6월 30일 02시,수요일,부산광역시 수영구 광안동,중상사고,0,1,0,0,차대차 - 기타,기타,건조,맑음,단일로 - 기타,승용,남,56세,상해없음,이륜,남,57세,중상
2021063000100053,2021년 6월 30일 07시,수요일,부산광역시 서구 암남동,경상사고,0,0,2,0,차대차 - 측면충돌,교차로운행방법위반,건조,맑음,교차로 - 교차로안,승용,남,51세,경상,승용,여,64세,경상
2021063000100054,2021년 6월 30일 07시,수요일,부산광역시 북구 덕천동,경상사고,0,0,1,0,차대사람 - 기타,기타,건조,맑음,단일로 - 기타,이륜,남,58세,상해없음,보행자,여,31세,경상
2021063000100079,2021년 6월 30일 08시,수요일,부산광역시 동래구 수안동,중상사고,0,1,0,0,차대차 - 측면충돌,기타,건조,맑음,단일로 - 기타,승용,남,62세,상해없음,자전거,남,65세,중상
2021063000100118,2021년 6월 30일 09시,수요일,부산광역시 남구 대연동,경상사고,0,0,2,0,차대차 - 추돌,안전운전불이행,건조,맑음,단일로 - 기타,승용,여,64세,상해없음,이륜,남,36세,경상
2021063000100158,2021년 6월 30일 10시,수요일,부산광역시 북구 덕천동,중상사고,0,1,0,0,차량단독 - 기타,기타,건조,맑음,교차로 - 교차로안,승합,남,59세,상해없음,,,,
2021063000100159,2021년 6월 30일 10시,수요일,부산광역시 해운대구 재송동,중상사고,0,1,0,0,차대사람 - 기타,보행자보호의무위반,건조,맑음,교차로 - 교차로안,화물,남,57세,상해없음,보행자,여,76세,중상
2021063000100160,2021년 6월 30일 10시,수요일,부산광역시 부산진구 초읍동,경상사고,0,0,1,0,차대사람 - 횡단중,보행자보호의무위반,건조,맑음,기타 - 기타,승용,남,62세,상해없음,보행자,여,80세,경상
2021063000100222,2021년 6월 30일 12시,수요일,부산광역시 부산진구 양정동,경상사고,0,0,1,0,차량단독 - 기타,기타,건조,맑음,단일로 - 기타,승합,남,48세,상해없음,,,,
2021063000100263,2021년 6월 30일 13시,수요일,부산광역시 북구 덕천동,경상사고,0,0,1,1,차대차 - 측면충돌,신호위반,건조,맑음,교차로 - 교차로안,승용,남,68세,부상신고,승용,남,40세,경상
2021063000100264,2021년 6월 30일 13시,수요일,부산광역시 북구 금곡동,중상사고,0,1,0,0,차량단독 - 기타,기타,건조,맑음,단일로 - 지하차도(도로)내,승합,남,60세,상해없음,,,,
2021063000100265,2021년 6월 30일 13시,수요일,부산광역시 금정구 두구동,경상사고,0,0,1,0,차대차 - 추돌,안전운전불이행,건조,맑음,단일로 - 기타,승용,남,51세,상해없음,화물,남,60세,경상
2021063000100301,2021년 6월 30일 14시,수요일,부산광역시 남구 대연동,경상사고,0,0,1,0,차대차 - 측면충돌,안전운전불이행,건조,맑음,교차로 - 교차로안,이륜,남,32세,경상,승용,남,68세,상해없음
2021063000100302,2021년 6월 30일 14시,수요일,부산광역시 부산진구 범천동,경상사고,0,0,1,0,차대차 - 기타,안전운전불이행,건조,맑음,단일로 - 기타,화물,남,59세,상해없음,승용,여,40세,경상
2021063000100334,2021년 6월 30일 15시,수요일,부산광역시 수영구 남천동,경상사고,0,0,1,0,차대차 - 측면충돌,교차로운행방법위반,건조,맑음,교차로 - 교차로안,승용,여,52세,기타불명,승용,남,25세,경상