사고번호,사고일시,요일,시군구,사고내용,사망자수,중상자수,경상자수,부상신고자수,사고유형,법규위반,노면상태,기상상태,도로형태,가해운전자 차종,가해운전자 성별,가해운전자 연령,가해운전자 상해정도,피해운전자 차종,피해운전자 성별,피해운전자 연령,피해운전자 상해정도
2021063000100336,2021년 6월 30일 15시,수요일,부산광역시 사하구 장림동,중상사고,0,2,0,0,차대차 - 기타,신호위반,건조,맑음,교차로 - 교차로부근,이륜,남,79세,중상,승합,남,69세,상해없음
2021063000100372,2021년 6월 30일 16시,수요일,부산광역시 사하구 괴정동,경상사고,0,0,1,0,차대차 - 측면충돌,안전거리미확보,건조,맑음,단일로 - 기타,승용,여,50세,기타불명,건설기계,남,50세,경상
2021063000100373,2021년 6월 30일 16시,수요일,부산광역시 연제구 거제동,중상사고,0,1,0,0,차대차 - 기타,차로위반,건조,맑음,단일로 - 기타,승용,여,35세,상해없음,승용,여,54세,중상
2021063000100374,2021년 6월 30일 16시,수요일,부산광역시 강서구 명지동,경상사고,0,0,1,0,차대차 - 기타,신호위반,건조,맑음,교차로 - 교차로횡단보도내,승용,남,41세,상해없음,자전거,여,24세,경상
2021063000100375,2021년 6월 30일 16시,수요일,부산광역시 기장군 정관읍,경상사고,0,0,2,0,차대차 - 기타,안전운전불이행,건조,맑음,단일로 - 기타,승용,여,37세,경상,승용,여,42세,경상
2021063000100427,2021년 6월 30일 17시,수요일,부산광역시 수영구 광안동,경상사고,0,0,1,0,차대사람 - 기타,중앙선침범,건조,맑음,단일로 - 기타,승용,남,37세,상해없음,보행자,여,21세,경상
2021063000100428,2021년 6월 30일 17시,수요일,부산광역시 기장군 기장읍,중상사고,0,1,0,0,차대사람 - 횡단중,안전운전불이행,건조,맑음,단일로 - 기타,이륜,남,21세,상해없음,보행자,남,8세,중상
2021063000100475,2021년 6월 30일 18시,수요일,부산광역시 북구 금곡동,중상사고,0,1,0,0,차대차 - 측면충돌,안전운전불이행,건조,맑음,기타 - 기타,원동기,남,28세,상해없음,자전거,남,67세,중상
2021063000100476,2021년 6월 30일 18시,수요일,부산광역시 해운대구 반여동,경상사고,0,0,2,0,차대차 - 추돌,안전운전불이행,건조,맑음,단일로 - 고가도로위,승용,남,72세,상해없음,승용,남,28세,경상
2021063000100477,2021년 6월 30일 18시,수요일,부산광역시 사상구 삼락동,중상사고,0,1,0,0,차대차 - 기타,안전운전불이행,건조,맑음,기타 - 기타,자전거,남,16세,상해없음,자전거,남,65세,중상
2021063000100576,2021년 6월 30일 21시,수요일,부산광역시 해운대구 석대동,중상사고,0,1,0,0,차대사람 - 차도통행중,안전운전불이행,건조,맑음,단일로 - 기타,승용,남,43세,상해없음,보행자,여,45세,중상
2021063000100577,2021년 6월 30일 21시,수요일,부산광역시 사하구 신평동,경상사고,0,0,1,0,차대차 - 추돌,안전운전불이행,건조,맑음,교차로 - 교차로부근,승용,여,27세,상해없음,승용,여,34세,경상
2021063000100578,2021년 6월 30일 21시,수요일,부산광역시 강서구 대저2동,경상사고,0,0,1,0,차대차 - 측면충돌,안전거리미확보,건조,맑음,단일로 - 기타,승용,여,37세,기타불명,승용,여,43세,경상
2021063000100601,2021년 6월 30일 22시,수요일,부산광역시 북구 화명동,경상사고,0,0,1,0,차대차 - 측면충돌,교차로운행방법위반,건조,맑음,교차로 - 교차로안,원동기,남,23세,경상,승용,남,56세,상해없음
2021063000100629,2021년 6월 30일 23시,수요일,부산광역시 수영구 광안동,중상사고,0,1,0,0,차대차 - 기타,안전운전불이행,건조,맑음,단일로 - 기타,이륜,남,26세,기타불명,이륜,남,21세,중상
2021070100100024,2021년 7월 1일 05시,목요일,부산광역시 영도구 영선동1가,중상사고,0,1,0,0,차대사람 - 횡단중,보행자보호의무위반,건조,맑음,교차로 - 교차로안,승합,남,62세,상해없음,보행자,여,78세,중상
2021070100100036,2021년 7월 1일 06시,목요일,부산광역시 강서구 대저1동,중상사고,0,1,1,0,차대차 - 추돌,안전운전불이행,건조,맑음,단일로 - 기타,승합,남,24세,상해없음,화물,남,55세,경상
2021070100100053,2021년 7월 1일 07시,목요일,부산광역시 기장군 정관읍,중상사고,0,1,1,0,차대차 - 기타,안전운전불이행,건조,맑음,단일로 - 기타,승용,남,38세,상해없음,승용,남,45세,경상
2021070100100054,2021년 7월 1일 07시,목요일,부산광역시 기장군 장안읍,중상사고,0,1,0,0,차대차 - 추돌,안전운전불이행,건조,맑음,교차로 - 교차로안,화물,남,35세,기타불명,화물,남,59세,중상
2021070100100081,2021년 7월 1일 08시,목요일,부산광역시 동구 수정동,경상사고,0,0,2,0,차대차 - 측면충돌,교차로운행방법위반,건조,맑음,단일로 - 기타,승합,여,47세,상해없음,승용,남,62세,경상
2021070100100082,2021년 7월 1일 08시,목요일,부산광역시 강서구 구랑동,경상사고,0,0,1,0,차대차 - 기타,신호위반,건조,맑음,교차로 - 교차로안,승용,여,60세,상해없음,승용,여,37세,경상
2021070100100083,2021년 7월 1일 08시,목요일,부산광역시 기장군 기장읍,중상사고,0,1,0,0,차대사람 - 횡단중,안전운전불이행,건조,맑음,교차로 - 교차로안,승용,남,32세,상해없음,보행자,여,63세,중상
2021070100100155,2021년 7월 1일 10시,목요일,부산광역시 영도구 청학동,사망사고,1,0,0,0,차대차 - 기타,안전운전불이행,건조,맑음,교차로 - 교차로안,승용,남,55세,상해없음,이륜,남,41세,사망
2021070100100156,2021년 7월 1일 10시,목요일,부산광역시 금정구 남산동,사망사고,1,0,0,0,차대차 - 추돌,안전운전불이행,건조,맑음,교차로 - 교차로부근,건설기계,남,50세,상해없음,이륜,남,78세,사망
2021070100100186,2021년 7월 1일 11시,목요일,부산광역시 동구 초량동,경상사고,0,0,1,0,차대차 - 정면충돌,안전운전불이행,건조,맑음,단일로 - 기타,화물,남,72세,상해없음,승용,여,43세,경상
2021070100100187,2021년 7월 1일 11시,목요일,부산광역시 동래구 온천동,경상사고,0,0,2,0,차대차 - 측면충돌,안전운전불이행,건조,맑음,교차로 - 교차로부근,화물,남,55세,상해없음,승용,여,31세,경상
2021070100100188,2021년 7월 1일 11시,목요일,부산광역시 해운대구 중동,중상사고,0,1,0,0,차대차 - 기타,안전운전불이행,건조,맑음,교차로 - 교차로안,자전거,남,31세,중상,승용,남,36세,상해없음
2021070100100189,2021년 7월 1일 11시,목요일,부산광역시 해운대구 중동,경상사고,0,0,1,0,차대차 - 기타,신호위반,건조,맑음,교차로 - 교차로안,승용,여,54세,상해없음,이륜,남,34세,경상
2021070100100190,2021년 7월 1일 11시,목요일,부산광역시 강서구 대저1동,경상사고,0,0,1,0,차대차 - 측면충돌,안전운전불이행,건조,맑음,단일로 - 기타,화물,남,60세,상해없음,승용,남,50세,경상
2021070100100222,2021년 7월 1일 12시,목요일,부산광역시 기장군 기장읍,경상사고,0,0,1,0,차대차 - 기타,안전운전불이행,건조,맑음,교차로 - 교차로부근,승용,여,65세,상해없음,승용,여,53세,경상
2021070100100250,2021년 7월 1일 13시,목요일,부산광역시 해운대구 중동,경상사고,0,0,1,0,차대차 - 측면충돌,안전거리미확보,건조,맑음,단일로 - 기타,승용,남,74세,상해없음,승용,여,24세,경상
2021070100100293,2021년 7월 1일 14시,목요일,부산광역시 동래구 온천동,경상사고,0,0,1,0,차대사람 - 기타,안전운전불이행,건조,맑음,단일로 - 기타,승용,여,73세,상해없음,보행자,여,55세,경상
2021070100100294,2021년 7월 1일 14시,목요일,부산광역시 연제구 거제동,부상신고사고,0,0,0,1,차대차 - 측면충돌,안전운전불이행,건조,맑음,단일로 - 기타,이륜,남,34세,상해없음,자전거,남,66세,부상신고
2021070100100328,2021년 7월 1일 15시,목요일,부산광역시 해운대구 우동,경상사고,0,0,1,0,차대차 - 추돌,안전운전불이행,건조,맑음,교차로 - 교차로부근,승합,남,57세,상해없음,승합,남,53세,경상
2021070100100329,2021년 7월 1일 15시,목요일,부산광역시 사하구 하단동,경상사고,0,0,1,0,차대차 - 측면충돌,안전운전불이행,건조,맑음,단일로 - 기타,승용,남,58세,상해없음,자전거,남,56세,경상
2021070100100330,2021년 7월 1일 15시,목요일,부산광역시 사상구 학장동,경상사고,0,0,1,0,차대사람 - 기타,안전운전불이행,건조,맑음,단일로 - 기타,화물,남,40세,상해없음,보행자,여,53세,경상
2021070100100366,2021년 7월 1일 16시,목요일,부산광역시 수영구 광안동,경상사고,0,0,1,0,차대차 - 기타,안전운전불이행,건조,맑음,단일로 - 기타,승합,남,53세,상해없음,승용,남,58세,상해없음
2021070100100367,2021년 7월 1일 16시,목요일,부산광역시 기장군 기장읍,경상사고,0,0,1,0,차대차 - 측면충돌,안전운전불이행,건조,맑음,단일로 - 기타,승용,여,54세,상해없음,이륜,남,32세,경상
2021070100100401,2021년 7월 1일 17시,목요일,부산광역시 부산진구 가야동,경상사고,0,0,3,0,차대차 - 측면충돌,차로위반,건조,맑음,단일로 - 기타,승용,남,42세,경상,승용,여,54세,경상
2021070100100402,2021년 7월 1일 17시,목요일,부산광역시 부산진구 양정동,경상사고,0,0,1,0,차대차 - 기타,안전운전불이행,건조,맑음,단일로 - 기타,승합,남,48세,상해없음,승용,남,28세,경상
2021070100100403,2021년 7월 1일 17시,목요일,부산광역시 사상구 엄궁동,중상사고,0,1,1,0,차대차 - 추돌,안전운전불이행,건조,맑음,기타 - 기타,승용,여,29세,경상,화물,남,59세,상해없음
2021070100100454,2021년 7월 1일 18시,목요일,부산광역시 사하구 신평동,경상사고,0,0,2,0,차대차 - 기타,안전운전불이행,건조,맑음,교차로 - 교차로부근,승용,여,54세,경상,화물,남,44세,경상
2021070100100508,2021년 7월 1일 19시,목요일,부산광역시 기장군 일광면,경상사고,0,0,1,0,차대차 - 측면충돌,안전운전불이행,건조,맑음,단일로 - 기타,승용,남,25세,상해없음,승용,여,32세,경상
2021070100100545,2021년 7월 1일 20시,목요일,부산광역시 북구 만덕동,중상사고,0,1,0,0,차대차 - 측면충돌,신호위반,건조,맑음,교차로 - 교차로안,승용,남,57세,상해없음,이륜,남,28세,중상
2021070100100546,2021년 7월 1일 20시,목요일,부산광역시 사하구 다대동,경상사고,0,0,1,0,차대차 - 기타,안전운전불이행,건조,맑음,교차로 - 교차로부근,승용,남,59세,상해없음,이륜,남,17세,경상
2021070100100570,2021년 7월 1일 21시,목요일,부산광역시 북구 만덕동,중상사고,0,1,1,0,차대사람 - 기타,안전운전불이행,건조,맑음,교차로 - 교차로부근,승용,남,46세,상해없음,보행자,여,68세,중상
2021070100100571,2021년 7월 1일 21시,목요일,부산광역시 부산진구 양정동,경상사고,0,0,1,1,차대차 - 기타,차로위반,건조,기타,단일로 - 기타,승용,남,59세,부상신고,승용,남,37세,경상
2021070100100604,2021년 7월 1일 22시,목요일,부산광역시 남구 용호동,경상사고,0,0,1,0,차대차 - 측면충돌,안전운전불이행,건조,맑음,교차로 - 교차로안,승용,남,69세,상해없음,승용,남,55세,경상
2021070100100605,2021년 7월 1일 22시,목요일,부산광역시 해운대구 우동,경상사고,0,0,1,0,차대차 - 추돌,안전운전불이행,건조,흐림,교차로 - 교차로부근,승용,남,27세,상해없음,승용,남,49세,상해없음
2021070100100606,2021년 7월 1일 22시,목요일,부산광역시 연제구 거제동,경상사고,0,0,1,0,차대차 - 추돌,안전운전불이행,건조,맑음,단일로 - 기타,승용,남,64세,상해없음,승용,남,42세,경상
2021070100100623,2021년 7월 1일 23시,목요일,부산광역시 금정구 장전동,부상신고사고,0,0,0,1,차대차 - 기타,안전운전불이행,건조,맑음,교차로 - 교차로안,자전거,남,23세,부상신고,이륜,남,27세,기타불명
2021070100100624,2021년 7월 1일 23시,목요일,부산광역시 강서구 송정동,경상사고,0,0,1,0,차대차 - 추돌,안전운전불이행,건조,맑음,교차로 - 교차로부근,화물,남,60세,상해없음,승용,남,51세,경상
2021070200100032,2021년 7월 2일 04시,금요일,부산광역시 부산진구 초읍동,부상신고사고,0,0,0,1,차량단독 - 기타,안전운전불이행,기타,기타,기타 - 기타,자전거,남,22세,부상신고,,,,
2021070200100052,2021년 7월 2일 07시,금요일,부산광역시 수영구 광안동,경상사고,0,0,2,0,차대차 - 측면충돌,교차로운행방법위반,건조,맑음,교차로 - 교차로안,승용,남,61세,경상,화물,남,24세,경상
2021070200100078,2021년 7월 2일 08시,금요일,부산광역시 남구 대연동,중상사고,0,1,0,0,차대사람 - 횡단중,안전운전불이행,건조,맑음,교차로 - 교차로안,승합,남,63세,상해없음,보행자,여,74세,중상
2021070200100079,2021년 7월 2일 08시,금요일,부산광역시 동래구 온천동,부상신고사고,0,0,0,1,차대차 - 측면충돌,신호위반,건조,맑음,교차로 - 교차로안,자전거,남,79세,부상신고,승용,남,29세,상해없음
2021070200100080,2021년 7월 2일 08시,금요일,부산광역시 영도구 영선동3가,경상사고,0,0,1,0,차대차 - 추돌,안전운전불이행,건조,맑음,단일로 - 기타,화물,남,55세,상해없음,승용,여,41세,경상
2021070200100081,2021년 7월 2일 08시,금요일,부산광역시 부산진구 당감동,중상사고,0,1,0,0,차대차 - 추돌,신호위반,건조,맑음,단일로 - 기타,승용,여,58세,상해없음,이륜,남,43세,중상
2021070200100082,2021년 7월 2일 08시,금요일,부산광역시 금정구 청룡동,경상사고,0,0,1,0,차대차 - 기타,안전운전불이행,건조,맑음,단일로 - 기타,승용,여,77세,상해없음,승용,여,51세,경상
2021070200100125,2021년 7월 2일 09시,금요일,부산광역시 중구 대창동1가,경상사고,0,0,1,0,차대차 - 후진중충돌,안전운전불이행,건조,맑음,단일로 - 기타,승용,여,52세,상해없음,승용,남,71세,경상
2021070200100127,2021년 7월 2일 09시,금요일,부산광역시 동래구 수안동,경상사고,0,0,1,0,차대차 - 측면충돌,안전운전불이행,건조,맑음,단일로 - 기타,승용,남,35세,상해없음,자전거,여,30세,경상
2021070200100155,2021년 7월 2일 10시,금요일,부산광역시 사하구 하단동,경상사고,0,0,2,0,차대차 - 측면충돌,안전운전불이행,건조,맑음,교차로 - 교차로부근,화물,남,65세,상해없음,승용,여,44세,경상
2021070200100156,2021년 7월 2일 10시,금요일,부산광역시 강서구 범방동,경상사고,0,0,1,0,차대차 - 기타,신호위반,건조,맑음,교차로 - 교차로안,승합,남,72세,상해없음,화물,남,47세,경상
2021070200100173,2021년 7월 2일 11시,금요일,부산광역시 동래구 안락동,경상사고,0,0,1,0,차대차 - 측면충돌,교차로운행방법위반,건조,맑음,교차로 - 교차로안,승용,여,63세,상해없음,화물,남,37세,경상
2021070200100174,2021년 7월 2일 11시,금요일,부산광역시 연제구 연산동,중상사고,0,1,0,0,차대사람 - 기타,안전운전불이행,건조,맑음,단일로 - 기타,화물,남,48세,상해없음,보행자,남,57세,중상
2021070200100225,2021년 7월 2일 12시,금요일,부산광역시 동구 초량동,경상사고,0,0,1,0,차대차 - 측면충돌,안전운전불이행,건조,맑음,단일로 - 기타,승용,여,41세,상해없음,승용,여,40세,경상
2021070200100226,2021년 7월 2일 12시,금요일,부산광역시 금정구 남산동,중상사고,0,1,0,0,차대사람 - 횡단중,보행자보호의무위반,건조,흐림,교차로 - 교차로안,승용,남,79세,상해없음,보행자,여,68세,중상
2021070200100227,2021년 7월 2일 12시,금요일,부산광역시 수영구 수영동,중상사고,0,1,2,0,차대차 - 측면충돌,안전운전불이행,건조,맑음,단일로 - 기타,승용,여,33세,상해없음,승용,남,59세,중상
2021070200100258,2021년 7월 2일 13시,금요일,부산광역시 사상구 삼락동,중상사고,0,1,0,0,차대차 - 추돌,안전운전불이행,건조,맑음,교차로 - 교차로부근,화물,남,61세,기타불명,자전거,남,53세,중상
2021070200100290,2021년 7월 2일 14시,금요일,부산광역시 연제구 연산동,경상사고,0,0,1,0,차대사람 - 기타,안전운전불이행,건조,맑음,단일로 - 기타,승용,여,58세,상해없음,보행자,남,63세,경상
2021070200100291,2021년 7월 2일 14시,금요일,부산광역시 강서구 명지동,경상사고,0,0,1,0,차대차 - 추돌,안전운전불이행,건조,맑음,단일로 - 지하차도(도로)내,화물,남,34세,상해없음,승용,남,51세,경상
2021070200100334,2021년 7월 2일 15시,금요일,부산광역시 부산진구 범천동,경상사고,0,0,1,0,차대사람 - 기타,안전운전불이행,건조,기타,기타 - 기타,승용,여,56세,상해없음,보행자,여,7세,경상
2021070200100335,2021년 7월 2일 15시,금요일,부산광역시 연제구 거제동,중상사고,0,5,0,0,차대차 - 기타,교차로운행방법위반,건조,맑음,교차로 - 교차로안,승용,남,49세,상해없음,승용,여,39세,중상
2021070200100336,2021년 7월 2일 15시,금요일,부산광역시 연제구 연산동,경상사고,0,0,1,0,차대차 - 측면충돌,신호위반,건조,맑음,교차로 - 교차로안,승용,여,65세,상해없음,승용,남,45세,경상
2021070200100379,2021년 7월 2일 16시,금요일,부산광역시 수영구 광안동,경상사고,0,0,1,0,차대차 - 기타,중앙선침범,건조,맑음,단일로 - 기타,이륜,남,55세,경상,승용,남,46세,상해없음
2021070200100380,2021년 7월 2일 16시,금요일,부산광역시 사하구 다대동,경상사고,0,0,1,0,차대차 - 기타,안전운전불이행,건조,맑음,교차로 - 교차로부근,승용,남,43세,상해없음,화물,남,39세,경상
2021070200100420,2021년 7월 2일 17시,금요일,부산광역시 동래구 낙민동,중상사고,0,1,0,0,차대차 - 기타,안전운전불이행,건조,맑음,교차로 - 교차로안,승용,남,45세,상해없음,이륜,남,66세,중상
2021070200100421,2021년 7월 2일 17시,금요일,부산광역시 부산진구 부암동,경상사고,0,0,1,0,차대차 - 기타,신호위반,건조,맑음,교차로 - 교차로안,승용,남,48세,상해없음,승용,남,56세,경상
2021070200100423,2021년 7월 2일 17시,금요일,부산광역시 강서구 대저1동,경상사고,0,0,2,0,차대차 - 기타,안전운전불이행,건조,맑음,단일로 - 기타,화물,남,28세,상해없음,승용,남,52세,경상
2021070200100479,2021년 7월 2일 18시,금요일,부산광역시 중구 중앙동4가,경상사고,0,0,1,0,차대차 - 측면충돌,차로위반,건조,맑음,단일로 - 기타,승용,남,57세,상해없음,승용,남,37세,경상
2021070200100480,2021년 7월 2일 18시,금요일,부산광역시 연제구 거제동,경상사고,0,0,1,0,차대차 - 기타,교차로운행방법위반,건조,맑음,교차로 - 교차로안,승합,남,62세,상해없음,이륜,남,40세,경상
2021070200100597,2021년 7월 2일 20시,금요일,부산광역시 기장군 장안읍,경상사고,0,0,2,0,차대차 - 기타,안전운전불이행,건조,맑음,단일로 - 기타,승용,남,49세,상해없음,승용,남,60세,경상
2021070200100646,2021년 7월 2일 21시,금요일,부산광역시 북구 구포동,중상사고,0,1,0,0,차량단독 - 기타,안전운전불이행,건조,맑음,기타 - 기타,승합,남,60세,상해없음,,,,
2021070200100678,2021년 7월 2일 22시,금요일,부산광역시 동래구 사직동,중상사고,0,2,1,0,차대차 - 기타,신호위반,건조,맑음,교차로 - 교차로부근,승용,남,66세,상해없음,승용,남,49세,중상
2021070200100679,2021년 7월 2일 22시,금요일,부산광역시 강서구 신호동,중상사고,0,1,0,0,차대사람 - 차도통행중,안전운전불이행,건조,맑음,교차로 - 교차로부근,승용,여,47세,상해없음,보행자,남,42세,중상
2021070200100680,2021년 7월 2일 22시,금요일,부산광역시 강서구 강동동,경상사고,0,0,4,0,차대차 - 추돌,안전운전불이행,건조,맑음,단일로 - 기타,승용,남,61세,상해없음,승용,남,64세,경상
2021070200100717,2021년 7월 2일 23시,금요일,부산광역시 금정구 구서동,중상사고,0,1,0,0,차대사람 - 기타,안전운전불이행,건조,맑음,교차로 - 교차로부근,승용,여,63세,상해없음,보행자,남,27세,중상
2021070300100031,2021년 7월 3일 03시,토요일,부산광역시 서구 충무동3가,경상사고,0,0,2,1,차대차 - 정면충돌,중앙선침범,건조,맑음,교차로 - 교차로부근,승용,남,28세,상해없음,승용,남,68세,경상
2021070300100032,2021년 7월 3일 03시,토요일,부산광역시 동래구 안락동,중상사고,0,1,1,0,차대차 - 측면충돌,신호위반,건조,맑음,교차로 - 교차로안,승용,남,63세,상해없음,승용,남,65세,중상
2021070300100043,2021년 7월 3일 05시,토요일,부산광역시 금정구 부곡동,경상사고,0,0,1,0,차대차 - 측면충돌,신호위반,젖음/습기,맑음,교차로 - 교차로안,승용,남,63세,상해없음,승용,남,58세,경상
2021070300100048,2021년 7월 3일 06시,토요일,부산광역시 서구 충무동1가,경상사고,0,0,1,0,차대차 - 기타,차로위반,건조,맑음,교차로 - 교차로안,승용,남,59세,상해없음,승용,여,31세,상해없음
2021070300100055,2021년 7월 3일 07시,토요일,부산광역시 부산진구 부전동,경상사고,0,0,1,0,차대사람 - 기타,안전운전불이행,건조,기타,단일로 - 기타,승용,남,68세,상해없음,보행자,남,27세,경상
2021070300100056,2021년 7월 3일 07시,토요일,부산광역시 부산진구 가야동,중상사고,0,1,0,0,차대사람 - 횡단중,보행자보호의무위반,건조,맑음,교차로 - 교차로횡단보도내,승용,남,33세,상해없음,보행자,여,70세,중상
2021070300100074,2021년 7월 3일 08시,토요일,부산광역시 부산진구 전포동,중상사고,0,1,0,0,차대사람 - 횡단중,중앙선침범,건조,맑음,교차로 - 교차로횡단보도내,화물,남,47세,상해없음,보행자,여,60세,중상
2021070300100098,2021년 7월 3일 09시,토요일,부산광역시 남구 감만동,부상신고사고,0,0,0,1,차대차 - 기타,안전운전불이행,건조,맑음,교차로 - 교차로부근,원동기,남,52세,부상신고,화물,남,69세,상해없음
2021070300100099,2021년 7월 3일 09시,토요일,부산광역시 강서구 대저2동,중상사고,0,1,0,0,차대차 - 측면충돌,안전운전불이행,건조,맑음,단일로 - 기타,자전거,남,66세,상해없음,자전거,남,50세,중상
2021070300100119,2021년 7월 3일 10시,토요일,부산광역시 해운대구 중동,경상사고,0,0,6,0,차대차 - 정면충돌,중앙선침범,건조,흐림,교차로 - 교차로부근,승용,남,26세,상해없음,승용,여,29세,경상
2021070300100120,2021년 7월 3일 10시,토요일,부산광역시 강서구 대저2동,사망사고,1,0,0,0,차대차 - 측면충돌,신호위반,젖음/습기,비,교차로 - 교차로안,자전거,남,87세,사망,승합,남,59세,상해없음
2021070300100145,2021년 7월 3일 11시,토요일,부산광역시 동구 범일동,경상사고,0,0,1,0,차대차 - 추돌,안전거리미확보,건조,맑음,교차로 - 교차로부근,승용,남,64세,상해없음,화물,남,73세,경상
2021070300100146,2021년 7월 3일 11시,토요일,부산광역시 영도구 청학동,경상사고,0,0,1,0,차대차 - 기타,안전운전불이행,젖음/습기,비,단일로 - 기타,승용,남,30세,상해없음,이륜,남,25세,경상
2021070300100147,2021년 7월 3일 11시,토요일,부산광역시 사상구 감전동,경상사고,0,0,1,0,차대차 - 측면충돌,신호위반,젖음/습기,비,교차로 - 교차로안,승용,남,69세,상해없음,승용,남,53세,경상
2021070300100187,2021년 7월 3일 12시,토요일,부산광역시 남구 용호동,경상사고,0,0,1,0,차대차 - 기타,안전운전불이행,젖음/습기,비,단일로 - 기타,승합,남,58세,기타불명,승용,여,37세,경상
2021070300100188,2021년 7월 3일 12시,토요일,부산광역시 강서구 명지동,경상사고,0,0,1,0,차대차 - 측면충돌,안전운전불이행,건조,흐림,단일로 - 기타,승용,남,62세,상해없음,이륜,남,45세,경상
2021070300100189,2021년 7월 3일 12시,토요일,부산광역시 사상구 감전동,중상사고,0,1,0,0,차대차 - 측면충돌,안전운전불이행,젖음/습기,비,단일로 - 기타,화물,남,53세,상해없음,이륜,여,25세,중상
2021070300100236,2021년 7월 3일 13시,토요일,부산광역시 해운대구 재송동,부상신고사고,0,0,0,1,차대차 - 기타,안전운전불이행,젖음/습기,비,기타 - 기타,승용,남,52세,상해없음,이륜,남,41세,부상신고
2021070300100237,2021년 7월 3일 13시,토요일,부산광역시 해운대구 반송동,경상사고,0,0,1,0,차대차 - 추돌,신호위반,젖음/습기,비,교차로 - 교차로안,승용,남,75세,상해없음,승용,여,50세,경상
2021070300100238,2021년 7월 3일 13시,토요일,부산광역시 사하구 다대동,경상사고,0,0,1,0,차대사람 - 횡단중,보행자보호의무위반,젖음/습기,비,단일로 - 기타,원동기,남,31세,상해없음,보행자,여,56세,경상
2021070300100239,2021년 7월 3일 13시,토요일,부산광역시 사하구 다대동,중상사고,0,1,0,0,차대차 - 추돌,안전거리미확보,젖음/습기,비,단일로 - 기타,승용,남,62세,상해없음,원동기,남,38세,중상
2021070300100274,2021년 7월 3일 14시,토요일,부산광역시 동구 초량동,중상사고,0,1,0,0,차대차 - 측면충돌,신호위반,젖음/습기,비,교차로 - 교차로안,승용,여,29세,상해없음,승용,남,64세,중상
2021070300100306,2021년 7월 3일 15시,토요일,부산광역시 동구 범일동,경상사고,0,0,3,0,차대차 - 기타,신호위반,젖음/습기,비,교차로 - 교차로안,승용,여,54세,경상,승용,남,69세,경상
2021070300100307,2021년 7월 3일 15시,토요일,부산광역시 해운대구 중동,경상사고,0,0,2,1,차대차 - 추돌,안전운전불이행,건조,맑음,기타 - 기타,화물,남,65세,상해없음,승용,남,55세,경상
2021070300100308,2021년 7월 3일 15시,토요일,부산광역시 해운대구 우동,경상사고,0,0,1,0,차대차 - 추돌,안전운전불이행,젖음/습기,비,교차로 - 교차로부근,승용,남,69세,경상,승용,남,71세,상해없음
2021070300100341,2021년 7월 3일 16시,토요일,부산광역시 금정구 장전동,경상사고,0,0,1,0,차대차 - 측면충돌,직진우회전진행방해,젖음/습기,비,교차로 - 교차로안,승용,남,61세,상해없음,원동기,남,56세,경상
2021070300100382,2021년 7월 3일 17시,토요일,부산광역시 중구 중앙동4가,경상사고,0,0,1,0,차대차 - 측면충돌,안전운전불이행,젖음/습기,비,교차로 - 교차로부근,이륜,남,49세,경상,화물,남,31세,상해없음
2021070300100383,2021년 7월 3일 17시,토요일,부산광역시 중구 중앙동4가,경상사고,0,0,1,0,차대차 - 측면충돌,신호위반,건조,맑음,교차로 - 교차로부근,승합,남,69세,상해없음,승용,남,40세,경상
2021070300100384,2021년 7월 3일 17시,토요일,부산광역시 영도구 동삼동,경상사고,0,0,1,0,차대차 - 기타,안전거리미확보,젖음/습기,비,단일로 - 기타,화물,남,60세,상해없음,승용,여,41세,경상
2021070300100385,2021년 7월 3일 17시,토요일,부산광역시 해운대구 우동,경상사고,0,0,2,1,차대차 - 측면충돌,교차로운행방법위반,젖음/습기,비,교차로 - 교차로안,승용,남,56세,상해없음,승용,남,72세,경상
2021070300100386,2021년 7월 3일 17시,토요일,부산광역시 금정구 노포동,경상사고,0,0,1,0,차대차 - 측면충돌,직진우회전진행방해,건조,맑음,교차로 - 교차로안,승용,남,58세,상해없음,승합,남,44세,경상
2021070300100387,2021년 7월 3일 17시,토요일,부산광역시 금정구 노포동,경상사고,0,0,3,0,차대차 - 추돌,안전거리미확보,젖음/습기,비,교차로 - 교차로부근,화물,남,73세,상해없음,승용,남,31세,경상
2021070300100388,2021년 7월 3일 17시,토요일,부산광역시 강서구 대저2동,사망사고,1,0,3,0,차량단독 - 기타,안전운전불이행,젖음/습기,비,단일로 - 기타,승합,남,63세,상해없음,,,,
2021070300100418,2021년 7월 3일 18시,토요일,부산광역시 수영구 광안동,경상사고,0,0,3,0,차대차 - 기타,안전운전불이행,젖음/습기,흐림,교차로 - 교차로안,승용,남,31세,경상,이륜,남,53세,경상
2021070300100419,2021년 7월 3일 18시,토요일,부산광역시 북구 덕천동,경상사고,0,0,1,0,차대사람 - 횡단중,보행자보호의무위반,건조,맑음,단일로 - 기타,승용,남,59세,상해없음,보행자,남,9세,경상
2021070300100420,2021년 7월 3일 18시,토요일,부산광역시 북구 덕천동,경상사고,0,0,2,0,차대차 - 기타,안전운전불이행,건조,맑음,교차로 - 교차로안,화물,남,62세,상해없음,승용,여,49세,경상
2021070300100421,2021년 7월 3일 18시,토요일,부산광역시 금정구 오륜동,경상사고,0,0,4,2,차대차 - 추돌,안전거리미확보,젖음/습기,비,단일로 - 터널,화물,남,33세,상해없음,승용,남,38세,경상