사고번호,사고일시,요일,시군구,사고내용,사망자수,중상자수,경상자수,부상신고자수,사고유형,법규위반,노면상태,기상상태,도로형태,가해운전자 차종,가해운전자 성별,가해운전자 연령,가해운전자 상해정도,피해운전자 차종,피해운전자 성별,피해운전자 연령,피해운전자 상해정도
2021070300100422,2021년 7월 3일 18시,토요일,부산광역시 금정구 금사동,경상사고,0,0,1,0,차대차 - 기타,안전운전불이행,젖음/습기,비,기타 - 기타,승합,남,46세,기타불명,승용,남,67세,경상
2021070300100469,2021년 7월 3일 19시,토요일,부산광역시 중구 광복동1가,경상사고,0,0,1,0,차대사람 - 기타,안전운전불이행,건조,흐림,단일로 - 기타,승용,남,74세,상해없음,보행자,여,56세,경상
2021070300100470,2021년 7월 3일 19시,토요일,부산광역시 부산진구 부전동,경상사고,0,0,3,0,차대차 - 기타,안전운전불이행,젖음/습기,비,교차로 - 교차로안,승용,남,64세,상해없음,승용,남,30세,경상
2021070300100471,2021년 7월 3일 19시,토요일,부산광역시 부산진구 부암동,경상사고,0,0,1,0,차대차 - 기타,중앙선침범,젖음/습기,비,단일로 - 기타,승용,남,32세,상해없음,이륜,남,53세,경상
2021070300100564,2021년 7월 3일 21시,토요일,부산광역시 남구 용호동,경상사고,0,0,1,0,차대차 - 기타,안전운전불이행,젖음/습기,비,교차로 - 교차로안,승용,여,54세,상해없음,이륜,남,47세,경상
2021070300100565,2021년 7월 3일 21시,토요일,부산광역시 기장군 기장읍,경상사고,0,0,3,0,차대차 - 정면충돌,안전운전불이행,젖음/습기,비,단일로 - 기타,승용,남,61세,상해없음,승용,남,64세,경상
2021070400100004,2021년 7월 4일 00시,일요일,부산광역시 사하구 하단동,중상사고,0,1,0,0,차대사람 - 기타,안전운전불이행,젖음/습기,비,교차로 - 교차로부근,승용,남,61세,상해없음,보행자,남,29세,중상
2021070400100032,2021년 7월 4일 01시,일요일,부산광역시 부산진구 개금동,경상사고,0,0,1,0,차량단독 - 기타,안전운전불이행,젖음/습기,비,단일로 - 고가도로위,승용,남,54세,상해없음,,,,
2021070400100049,2021년 7월 4일 02시,일요일,부산광역시 부산진구 전포동,경상사고,0,0,2,0,차대차 - 측면충돌,신호위반,젖음/습기,비,교차로 - 교차로안,기타불명,기타불명,미분류,기타불명,승용,여,25세,경상
2021070400100076,2021년 7월 4일 06시,일요일,부산광역시 금정구 구서동,경상사고,0,0,2,0,차량단독 - 공작물충돌,기타,젖음/습기,비,단일로 - 기타,승합,남,73세,경상,,,,
2021070400100123,2021년 7월 4일 11시,일요일,부산광역시 동구 초량동,경상사고,0,0,1,0,차대차 - 추돌,안전운전불이행,건조,맑음,단일로 - 기타,승용,남,49세,상해없음,원동기,남,34세,경상
2021070400100166,2021년 7월 4일 13시,일요일,부산광역시 금정구 부곡동,중상사고,0,1,1,1,차대차 - 기타,직진우회전진행방해,건조,맑음,교차로 - 교차로안,승용,남,64세,부상신고,승용,남,60세,중상
2021070400100167,2021년 7월 4일 13시,일요일,부산광역시 사하구 다대동,경상사고,0,0,1,0,차대차 - 기타,안전운전불이행,건조,맑음,교차로 - 교차로안,승용,남,60세,기타불명,승용,여,46세,경상
2021070400100205,2021년 7월 4일 14시,일요일,부산광역시 수영구 광안동,경상사고,0,0,2,2,차대차 - 추돌,안전거리미확보,건조,맑음,단일로 - 교량,승용,남,39세,상해없음,승용,남,33세,경상
2021070400100238,2021년 7월 4일 15시,일요일,부산광역시 남구 대연동,경상사고,0,0,1,0,차대사람 - 차도통행중,안전운전불이행,건조,맑음,단일로 - 기타,이륜,남,17세,상해없음,보행자,여,74세,경상
2021070400100239,2021년 7월 4일 15시,일요일,부산광역시 수영구 민락동,경상사고,0,0,1,0,차대차 - 추돌,안전운전불이행,건조,맑음,단일로 - 기타,승용,남,41세,상해없음,승용,남,41세,경상
2021070400100270,2021년 7월 4일 16시,일요일,부산광역시 금정구 장전동,중상사고,0,2,0,0,차대차 - 기타,안전운전불이행,건조,맑음,단일로 - 기타,자전거,남,67세,중상,자전거,남,54세,중상
2021070400100298,2021년 7월 4일 17시,일요일,부산광역시 남구 대연동,중상사고,0,1,0,0,차대사람 - 기타,안전운전불이행,건조,맑음,교차로 - 교차로부근,승합,남,55세,상해없음,보행자,남,45세,중상
2021070400100331,2021년 7월 4일 18시,일요일,부산광역시 부산진구 부전동,중상사고,0,1,2,0,차대차 - 측면충돌,신호위반,젖음/습기,흐림,교차로 - 교차로안,화물,남,18세,상해없음,승용,남,60세,경상
2021070400100357,2021년 7월 4일 19시,일요일,부산광역시 부산진구 개금동,경상사고,0,0,1,0,차대차 - 추돌,안전거리미확보,건조,흐림,교차로 - 교차로부근,승용,남,35세,기타불명,승용,여,59세,경상
2021070400100358,2021년 7월 4일 19시,일요일,부산광역시 강서구 대저1동,경상사고,0,0,1,0,차대차 - 측면충돌,신호위반,건조,맑음,교차로 - 교차로안,승용,남,58세,상해없음,승용,남,26세,경상
2021070400100388,2021년 7월 4일 20시,일요일,부산광역시 동구 범일동,부상신고사고,0,0,0,1,차대차 - 측면충돌,안전운전불이행,젖음/습기,비,단일로 - 기타,승용,남,31세,상해없음,자전거,남,69세,부상신고
2021070400100389,2021년 7월 4일 20시,일요일,부산광역시 북구 금곡동,경상사고,0,0,1,0,차대차 - 기타,교차로운행방법위반,젖음/습기,비,교차로 - 교차로안,승용,남,53세,상해없음,이륜,남,29세,경상
2021070400100390,2021년 7월 4일 20시,일요일,부산광역시 사상구 학장동,경상사고,0,0,1,0,차대차 - 측면충돌,교차로운행방법위반,젖음/습기,비,교차로 - 교차로안,승용,여,60세,상해없음,승용,남,31세,경상
2021070400100413,2021년 7월 4일 21시,일요일,부산광역시 부산진구 연지동,경상사고,0,0,1,0,차대차 - 추돌,안전운전불이행,젖음/습기,비,단일로 - 기타,승용,남,60세,상해없음,승용,여,22세,경상
2021070400100454,2021년 7월 4일 23시,일요일,부산광역시 동래구 수안동,중상사고,0,1,0,0,차대차 - 추돌,안전운전불이행,젖음/습기,흐림,단일로 - 기타,화물,남,44세,상해없음,이륜,남,61세,중상
2021070500100026,2021년 7월 5일 06시,월요일,부산광역시 강서구 대저2동,경상사고,0,0,1,0,차대차 - 측면충돌,안전운전불이행,젖음/습기,비,단일로 - 기타,승용,여,59세,상해없음,승용,여,60세,경상
2021070500100051,2021년 7월 5일 07시,월요일,부산광역시 부산진구 부암동,경상사고,0,0,1,0,차대차 - 기타,안전거리미확보,젖음/습기,비,단일로 - 기타,승용,여,27세,상해없음,승용,여,46세,경상
2021070500100052,2021년 7월 5일 07시,월요일,부산광역시 부산진구 연지동,경상사고,0,0,3,0,차대차 - 측면충돌,안전운전불이행,건조,맑음,단일로 - 기타,승용,남,68세,경상,승용,남,61세,경상
2021070500100072,2021년 7월 5일 08시,월요일,부산광역시 수영구 남천동,경상사고,0,0,1,0,차대차 - 측면충돌,신호위반,젖음/습기,비,교차로 - 교차로부근,승용,여,68세,상해없음,승용,남,53세,경상
2021070500100073,2021년 7월 5일 08시,월요일,부산광역시 해운대구 좌동,중상사고,0,1,0,0,차대차 - 기타,교차로운행방법위반,젖음/습기,비,교차로 - 교차로안,승용,남,28세,상해없음,개인형이동수단(PM),남,38세,중상
2021070500100074,2021년 7월 5일 08시,월요일,부산광역시 해운대구 재송동,경상사고,0,0,1,0,차대차 - 측면충돌,안전거리미확보,건조,맑음,단일로 - 기타,승용,남,65세,상해없음,승합,남,51세,경상
2021070500100115,2021년 7월 5일 09시,월요일,부산광역시 수영구 남천동,경상사고,0,0,1,0,차대차 - 추돌,안전운전불이행,젖음/습기,비,단일로 - 기타,승용,남,54세,상해없음,승용,남,33세,경상
2021070500100116,2021년 7월 5일 09시,월요일,부산광역시 금정구 부곡동,중상사고,0,1,0,0,차대사람 - 횡단중,안전운전불이행,젖음/습기,비,단일로 - 기타,승용,여,34세,상해없음,보행자,여,67세,중상
2021070500100117,2021년 7월 5일 09시,월요일,부산광역시 금정구 구서동,중상사고,0,1,0,0,차대사람 - 횡단중,보행자보호의무위반,젖음/습기,비,교차로 - 교차로횡단보도내,승용,남,70세,상해없음,보행자,여,65세,중상
2021070500100149,2021년 7월 5일 10시,월요일,부산광역시 부산진구 부암동,경상사고,0,0,1,0,차대차 - 기타,중앙선침범,건조,맑음,단일로 - 기타,승용,남,67세,상해없음,승용,여,33세,경상
2021070500100150,2021년 7월 5일 10시,월요일,부산광역시 금정구 노포동,경상사고,0,0,1,0,차대차 - 추돌,안전운전불이행,젖음/습기,비,교차로 - 교차로부근,승합,남,32세,상해없음,승용,여,34세,경상
2021070500100186,2021년 7월 5일 11시,월요일,부산광역시 동구 범일동,경상사고,0,0,1,0,차대차 - 기타,안전운전불이행,건조,맑음,단일로 - 기타,승용,남,48세,상해없음,승용,여,31세,경상
2021070500100187,2021년 7월 5일 11시,월요일,부산광역시 부산진구 부전동,중상사고,0,1,0,0,차대사람 - 기타,안전운전불이행,건조,기타,교차로 - 교차로안,화물,남,69세,상해없음,보행자,여,69세,중상
2021070500100188,2021년 7월 5일 11시,월요일,부산광역시 기장군 장안읍,경상사고,0,0,1,0,차대차 - 기타,안전운전불이행,건조,맑음,주차장 - 주차장,특수,남,38세,상해없음,특수,남,43세,경상
2021070500100226,2021년 7월 5일 12시,월요일,부산광역시 연제구 연산동,경상사고,0,0,1,0,차대차 - 후진중충돌,안전운전불이행,건조,맑음,단일로 - 기타,화물,남,63세,상해없음,승용,남,28세,경상
2021070500100287,2021년 7월 5일 14시,월요일,부산광역시 부산진구 부전동,경상사고,0,0,1,0,차대차 - 기타,신호위반,건조,맑음,교차로 - 교차로안,승용,여,52세,상해없음,이륜,남,59세,경상
2021070500100288,2021년 7월 5일 14시,월요일,부산광역시 사상구 모라동,중상사고,0,1,0,0,차대사람 - 횡단중,보행자보호의무위반,젖음/습기,비,교차로 - 교차로안,승용,남,80세,상해없음,보행자,남,62세,중상
2021070500100321,2021년 7월 5일 15시,월요일,부산광역시 부산진구 부암동,부상신고사고,0,0,0,1,차량단독 - 기타,안전운전불이행,건조,맑음,교차로 - 교차로안,이륜,남,42세,부상신고,,,,
2021070500100322,2021년 7월 5일 15시,월요일,부산광역시 부산진구 연지동,경상사고,0,0,1,0,차대차 - 측면충돌,안전거리미확보,건조,맑음,교차로 - 교차로부근,승용,남,53세,상해없음,승용,여,53세,경상
2021070500100360,2021년 7월 5일 16시,월요일,부산광역시 서구 서대신동3가,경상사고,0,0,1,0,차대차 - 정면충돌,기타,젖음/습기,맑음,단일로 - 기타,승용,남,23세,상해없음,원동기,남,27세,경상
2021070500100361,2021년 7월 5일 16시,월요일,부산광역시 강서구 명지동,중상사고,0,1,0,0,차대차 - 기타,안전운전불이행,건조,맑음,교차로 - 교차로안,이륜,남,31세,중상,승용,남,73세,상해없음
2021070500100392,2021년 7월 5일 17시,월요일,부산광역시 부산진구 부암동,경상사고,0,0,1,0,차량단독 - 기타,기타,젖음/습기,비,기타 - 기타,승합,남,48세,상해없음,,,,
2021070500100393,2021년 7월 5일 17시,월요일,부산광역시 사상구 삼락동,중상사고,0,1,0,0,차대차 - 추돌,안전운전불이행,건조,맑음,교차로 - 교차로안,특수,남,65세,기타불명,이륜,남,39세,중상
2021070500100394,2021년 7월 5일 17시,월요일,부산광역시 기장군 기장읍,경상사고,0,0,1,0,차대차 - 기타,안전운전불이행,건조,맑음,교차로 - 교차로안,승용,남,55세,상해없음,승용,남,22세,경상
2021070500100506,2021년 7월 5일 20시,월요일,부산광역시 남구 우암동,부상신고사고,0,0,0,1,차대사람 - 횡단중,안전운전불이행,건조,맑음,교차로 - 교차로부근,승용,남,58세,상해없음,보행자,남,15세,부상신고
2021070500100507,2021년 7월 5일 20시,월요일,부산광역시 부산진구 범천동,중상사고,0,1,0,0,차량단독 - 기타,안전운전불이행,젖음/습기,비,기타 - 기타,자전거,남,57세,중상,,,,
2021070500100508,2021년 7월 5일 20시,월요일,부산광역시 사하구 신평동,경상사고,0,0,1,0,차대차 - 기타,안전거리미확보,젖음/습기,비,단일로 - 교량,승용,남,34세,상해없음,승용,여,53세,경상
2021070500100509,2021년 7월 5일 20시,월요일,부산광역시 강서구 대저1동,경상사고,0,0,2,0,차대차 - 추돌,안전운전불이행,젖음/습기,비,교차로 - 교차로부근,승용,남,57세,상해없음,농기계,남,51세,경상
2021070500100510,2021년 7월 5일 20시,월요일,부산광역시 사상구 학장동,경상사고,0,0,1,0,차대사람 - 횡단중,신호위반,젖음/습기,비,단일로 - 기타,승용,여,56세,상해없음,보행자,남,41세,경상
2021070500100535,2021년 7월 5일 21시,월요일,부산광역시 부산진구 양정동,경상사고,0,0,1,0,차대차 - 기타,직진우회전진행방해,젖음/습기,비,교차로 - 교차로안,승용,남,37세,상해없음,승용,여,28세,경상
2021070500100569,2021년 7월 5일 22시,월요일,부산광역시 부산진구 전포동,경상사고,0,0,2,0,차대차 - 측면충돌,교차로운행방법위반,젖음/습기,비,교차로 - 교차로안,승용,여,33세,상해없음,승용,여,59세,경상
2021070500100587,2021년 7월 5일 23시,월요일,부산광역시 북구 만덕동,경상사고,0,0,1,0,차대차 - 기타,안전거리미확보,젖음/습기,비,단일로 - 기타,승합,남,43세,상해없음,승용,여,28세,경상
2021070500100588,2021년 7월 5일 23시,월요일,부산광역시 동래구 명장동,경상사고,0,0,1,0,차대차 - 추돌,안전운전불이행,건조,맑음,단일로 - 기타,승용,남,27세,상해없음,승용,남,61세,경상
2021070600100014,2021년 7월 6일 01시,화요일,부산광역시 동래구 안락동,경상사고,0,0,1,0,차대차 - 측면충돌,교차로운행방법위반,젖음/습기,비,교차로 - 교차로안,승용,남,35세,상해없음,이륜,남,21세,경상
2021070600100027,2021년 7월 6일 02시,화요일,부산광역시 해운대구 중동,중상사고,0,1,0,0,차대차 - 정면충돌,중앙선침범,젖음/습기,비,교차로 - 교차로부근,승용,남,47세,상해없음,승용,남,26세,중상
2021070600100028,2021년 7월 6일 02시,화요일,부산광역시 연제구 연산동,경상사고,0,0,1,0,차대차 - 추돌,안전거리미확보,젖음/습기,비,단일로 - 기타,화물,남,55세,상해없음,승용,남,53세,경상
2021070600100040,2021년 7월 6일 05시,화요일,부산광역시 남구 대연동,경상사고,0,0,1,0,차대사람 - 횡단중,안전운전불이행,젖음/습기,비,단일로 - 기타,승용,남,67세,상해없음,보행자,남,40세,경상
2021070600100095,2021년 7월 6일 08시,화요일,부산광역시 동구 초량동,경상사고,0,0,2,0,차대차 - 측면충돌,신호위반,젖음/습기,비,교차로 - 교차로안,화물,남,32세,상해없음,승용,남,59세,경상
2021070600100096,2021년 7월 6일 08시,화요일,부산광역시 해운대구 재송동,경상사고,0,0,1,0,차대차 - 측면충돌,안전거리미확보,젖음/습기,비,단일로 - 기타,건설기계,남,42세,상해없음,승용,여,39세,경상
2021070600100097,2021년 7월 6일 08시,화요일,부산광역시 연제구 연산동,경상사고,0,0,1,0,차대차 - 측면충돌,안전운전불이행,건조,맑음,교차로 - 교차로안,승합,남,56세,상해없음,승용,여,31세,경상
2021070600100098,2021년 7월 6일 08시,화요일,부산광역시 연제구 거제동,경상사고,0,0,1,0,차대차 - 측면충돌,안전거리미확보,건조,맑음,교차로 - 교차로안,승용,여,29세,상해없음,승용,여,28세,경상
2021070600100127,2021년 7월 6일 09시,화요일,부산광역시 부산진구 부전동,경상사고,0,0,1,0,차대사람 - 기타,안전운전불이행,젖음/습기,비,기타 - 기타,승용,여,44세,상해없음,보행자,여,51세,경상
2021070600100150,2021년 7월 6일 10시,화요일,부산광역시 기장군 기장읍,경상사고,0,0,1,0,차대차 - 측면충돌,안전운전불이행,젖음/습기,비,교차로 - 교차로안,승용,남,51세,상해없음,승용,여,46세,경상
2021070600100204,2021년 7월 6일 12시,화요일,부산광역시 부산진구 부전동,중상사고,0,1,0,0,차대차 - 기타,직진우회전진행방해,젖음/습기,비,교차로 - 교차로안,승용,남,34세,상해없음,원동기,남,54세,중상
2021070600100237,2021년 7월 6일 13시,화요일,부산광역시 남구 용당동,부상신고사고,0,0,0,1,차량단독 - 공작물충돌,안전운전불이행,젖음/습기,비,단일로 - 기타,승용,여,35세,부상신고,,,,
2021070600100238,2021년 7월 6일 13시,화요일,부산광역시 연제구 연산동,경상사고,0,0,1,0,차대차 - 기타,안전거리미확보,젖음/습기,비,교차로 - 교차로부근,승용,남,41세,상해없음,이륜,남,45세,경상
2021070600100239,2021년 7월 6일 13시,화요일,부산광역시 강서구 명지동,경상사고,0,0,1,0,차대차 - 기타,안전운전불이행,젖음/습기,비,단일로 - 기타,승용,남,68세,상해없음,승용,여,48세,경상
2021070600100303,2021년 7월 6일 15시,화요일,부산광역시 사하구 하단동,경상사고,0,0,4,0,차대차 - 기타,신호위반,젖음/습기,비,교차로 - 교차로부근,승합,남,46세,상해없음,승용,남,51세,상해없음
2021070600100304,2021년 7월 6일 15시,화요일,부산광역시 기장군 기장읍,경상사고,0,0,3,0,차대차 - 추돌,안전운전불이행,젖음/습기,비,단일로 - 기타,승용,남,46세,상해없음,승용,여,43세,경상
2021070600100331,2021년 7월 6일 16시,화요일,부산광역시 영도구 남항동3가,경상사고,0,0,1,0,차대차 - 기타,신호위반,젖음/습기,비,교차로 - 교차로부근,화물,남,70세,상해없음,승용,여,28세,경상
2021070600100379,2021년 7월 6일 17시,화요일,부산광역시 수영구 남천동,경상사고,0,0,1,0,차대차 - 기타,안전운전불이행,젖음/습기,비,단일로 - 기타,승용,여,29세,상해없음,이륜,남,43세,경상
2021070600100380,2021년 7월 6일 17시,화요일,부산광역시 수영구 광안동,경상사고,0,0,1,0,차대차 - 추돌,안전운전불이행,젖음/습기,비,단일로 - 기타,승용,남,50세,상해없음,이륜,남,39세,경상
2021070600100381,2021년 7월 6일 17시,화요일,부산광역시 사하구 감천동,중상사고,0,1,0,0,차대사람 - 횡단중,신호위반,젖음/습기,흐림,단일로 - 지하차도(도로)내,이륜,남,59세,기타불명,보행자,남,36세,중상
2021070600100425,2021년 7월 6일 18시,화요일,부산광역시 동구 초량동,중상사고,0,1,0,0,차대차 - 측면충돌,안전운전불이행,젖음/습기,비,단일로 - 기타,승용,남,73세,상해없음,승용,남,30세,중상
2021070600100426,2021년 7월 6일 18시,화요일,부산광역시 연제구 연산동,중상사고,0,1,0,0,차대사람 - 기타,안전운전불이행,젖음/습기,비,단일로 - 기타,승용,남,31세,상해없음,보행자,남,56세,중상
2021070600100465,2021년 7월 6일 19시,화요일,부산광역시 동래구 사직동,경상사고,0,0,4,0,차대차 - 측면충돌,직진우회전진행방해,젖음/습기,비,교차로 - 교차로안,승용,남,44세,경상,이륜,남,20세,경상
2021070600100466,2021년 7월 6일 19시,화요일,부산광역시 해운대구 중동,중상사고,0,1,0,0,차대사람 - 횡단중,안전운전불이행,젖음/습기,비,단일로 - 기타,승용,남,69세,상해없음,보행자,남,74세,중상
2021070600100489,2021년 7월 6일 20시,화요일,부산광역시 사하구 다대동,경상사고,0,0,1,0,차대사람 - 횡단중,안전운전불이행,젖음/습기,비,단일로 - 기타,이륜,남,31세,상해없음,보행자,남,62세,경상
2021070600100490,2021년 7월 6일 20시,화요일,부산광역시 강서구 송정동,중상사고,0,1,0,0,차대차 - 기타,안전운전불이행,젖음/습기,비,교차로 - 교차로안,건설기계,남,47세,상해없음,승용,남,65세,중상
2021070600100526,2021년 7월 6일 21시,화요일,부산광역시 해운대구 우동,경상사고,0,0,1,0,차대차 - 추돌,안전운전불이행,젖음/습기,흐림,교차로 - 교차로부근,승용,여,19세,상해없음,승용,여,32세,경상
2021070600100563,2021년 7월 6일 22시,화요일,부산광역시 동래구 사직동,경상사고,0,0,2,0,차대차 - 측면충돌,안전운전불이행,젖음/습기,흐림,교차로 - 교차로안,승용,여,46세,상해없음,승용,남,52세,경상
2021070600100564,2021년 7월 6일 22시,화요일,부산광역시 해운대구 중동,중상사고,0,2,0,0,차대사람 - 보도통행중,기타,젖음/습기,비,교차로 - 교차로부근,승용,남,33세,상해없음,보행자,남,33세,중상
2021070600100565,2021년 7월 6일 22시,화요일,부산광역시 부산진구 전포동,경상사고,0,0,1,0,차대차 - 측면충돌,중앙선침범,건조,맑음,교차로 - 교차로안,기타불명,기타불명,미분류,기타불명,승용,남,25세,상해없음
2021070600100566,2021년 7월 6일 22시,화요일,부산광역시 사하구 다대동,경상사고,0,0,1,0,차대차 - 추돌,안전운전불이행,젖음/습기,비,교차로 - 교차로부근,승용,남,62세,상해없음,이륜,남,26세,경상
2021070600100585,2021년 7월 6일 23시,화요일,부산광역시 사상구 괘법동,경상사고,0,0,1,0,차대사람 - 기타,안전운전불이행,젖음/습기,비,단일로 - 기타,이륜,남,33세,상해없음,보행자,남,26세,경상
2021070700100001,2021년 7월 7일 00시,수요일,부산광역시 동래구 온천동,경상사고,0,0,2,0,차대차 - 추돌,안전운전불이행,건조,맑음,교차로 - 교차로부근,승용,남,37세,상해없음,승용,남,41세,경상
2021070700100002,2021년 7월 7일 00시,수요일,부산광역시 사하구 장림동,부상신고사고,0,0,0,1,차량단독 - 공작물충돌,안전운전불이행,건조,맑음,단일로 - 기타,승용,여,41세,부상신고,,,,
2021070700100012,2021년 7월 7일 01시,수요일,부산광역시 동래구 온천동,경상사고,0,0,1,0,차대차 - 기타,안전운전불이행,건조,맑음,단일로 - 기타,승용,여,36세,상해없음,화물,남,55세,경상
2021070700100013,2021년 7월 7일 01시,수요일,부산광역시 사하구 하단동,중상사고,0,1,1,0,차대차 - 측면충돌,신호위반,건조,맑음,교차로 - 교차로부근,승용,남,52세,상해없음,승용,남,61세,경상
2021070700100034,2021년 7월 7일 04시,수요일,부산광역시 북구 화명동,사망사고,1,0,0,0,차대사람 - 기타,안전운전불이행,젖음/습기,맑음,기타 - 기타,승용,남,37세,상해없음,보행자,남,27세,사망
2021070700100042,2021년 7월 7일 05시,수요일,부산광역시 부산진구 범천동,경상사고,0,0,1,0,차대차 - 측면충돌,신호위반,젖음/습기,비,교차로 - 교차로안,승합,남,26세,상해없음,승용,남,53세,경상
2021070700100117,2021년 7월 7일 09시,수요일,부산광역시 강서구 명지동,중상사고,0,1,0,0,차대차 - 기타,신호위반,젖음/습기,흐림,교차로 - 교차로안,승용,남,69세,상해없음,승용,남,46세,중상
2021070700100187,2021년 7월 7일 11시,수요일,부산광역시 남구 용호동,부상신고사고,0,0,0,1,차대사람 - 보도통행중,기타,젖음/습기,비,단일로 - 기타,이륜,남,50세,상해없음,보행자,여,28세,부상신고
2021070700100188,2021년 7월 7일 11시,수요일,부산광역시 남구 용호동,경상사고,0,0,2,0,차대차 - 기타,안전운전불이행,젖음/습기,비,교차로 - 교차로안,승용,여,69세,상해없음,승용,여,38세,경상
2021070700100189,2021년 7월 7일 11시,수요일,부산광역시 해운대구 좌동,경상사고,0,0,1,0,차대차 - 기타,안전운전불이행,젖음/습기,비,기타 - 기타,승용,남,73세,기타불명,승용,여,49세,경상
2021070700100231,2021년 7월 7일 12시,수요일,부산광역시 사상구 감전동,경상사고,0,0,1,0,차대차 - 측면충돌,교차로운행방법위반,젖음/습기,비,교차로 - 교차로부근,승용,남,24세,상해없음,이륜,남,66세,경상
2021070700100264,2021년 7월 7일 13시,수요일,부산광역시 부산진구 부전동,경상사고,0,0,1,0,차대사람 - 기타,안전운전불이행,젖음/습기,비,단일로 - 기타,승용,여,33세,상해없음,보행자,여,28세,경상
2021070700100291,2021년 7월 7일 14시,수요일,부산광역시 동래구 온천동,경상사고,0,0,1,0,차대차 - 측면충돌,차로위반,젖음/습기,비,단일로 - 기타,승용,여,56세,상해없음,승용,여,52세,경상
2021070700100325,2021년 7월 7일 15시,수요일,부산광역시 중구 부평동2가,중상사고,0,1,0,0,차대사람 - 기타,안전운전불이행,젖음/습기,비,단일로 - 기타,승용,여,47세,상해없음,보행자,여,63세,중상
2021070700100357,2021년 7월 7일 16시,수요일,부산광역시 서구 서대신동2가,경상사고,0,0,1,0,차대사람 - 길가장자리구역통행중,안전운전불이행,젖음/습기,비,단일로 - 기타,승용,남,64세,상해없음,보행자,남,78세,경상
2021070700100358,2021년 7월 7일 16시,수요일,부산광역시 수영구 남천동,중상사고,0,1,0,0,차대차 - 측면충돌,안전운전불이행,젖음/습기,비,교차로 - 교차로안,승용,남,67세,상해없음,승용,남,57세,상해없음
2021070700100359,2021년 7월 7일 16시,수요일,부산광역시 해운대구 석대동,경상사고,0,0,1,0,차대차 - 추돌,안전거리미확보,젖음/습기,비,단일로 - 기타,화물,남,64세,상해없음,승용,남,61세,경상
2021070700100361,2021년 7월 7일 16시,수요일,부산광역시 강서구 대저2동,중상사고,0,1,1,0,차대차 - 측면충돌,기타,젖음/습기,비,교차로 - 교차로안,화물,여,40세,경상,승용,남,52세,중상
2021070700100362,2021년 7월 7일 16시,수요일,부산광역시 사상구 학장동,경상사고,0,0,1,0,차대차 - 기타,중앙선침범,젖음/습기,비,단일로 - 기타,승용,남,31세,상해없음,승용,남,46세,경상
2021070700100363,2021년 7월 7일 16시,수요일,부산광역시 기장군 정관읍,경상사고,0,0,1,0,차대차 - 추돌,안전운전불이행,젖음/습기,비,교차로 - 교차로안,승합,남,64세,상해없음,승용,남,40세,경상
2021070700100403,2021년 7월 7일 17시,수요일,부산광역시 해운대구 중동,경상사고,0,0,1,0,차대차 - 기타,안전운전불이행,젖음/습기,비,교차로 - 교차로안,승합,남,67세,기타불명,승용,남,60세,경상
2021070700100404,2021년 7월 7일 17시,수요일,부산광역시 기장군 일광면,경상사고,0,0,1,0,차대차 - 기타,신호위반,젖음/습기,비,교차로 - 교차로안,승용,남,41세,상해없음,승용,남,66세,경상
2021070700100443,2021년 7월 7일 18시,수요일,부산광역시 남구 문현동,경상사고,0,0,1,0,차대차 - 측면충돌,안전거리미확보,젖음/습기,비,단일로 - 기타,특수,남,50세,상해없음,승용,남,37세,경상
2021070700100444,2021년 7월 7일 18시,수요일,부산광역시 해운대구 중동,중상사고,0,1,0,0,차대사람 - 횡단중,안전운전불이행,젖음/습기,비,교차로 - 교차로횡단보도내,승용,남,63세,상해없음,보행자,여,59세,중상
2021070700100445,2021년 7월 7일 18시,수요일,부산광역시 해운대구 재송동,경상사고,0,0,1,0,차대차 - 측면충돌,신호위반,젖음/습기,비,교차로 - 교차로안,승용,여,43세,상해없음,승용,여,47세,경상
2021070700100573,2021년 7월 7일 21시,수요일,부산광역시 해운대구 우동,경상사고,0,0,3,0,차대차 - 추돌,안전운전불이행,젖음/습기,비,교차로 - 교차로부근,승용,남,52세,상해없음,승용,남,44세,경상
2021070700100574,2021년 7월 7일 21시,수요일,부산광역시 연제구 거제동,경상사고,0,0,1,0,차대차 - 측면충돌,안전운전불이행,젖음/습기,비,교차로 - 교차로안,승용,남,58세,상해없음,승용,남,51세,경상
2021070700100575,2021년 7월 7일 21시,수요일,부산광역시 연제구 연산동,경상사고,0,0,1,0,차대차 - 측면충돌,신호위반,젖음/습기,비,단일로 - 기타,승용,남,68세,상해없음,승용,여,31세,경상
2021070700100604,2021년 7월 7일 22시,수요일,부산광역시 사하구 하단동,경상사고,0,0,2,0,차대차 - 추돌,안전운전불이행,젖음/습기,비,교차로 - 교차로부근,승용,남,37세,상해없음,승용,남,51세,경상
2021070700100639,2021년 7월 7일 23시,수요일,부산광역시 금정구 장전동,경상사고,0,0,1,0,차대사람 - 기타,안전운전불이행,건조,맑음,기타 - 기타,기타불명,기타불명,미분류,기타불명,보행자,남,69세,경상
2021070800100002,2021년 7월 8일 00시,목요일,부산광역시 부산진구 범천동,경상사고,0,0,1,0,차대차 - 추돌,안전운전불이행,젖음/습기,흐림,단일로 - 기타,화물,남,54세,상해없음,승용,여,31세,경상
2021070800100003,2021년 7월 8일 00시,목요일,부산광역시 사하구 다대동,중상사고,0,1,0,0,차대사람 - 횡단중,보행자보호의무위반,젖음/습기,비,교차로 - 교차로횡단보도내,승합,남,72세,상해없음,보행자,남,57세,중상
2021070800100004,2021년 7월 8일 00시,목요일,부산광역시 기장군 기장읍,경상사고,0,0,2,0,차대차 - 정면충돌,중앙선침범,건조,맑음,교차로 - 교차로부근,승용,남,43세,상해없음,승용,남,37세,경상