사고번호,사고일시,요일,시군구,사고내용,사망자수,중상자수,경상자수,부상신고자수,사고유형,법규위반,노면상태,기상상태,도로형태,가해운전자 차종,가해운전자 성별,가해운전자 연령,가해운전자 상해정도,피해운전자 차종,피해운전자 성별,피해운전자 연령,피해운전자 상해정도
2021071500100503,2021년 7월 15일 19시,목요일,부산광역시 부산진구 가야동,경상사고,0,0,1,0,차대차 - 기타,신호위반,건조,맑음,교차로 - 교차로안,승용,여,23세,상해없음,승용,남,47세,경상
2021071500100533,2021년 7월 15일 20시,목요일,부산광역시 연제구 연산동,중상사고,0,2,0,0,차대사람 - 기타,안전운전불이행,건조,맑음,단일로 - 기타,승용,남,62세,상해없음,보행자,여,67세,중상
2021071500100534,2021년 7월 15일 20시,목요일,부산광역시 강서구 송정동,경상사고,0,0,1,0,차대차 - 측면충돌,신호위반,건조,맑음,교차로 - 교차로안,화물,남,56세,상해없음,승용,남,56세,경상
2021071500100535,2021년 7월 15일 20시,목요일,부산광역시 기장군 기장읍,경상사고,0,0,1,0,차대사람 - 기타,안전운전불이행,건조,맑음,기타 - 기타,자전거,여,69세,상해없음,보행자,여,47세,경상
2021071500100588,2021년 7월 15일 22시,목요일,부산광역시 해운대구 재송동,경상사고,0,0,1,0,차대사람 - 횡단중,신호위반,건조,맑음,교차로 - 교차로횡단보도내,이륜,남,28세,상해없음,보행자,여,18세,경상
2021071500100607,2021년 7월 15일 23시,목요일,부산광역시 동래구 온천동,사망사고,1,0,0,0,차대사람 - 기타,안전운전불이행,건조,맑음,단일로 - 기타,승용,남,44세,상해없음,보행자,남,55세,사망
2021071600100024,2021년 7월 16일 04시,금요일,부산광역시 부산진구 범천동,경상사고,0,0,1,0,차대사람 - 횡단중,신호위반,건조,맑음,단일로 - 기타,승용,남,56세,상해없음,보행자,남,56세,경상
2021071600100044,2021년 7월 16일 07시,금요일,부산광역시 서구 동대신동3가,경상사고,0,0,1,0,차대사람 - 횡단중,보행자보호의무위반,건조,맑음,교차로 - 교차로안,승용,남,38세,상해없음,보행자,남,35세,경상
2021071600100070,2021년 7월 16일 08시,금요일,부산광역시 부산진구 가야동,경상사고,0,0,2,0,차대차 - 기타,안전거리미확보,건조,맑음,단일로 - 기타,승용,여,35세,상해없음,승용,남,69세,경상
2021071600100071,2021년 7월 16일 08시,금요일,부산광역시 강서구 미음동,경상사고,0,0,1,0,차대차 - 측면충돌,안전거리미확보,건조,맑음,단일로 - 고가도로위,화물,남,31세,상해없음,승용,여,31세,경상
2021071600100104,2021년 7월 16일 09시,금요일,부산광역시 해운대구 반송동,경상사고,0,0,1,0,차대차 - 추돌,안전운전불이행,건조,맑음,단일로 - 기타,화물,남,60세,상해없음,화물,남,38세,경상
2021071600100105,2021년 7월 16일 09시,금요일,부산광역시 강서구 죽림동,경상사고,0,0,2,0,차대차 - 측면충돌,안전운전불이행,건조,맑음,교차로 - 교차로안,화물,남,63세,상해없음,승용,남,37세,경상
2021071600100106,2021년 7월 16일 09시,금요일,부산광역시 기장군 기장읍,경상사고,0,0,1,0,차대차 - 측면충돌,교차로운행방법위반,건조,맑음,교차로 - 교차로안,승용,여,49세,상해없음,승용,여,47세,경상
2021071600100147,2021년 7월 16일 10시,금요일,부산광역시 북구 금곡동,경상사고,0,0,1,0,차대차 - 기타,교차로운행방법위반,건조,맑음,교차로 - 교차로안,승용,남,60세,상해없음,승용,여,46세,경상
2021071600100148,2021년 7월 16일 10시,금요일,부산광역시 영도구 영선동4가,경상사고,0,0,1,0,차대사람 - 차도통행중,안전운전불이행,건조,맑음,교차로 - 교차로안,승용,여,24세,상해없음,보행자,여,79세,경상
2021071600100181,2021년 7월 16일 11시,금요일,부산광역시 부산진구 부전동,경상사고,0,0,1,0,차대차 - 기타,안전운전불이행,건조,맑음,교차로 - 교차로안,승용,남,78세,상해없음,이륜,남,28세,경상
2021071600100261,2021년 7월 16일 13시,금요일,부산광역시 북구 덕천동,중상사고,0,1,0,0,차대차 - 측면충돌,안전거리미확보,건조,맑음,단일로 - 지하차도(도로)내,이륜,남,17세,상해없음,승합,남,58세,상해없음
2021071600100262,2021년 7월 16일 13시,금요일,부산광역시 부산진구 부전동,경상사고,0,0,1,0,차대사람 - 차도통행중,안전운전불이행,건조,맑음,교차로 - 교차로안,화물,남,36세,상해없음,보행자,여,53세,경상
2021071600100263,2021년 7월 16일 13시,금요일,부산광역시 부산진구 전포동,경상사고,0,0,1,0,차대차 - 측면충돌,안전운전불이행,건조,맑음,교차로 - 교차로안,이륜,남,39세,경상,화물,남,30세,상해없음
2021071600100264,2021년 7월 16일 13시,금요일,부산광역시 연제구 연산동,경상사고,0,0,1,0,차대차 - 추돌,안전거리미확보,건조,맑음,단일로 - 기타,이륜,남,45세,경상,승용,남,36세,상해없음
2021071600100292,2021년 7월 16일 14시,금요일,부산광역시 서구 암남동,경상사고,0,0,2,0,차대차 - 후진중충돌,안전운전불이행,건조,맑음,단일로 - 기타,승용,남,21세,상해없음,승용,여,25세,경상
2021071600100293,2021년 7월 16일 14시,금요일,부산광역시 북구 구포동,경상사고,0,0,1,0,차대차 - 기타,안전운전불이행,건조,맑음,교차로 - 교차로안,승용,남,59세,상해없음,화물,남,54세,경상
2021071600100294,2021년 7월 16일 14시,금요일,부산광역시 동래구 온천동,경상사고,0,0,1,0,차대사람 - 기타,안전운전불이행,건조,맑음,단일로 - 기타,승용,남,64세,상해없음,보행자,남,54세,경상
2021071600100329,2021년 7월 16일 15시,금요일,부산광역시 북구 만덕동,부상신고사고,0,0,0,1,차량단독 - 전도전복 - 전도,안전운전불이행,건조,맑음,단일로 - 지하차도(도로)내,이륜,남,18세,부상신고,,,,
2021071600100330,2021년 7월 16일 15시,금요일,부산광역시 금정구 장전동,경상사고,0,0,4,0,차대차 - 기타,안전운전불이행,건조,맑음,기타 - 기타,승용,여,69세,상해없음,승합,남,54세,경상
2021071600100363,2021년 7월 16일 16시,금요일,부산광역시 남구 대연동,중상사고,0,1,0,0,차대차 - 측면충돌,안전운전불이행,건조,맑음,단일로 - 기타,자전거,남,78세,중상,승용,남,27세,상해없음
2021071600100364,2021년 7월 16일 16시,금요일,부산광역시 부산진구 부암동,중상사고,0,1,0,0,차량단독 - 기타,기타,건조,기타,단일로 - 기타,승합,남,55세,상해없음,,,,
2021071600100365,2021년 7월 16일 16시,금요일,부산광역시 사하구 신평동,경상사고,0,0,1,0,차대사람 - 횡단중,안전운전불이행,건조,맑음,교차로 - 교차로안,승용,여,53세,상해없음,보행자,여,57세,경상
2021071600100411,2021년 7월 16일 17시,금요일,부산광역시 해운대구 재송동,경상사고,0,0,1,0,차대사람 - 기타,신호위반,건조,맑음,단일로 - 기타,승용,남,69세,상해없음,보행자,여,20세,경상
2021071600100412,2021년 7월 16일 17시,금요일,부산광역시 사상구 학장동,경상사고,0,0,1,0,차대차 - 측면충돌,안전거리미확보,건조,맑음,교차로 - 교차로부근,승용,여,46세,상해없음,승용,남,34세,경상
2021071600100454,2021년 7월 16일 18시,금요일,부산광역시 동구 초량동,경상사고,0,0,1,0,차대차 - 기타,안전운전불이행,건조,맑음,교차로 - 교차로안,이륜,남,18세,상해없음,이륜,남,58세,경상
2021071600100455,2021년 7월 16일 18시,금요일,부산광역시 동래구 온천동,경상사고,0,0,1,0,차대차 - 기타,차로위반,건조,맑음,단일로 - 기타,화물,남,39세,상해없음,화물,남,31세,경상
2021071600100456,2021년 7월 16일 18시,금요일,부산광역시 사하구 감천동,중상사고,0,1,2,0,차대차 - 측면충돌,중앙선침범,건조,맑음,교차로 - 교차로부근,승용,여,48세,경상,승용,남,68세,경상
2021071600100457,2021년 7월 16일 18시,금요일,부산광역시 연제구 연산동,중상사고,0,1,0,1,차대차 - 추돌,직진우회전진행방해,건조,맑음,교차로 - 교차로안,원동기,남,53세,부상신고,승용,남,24세,중상
2021071600100458,2021년 7월 16일 18시,금요일,부산광역시 기장군 정관읍,중상사고,0,1,0,0,차대차 - 측면충돌,차로위반,건조,맑음,단일로 - 기타,승용,남,51세,상해없음,이륜,남,40세,중상
2021071600100520,2021년 7월 16일 19시,금요일,부산광역시 남구 대연동,중상사고,0,1,0,0,차대차 - 추돌,안전운전불이행,건조,맑음,교차로 - 교차로안,승용,남,30세,상해없음,이륜,남,32세,중상
2021071600100521,2021년 7월 16일 19시,금요일,부산광역시 북구 구포동,중상사고,0,1,0,0,차대차 - 기타,안전운전불이행,건조,맑음,단일로 - 지하차도(도로)내,승용,남,78세,상해없음,승합,남,40세,상해없음
2021071600100522,2021년 7월 16일 19시,금요일,부산광역시 강서구 신호동,경상사고,0,0,1,1,차대차 - 정면충돌,중앙선침범,건조,맑음,교차로 - 교차로안,승용,남,65세,상해없음,승용,남,29세,경상
2021071600100523,2021년 7월 16일 19시,금요일,부산광역시 사상구 엄궁동,중상사고,0,1,0,0,차대차 - 측면충돌,안전운전불이행,건조,맑음,교차로 - 교차로안,원동기,남,24세,상해없음,원동기,남,40세,중상
2021071600100569,2021년 7월 16일 20시,금요일,부산광역시 남구 대연동,경상사고,0,0,1,0,차대사람 - 기타,보행자보호의무위반,건조,맑음,단일로 - 기타,이륜,남,39세,상해없음,보행자,여,49세,경상
2021071600100570,2021년 7월 16일 20시,금요일,부산광역시 동래구 온천동,중상사고,0,1,2,0,차대차 - 정면충돌,신호위반,건조,맑음,교차로 - 교차로부근,이륜,남,33세,상해없음,승용,남,51세,경상
2021071600100571,2021년 7월 16일 20시,금요일,부산광역시 연제구 연산동,경상사고,0,0,1,0,차대차 - 측면충돌,안전운전불이행,건조,맑음,단일로 - 기타,승용,여,38세,상해없음,승용,여,47세,경상
2021071600100605,2021년 7월 16일 21시,금요일,부산광역시 서구 암남동,중상사고,0,1,0,0,차대차 - 측면충돌,안전운전불이행,건조,맑음,단일로 - 기타,승용,여,47세,상해없음,승용,남,59세,기타불명
2021071600100606,2021년 7월 16일 21시,금요일,부산광역시 북구 구포동,경상사고,0,0,1,0,차대차 - 추돌,안전운전불이행,건조,맑음,단일로 - 기타,화물,남,68세,상해없음,승용,남,42세,경상
2021071600100607,2021년 7월 16일 21시,금요일,부산광역시 북구 덕천동,경상사고,0,0,1,0,차대차 - 정면충돌,신호위반,건조,맑음,교차로 - 교차로안,승용,남,40세,상해없음,승용,여,64세,경상
2021071600100608,2021년 7월 16일 21시,금요일,부산광역시 동래구 온천동,경상사고,0,0,1,0,차대차 - 추돌,안전운전불이행,건조,맑음,단일로 - 기타,이륜,남,46세,상해없음,승용,남,65세,경상
2021071600100609,2021년 7월 16일 21시,금요일,부산광역시 기장군 정관읍,경상사고,0,0,1,0,차대차 - 측면충돌,신호위반,건조,맑음,교차로 - 교차로부근,이륜,남,40세,기타불명,승용,남,43세,경상
2021071600100651,2021년 7월 16일 22시,금요일,부산광역시 서구 남부민동,경상사고,0,0,1,1,차대차 - 추돌,안전거리미확보,젖음/습기,흐림,단일로 - 기타,이륜,남,45세,상해없음,승용,남,24세,경상
2021071600100652,2021년 7월 16일 22시,금요일,부산광역시 동래구 사직동,중상사고,0,1,1,0,차대차 - 측면충돌,신호위반,건조,맑음,교차로 - 교차로안,이륜,남,35세,중상,승용,남,46세,경상
2021071600100653,2021년 7월 16일 22시,금요일,부산광역시 동래구 수안동,경상사고,0,0,2,0,차대차 - 측면충돌,신호위반,건조,맑음,교차로 - 교차로안,승용,여,46세,상해없음,승용,남,61세,경상
2021071600100678,2021년 7월 16일 23시,금요일,부산광역시 해운대구 송정동,경상사고,0,0,1,0,차대사람 - 차도통행중,안전운전불이행,건조,맑음,단일로 - 기타,승용,남,69세,상해없음,보행자,남,53세,경상
2021071600100679,2021년 7월 16일 23시,금요일,부산광역시 강서구 명지동,경상사고,0,0,1,0,차대차 - 기타,신호위반,건조,맑음,교차로 - 교차로안,승용,남,34세,상해없음,승용,남,44세,경상
2021071700100041,2021년 7월 17일 05시,토요일,부산광역시 사상구 주례동,부상신고사고,0,0,0,1,차대사람 - 기타,안전운전불이행,건조,맑음,기타 - 기타,승용,남,30세,상해없음,보행자,여,77세,부상신고
2021071700100054,2021년 7월 17일 06시,토요일,부산광역시 동래구 온천동,중상사고,0,1,1,0,차대차 - 정면충돌,기타,젖음/습기,비,단일로 - 터널,승용,여,21세,상해없음,승용,남,46세,중상
2021071700100066,2021년 7월 17일 07시,토요일,부산광역시 동구 초량동,경상사고,0,0,1,0,차대차 - 측면충돌,안전거리미확보,건조,맑음,단일로 - 기타,화물,남,40세,상해없음,승용,남,42세,경상
2021071700100084,2021년 7월 17일 08시,토요일,부산광역시 중구 영주동,경상사고,0,0,1,1,차대차 - 정면충돌,안전운전불이행,건조,맑음,단일로 - 기타,승용,남,22세,경상,이륜,남,48세,부상신고
2021071700100106,2021년 7월 17일 09시,토요일,부산광역시 사하구 신평동,경상사고,0,0,1,0,차대차 - 기타,안전거리미확보,건조,맑음,단일로 - 기타,화물,남,51세,상해없음,건설기계,남,46세,경상
2021071700100136,2021년 7월 17일 10시,토요일,부산광역시 수영구 민락동,중상사고,0,1,1,0,차대차 - 측면충돌,안전운전불이행,건조,맑음,기타 - 기타,승용,남,54세,경상,승용,남,26세,중상
2021071700100137,2021년 7월 17일 10시,토요일,부산광역시 해운대구 우동,경상사고,0,0,1,0,차대차 - 측면충돌,신호위반,젖음/습기,비,단일로 - 기타,승용,남,62세,상해없음,승합,남,54세,경상
2021071700100138,2021년 7월 17일 10시,토요일,부산광역시 해운대구 좌동,경상사고,0,0,1,0,차대차 - 기타,기타,젖음/습기,비,교차로 - 교차로안,승용,여,41세,상해없음,승용,남,29세,경상
2021071700100139,2021년 7월 17일 10시,토요일,부산광역시 금정구 남산동,중상사고,0,2,0,0,차대차 - 측면충돌,직진우회전진행방해,젖음/습기,비,교차로 - 교차로안,이륜,남,49세,중상,승용,남,33세,중상
2021071700100172,2021년 7월 17일 11시,토요일,부산광역시 남구 용호동,경상사고,0,0,1,0,차대차 - 기타,교차로운행방법위반,건조,맑음,교차로 - 교차로안,승용,남,51세,기타불명,승용,남,34세,경상
2021071700100173,2021년 7월 17일 11시,토요일,부산광역시 부산진구 범천동,경상사고,0,0,1,0,차대차 - 측면충돌,차로위반,건조,맑음,단일로 - 기타,승용,남,33세,상해없음,이륜,남,24세,경상
2021071700100174,2021년 7월 17일 11시,토요일,부산광역시 금정구 부곡동,경상사고,0,0,1,0,차대차 - 기타,기타,건조,맑음,단일로 - 기타,승용,남,73세,상해없음,화물,남,55세,상해없음
2021071700100175,2021년 7월 17일 11시,토요일,부산광역시 사상구 감전동,경상사고,0,0,2,0,차대차 - 정면충돌,안전운전불이행,젖음/습기,비,기타 - 기타,승용,남,58세,상해없음,승용,남,78세,경상
2021071700100176,2021년 7월 17일 11시,토요일,부산광역시 사상구 괘법동,경상사고,0,0,1,0,차대사람 - 기타,기타,젖음/습기,흐림,단일로 - 기타,승용,남,65세,상해없음,보행자,남,48세,경상
2021071700100219,2021년 7월 17일 12시,토요일,부산광역시 해운대구 우동,경상사고,0,0,1,0,차대차 - 측면충돌,신호위반,건조,맑음,교차로 - 교차로횡단보도내,승용,남,31세,상해없음,자전거,여,38세,경상
2021071700100220,2021년 7월 17일 12시,토요일,부산광역시 수영구 망미동,중상사고,0,1,0,0,차대차 - 기타,안전운전불이행,건조,맑음,교차로 - 교차로부근,자전거,남,75세,중상,승용,남,58세,상해없음
2021071700100221,2021년 7월 17일 12시,토요일,부산광역시 사상구 모라동,경상사고,0,0,1,0,차대차 - 측면충돌,안전거리미확보,건조,맑음,교차로 - 교차로안,승용,남,65세,상해없음,승용,남,63세,경상
2021071700100296,2021년 7월 17일 14시,토요일,부산광역시 강서구 명지동,중상사고,0,1,0,0,차대차 - 기타,안전운전불이행,건조,맑음,단일로 - 기타,승용,남,26세,상해없음,이륜,남,32세,중상
2021071700100335,2021년 7월 17일 15시,토요일,부산광역시 사상구 감전동,중상사고,0,1,0,0,차대차 - 기타,신호위반,건조,맑음,단일로 - 기타,승용,남,58세,상해없음,이륜,남,30세,중상
2021071700100408,2021년 7월 17일 17시,토요일,부산광역시 동래구 명륜동,경상사고,0,0,1,0,차대사람 - 횡단중,신호위반,건조,맑음,단일로 - 기타,화물,남,80세,상해없음,보행자,여,27세,경상
2021071700100409,2021년 7월 17일 17시,토요일,부산광역시 부산진구 양정동,경상사고,0,0,1,0,차대차 - 정면충돌,기타,건조,맑음,교차로 - 교차로부근,기타불명,기타불명,미분류,기타불명,승용,여,68세,경상
2021071700100410,2021년 7월 17일 17시,토요일,부산광역시 기장군 일광면,경상사고,0,0,2,0,차대차 - 기타,안전운전불이행,건조,맑음,단일로 - 기타,승용,남,40세,상해없음,승용,남,24세,경상
2021071700100481,2021년 7월 17일 19시,토요일,부산광역시 해운대구 우동,중상사고,0,1,0,0,차대사람 - 차도통행중,안전운전불이행,건조,맑음,단일로 - 기타,기타불명,기타불명,미분류,기타불명,보행자,남,23세,중상
2021071700100509,2021년 7월 17일 20시,토요일,부산광역시 금정구 장전동,중상사고,0,1,0,0,차대차 - 기타,안전거리미확보,건조,맑음,단일로 - 기타,이륜,남,43세,중상,승용,남,26세,상해없음
2021071700100510,2021년 7월 17일 20시,토요일,부산광역시 사하구 장림동,중상사고,0,1,0,0,차대차 - 기타,안전운전불이행,건조,맑음,단일로 - 기타,이륜,남,31세,상해없음,화물,남,57세,기타불명
2021071700100544,2021년 7월 17일 21시,토요일,부산광역시 영도구 봉래동5가,경상사고,0,0,1,0,차대차 - 추돌,안전운전불이행,건조,맑음,단일로 - 기타,승용,남,74세,상해없음,승용,남,38세,경상
2021071700100545,2021년 7월 17일 21시,토요일,부산광역시 부산진구 연지동,경상사고,0,0,3,0,차대차 - 측면충돌,안전운전불이행,건조,맑음,단일로 - 기타,승용,남,38세,상해없음,승용,여,50세,경상
2021071700100578,2021년 7월 17일 22시,토요일,부산광역시 동구 초량동,중상사고,0,1,2,0,차대차 - 측면충돌,교차로운행방법위반,건조,맑음,교차로 - 교차로안,이륜,남,47세,중상,승용,여,46세,경상
2021071700100579,2021년 7월 17일 22시,토요일,부산광역시 수영구 광안동,경상사고,0,0,1,0,차대사람 - 차도통행중,안전운전불이행,건조,맑음,단일로 - 기타,자전거,남,60세,상해없음,보행자,여,10세,경상
2021071700100580,2021년 7월 17일 22시,토요일,부산광역시 남구 문현동,중상사고,0,1,0,0,차대차 - 추돌,안전운전불이행,건조,흐림,단일로 - 기타,승용,남,22세,상해없음,승용,여,57세,중상
2021071700100581,2021년 7월 17일 22시,토요일,부산광역시 연제구 연산동,경상사고,0,0,1,0,차대사람 - 보도통행중,안전운전불이행,건조,맑음,기타 - 기타,기타불명,기타불명,미분류,기타불명,보행자,남,55세,경상
2021071700100603,2021년 7월 17일 23시,토요일,부산광역시 동구 초량동,경상사고,0,0,1,0,차대사람 - 횡단중,보행자보호의무위반,건조,맑음,단일로 - 기타,승용,남,33세,상해없음,보행자,여,21세,경상
2021071700100604,2021년 7월 17일 23시,토요일,부산광역시 부산진구 부전동,경상사고,0,0,1,0,차대사람 - 차도통행중,안전운전불이행,건조,맑음,교차로 - 교차로안,승용,남,47세,상해없음,보행자,남,27세,경상
2021071700100605,2021년 7월 17일 23시,토요일,부산광역시 부산진구 부전동,경상사고,0,0,1,0,차대차 - 기타,안전운전불이행,건조,맑음,교차로 - 교차로부근,승용,여,33세,상해없음,승용,남,55세,경상
2021071700100606,2021년 7월 17일 23시,토요일,부산광역시 강서구 대저1동,경상사고,0,0,2,0,차대차 - 기타,안전운전불이행,건조,맑음,교차로 - 교차로부근,승용,남,55세,상해없음,승용,남,49세,경상
2021071800100025,2021년 7월 18일 02시,일요일,부산광역시 부산진구 부전동,중상사고,0,1,5,0,차대차 - 기타,신호위반,건조,맑음,교차로 - 교차로안,승용,남,35세,상해없음,승용,남,55세,경상
2021071800100064,2021년 7월 18일 09시,일요일,부산광역시 기장군 정관읍,중상사고,0,1,1,0,차대차 - 정면충돌,신호위반,건조,맑음,교차로 - 교차로안,승합,남,44세,상해없음,승용,여,28세,경상
2021071800100149,2021년 7월 18일 13시,일요일,부산광역시 사하구 당리동,부상신고사고,0,0,0,1,차대사람 - 기타,안전운전불이행,건조,맑음,단일로 - 기타,승용,남,33세,상해없음,보행자,남,5세,부상신고
2021071800100190,2021년 7월 18일 14시,일요일,부산광역시 금정구 남산동,경상사고,0,0,1,1,차대차 - 기타,교차로운행방법위반,건조,맑음,교차로 - 교차로안,이륜,남,24세,부상신고,승용,남,34세,경상
2021071800100219,2021년 7월 18일 15시,일요일,부산광역시 동래구 온천동,경상사고,0,0,1,0,차대차 - 추돌,안전운전불이행,건조,맑음,단일로 - 기타,승용,남,28세,상해없음,승용,남,51세,경상
2021071800100220,2021년 7월 18일 15시,일요일,부산광역시 강서구 대저1동,경상사고,0,0,4,0,차대차 - 측면충돌,안전운전불이행,건조,맑음,단일로 - 기타,승용,남,40세,경상,승용,남,37세,경상
2021071800100251,2021년 7월 18일 16시,일요일,부산광역시 동구 범일동,경상사고,0,0,1,0,차대차 - 기타,안전거리미확보,건조,맑음,단일로 - 기타,승용,남,48세,상해없음,승용,남,26세,상해없음
2021071800100252,2021년 7월 18일 16시,일요일,부산광역시 영도구 동삼동,경상사고,0,0,2,0,차대차 - 측면충돌,신호위반,건조,맑음,교차로 - 교차로안,화물,남,63세,상해없음,승용,남,71세,상해없음
2021071800100280,2021년 7월 18일 17시,일요일,부산광역시 금정구 부곡동,중상사고,0,2,2,0,차대차 - 추돌,안전거리미확보,건조,맑음,단일로 - 기타,승용,남,26세,상해없음,승용,남,41세,중상
2021071800100281,2021년 7월 18일 17시,일요일,부산광역시 강서구 신호동,중상사고,0,2,0,0,차대차 - 추돌,안전운전불이행,건조,맑음,단일로 - 기타,승용,여,47세,상해없음,승용,남,73세,중상
2021071800100312,2021년 7월 18일 18시,일요일,부산광역시 북구 화명동,중상사고,0,1,0,0,차대차 - 기타,중앙선침범,건조,맑음,단일로 - 기타,승용,남,48세,상해없음,이륜,남,42세,중상
2021071800100313,2021년 7월 18일 18시,일요일,부산광역시 금정구 장전동,부상신고사고,0,0,0,1,차대차 - 기타,안전운전불이행,건조,맑음,교차로 - 교차로안,승용,남,68세,상해없음,이륜,남,58세,부상신고
2021071800100341,2021년 7월 18일 19시,일요일,부산광역시 동래구 낙민동,경상사고,0,0,1,0,차대차 - 정면충돌,안전운전불이행,건조,맑음,교차로 - 교차로안,승용,남,59세,상해없음,승용,여,28세,경상
2021071800100391,2021년 7월 18일 21시,일요일,부산광역시 해운대구 좌동,중상사고,0,1,0,0,차대사람 - 횡단중,보행자보호의무위반,건조,맑음,교차로 - 교차로안,승용,남,21세,상해없음,보행자,남,28세,중상
2021071800100392,2021년 7월 18일 21시,일요일,부산광역시 부산진구 당감동,중상사고,0,1,0,0,차대차 - 기타,안전거리미확보,건조,맑음,교차로 - 교차로안,승용,남,55세,상해없음,이륜,남,37세,중상
2021071800100393,2021년 7월 18일 21시,일요일,부산광역시 수영구 망미동,중상사고,0,1,0,0,차대차 - 기타,안전거리미확보,건조,맑음,단일로 - 고가도로위,기타불명,기타불명,미분류,기타불명,승용,남,36세,중상
2021071800100394,2021년 7월 18일 21시,일요일,부산광역시 기장군 기장읍,중상사고,0,1,0,0,차대차 - 기타,안전운전불이행,건조,맑음,교차로 - 교차로안,이륜,남,29세,상해없음,이륜,남,35세,중상
2021071800100426,2021년 7월 18일 22시,일요일,부산광역시 동구 좌천동,경상사고,0,0,1,0,차대차 - 측면충돌,안전운전불이행,건조,맑음,단일로 - 기타,이륜,남,36세,경상,승용,남,35세,상해없음
2021071800100427,2021년 7월 18일 22시,일요일,부산광역시 영도구 대교동1가,경상사고,0,0,1,0,차대차 - 추돌,안전거리미확보,건조,맑음,단일로 - 기타,승용,남,68세,상해없음,승용,남,42세,경상
2021071800100445,2021년 7월 18일 23시,일요일,부산광역시 부산진구 전포동,중상사고,0,1,0,0,차대차 - 기타,신호위반,건조,맑음,교차로 - 교차로부근,승용,남,23세,상해없음,승용,남,25세,중상
2021071900100035,2021년 7월 19일 06시,월요일,부산광역시 수영구 민락동,경상사고,0,0,3,0,차대차 - 기타,안전운전불이행,건조,맑음,교차로 - 교차로부근,승용,남,50세,상해없음,승용,남,70세,경상
2021071900100082,2021년 7월 19일 08시,월요일,부산광역시 수영구 남천동,경상사고,0,0,4,0,차대차 - 기타,중앙선침범,건조,맑음,교차로 - 교차로부근,승용,남,29세,상해없음,승용,남,43세,상해없음
2021071900100083,2021년 7월 19일 08시,월요일,부산광역시 영도구 동삼동,경상사고,0,0,2,0,차대차 - 추돌,안전운전불이행,건조,맑음,주차장 - 주차장,승용,여,22세,기타불명,승용,여,22세,경상
2021071900100085,2021년 7월 19일 08시,월요일,부산광역시 사하구 장림동,경상사고,0,0,2,0,차대차 - 측면충돌,교차로운행방법위반,건조,맑음,교차로 - 교차로부근,승용,남,61세,상해없음,승용,남,51세,경상
2021071900100086,2021년 7월 19일 08시,월요일,부산광역시 사상구 삼락동,경상사고,0,0,1,0,차대차 - 추돌,안전운전불이행,건조,맑음,단일로 - 기타,승용,남,57세,상해없음,승용,남,52세,경상
2021071900100120,2021년 7월 19일 09시,월요일,부산광역시 수영구 망미동,경상사고,0,0,1,0,차대차 - 측면충돌,중앙선침범,건조,맑음,단일로 - 기타,승용,여,38세,상해없음,승용,남,55세,경상
2021071900100158,2021년 7월 19일 10시,월요일,부산광역시 금정구 남산동,중상사고,0,1,0,0,차대사람 - 기타,안전운전불이행,건조,맑음,교차로 - 교차로안,승용,남,60세,상해없음,보행자,여,71세,중상
2021071900100159,2021년 7월 19일 10시,월요일,부산광역시 연제구 거제동,중상사고,0,1,0,0,차대차 - 측면충돌,신호위반,건조,맑음,단일로 - 기타,승용,남,38세,상해없음,이륜,남,40세,중상
2021071900100189,2021년 7월 19일 11시,월요일,부산광역시 사상구 모라동,경상사고,0,0,1,0,차대차 - 추돌,안전운전불이행,건조,맑음,교차로 - 교차로부근,승용,남,42세,상해없음,승용,남,70세,경상
2021071900100190,2021년 7월 19일 11시,월요일,부산광역시 사상구 주례동,경상사고,0,0,1,0,차대차 - 기타,교차로운행방법위반,건조,맑음,교차로 - 교차로부근,승용,남,52세,상해없음,승용,남,62세,경상
2021071900100225,2021년 7월 19일 12시,월요일,부산광역시 동래구 명장동,경상사고,0,0,2,0,차대차 - 추돌,안전운전불이행,건조,맑음,교차로 - 교차로안,승용,남,75세,상해없음,승용,남,52세,경상
2021071900100263,2021년 7월 19일 13시,월요일,부산광역시 금정구 선동,경상사고,0,0,1,0,차대차 - 측면충돌,안전거리미확보,건조,맑음,단일로 - 기타,특수,남,54세,상해없음,승용,남,50세,경상
2021071900100294,2021년 7월 19일 14시,월요일,부산광역시 동구 좌천동,중상사고,0,1,3,0,차대차 - 추돌,안전운전불이행,건조,맑음,단일로 - 기타,승용,남,56세,상해없음,승용,남,60세,상해없음
2021071900100295,2021년 7월 19일 14시,월요일,부산광역시 동구 범일동,중상사고,0,1,0,0,차량단독 - 기타,안전운전불이행,건조,맑음,단일로 - 기타,승합,남,56세,상해없음,,,,
2021071900100296,2021년 7월 19일 14시,월요일,부산광역시 남구 감만동,경상사고,0,0,1,0,차대차 - 측면충돌,안전운전불이행,건조,흐림,단일로 - 기타,승용,여,69세,상해없음,승용,여,27세,경상
2021071900100341,2021년 7월 19일 15시,월요일,부산광역시 수영구 광안동,경상사고,0,0,1,0,차대차 - 측면충돌,안전운전불이행,건조,맑음,단일로 - 기타,승용,여,37세,상해없음,승용,여,33세,경상
2021071900100374,2021년 7월 19일 16시,월요일,부산광역시 금정구 부곡동,중상사고,0,1,0,0,차대차 - 추돌,안전운전불이행,건조,맑음,단일로 - 기타,승용,남,43세,상해없음,승용,여,42세,중상