사고번호,사고일시,요일,시군구,사고내용,사망자수,중상자수,경상자수,부상신고자수,사고유형,법규위반,노면상태,기상상태,도로형태,가해운전자 차종,가해운전자 성별,가해운전자 연령,가해운전자 상해정도,피해운전자 차종,피해운전자 성별,피해운전자 연령,피해운전자 상해정도
2021072300100180,2021년 7월 23일 11시,금요일,부산광역시 영도구 영선동4가,중상사고,0,1,0,0,차대차 - 측면충돌,교차로운행방법위반,건조,맑음,교차로 - 교차로안,승용,남,63세,상해없음,이륜,남,47세,중상
2021072300100181,2021년 7월 23일 11시,금요일,부산광역시 해운대구 우동,부상신고사고,0,0,0,1,차대사람 - 보도통행중,기타,건조,맑음,단일로 - 기타,이륜,남,53세,상해없음,보행자,여,25세,부상신고
2021072300100182,2021년 7월 23일 11시,금요일,부산광역시 동래구 안락동,중상사고,0,1,0,0,차대차 - 측면충돌,신호위반,건조,맑음,교차로 - 교차로안,승용,남,53세,상해없음,원동기,남,42세,중상
2021072300100215,2021년 7월 23일 12시,금요일,부산광역시 동래구 안락동,경상사고,0,0,1,0,차대차 - 후진중충돌,안전운전불이행,건조,맑음,교차로 - 교차로부근,화물,남,78세,상해없음,승용,남,52세,경상
2021072300100258,2021년 7월 23일 13시,금요일,부산광역시 중구 남포동6가,경상사고,0,0,3,0,차대차 - 추돌,안전운전불이행,건조,맑음,기타 - 기타,승용,남,43세,상해없음,승용,여,58세,경상
2021072300100259,2021년 7월 23일 13시,금요일,부산광역시 사상구 모라동,경상사고,0,0,1,0,차대차 - 측면충돌,차로위반,건조,맑음,단일로 - 기타,화물,남,54세,상해없음,원동기,남,17세,경상
2021072300100260,2021년 7월 23일 13시,금요일,부산광역시 기장군 정관읍,경상사고,0,0,1,0,차대차 - 추돌,안전운전불이행,건조,맑음,단일로 - 기타,승용,여,54세,상해없음,승용,남,26세,경상
2021072300100292,2021년 7월 23일 14시,금요일,부산광역시 해운대구 반여동,중상사고,0,1,0,0,차대차 - 측면충돌,안전거리미확보,건조,맑음,교차로 - 교차로부근,승용,남,63세,상해없음,승용,남,34세,중상
2021072300100293,2021년 7월 23일 14시,금요일,부산광역시 연제구 연산동,경상사고,0,0,1,0,차대사람 - 차도통행중,안전운전불이행,건조,맑음,단일로 - 기타,승용,여,43세,상해없음,보행자,여,60세,경상
2021072300100327,2021년 7월 23일 15시,금요일,부산광역시 사상구 감전동,경상사고,0,0,1,0,차대차 - 추돌,안전운전불이행,건조,맑음,단일로 - 지하차도(도로)내,승용,남,30세,상해없음,승용,여,53세,경상
2021072300100372,2021년 7월 23일 16시,금요일,부산광역시 수영구 망미동,경상사고,0,0,1,0,차대차 - 후진중충돌,불법유턴,건조,맑음,주차장 - 주차장,승용,남,68세,상해없음,승용,남,40세,경상
2021072300100373,2021년 7월 23일 16시,금요일,부산광역시 강서구 범방동,경상사고,0,0,1,1,차대차 - 기타,안전운전불이행,건조,맑음,단일로 - 기타,화물,남,62세,상해없음,승용,남,59세,상해없음
2021072300100427,2021년 7월 23일 17시,금요일,부산광역시 동래구 낙민동,중상사고,0,1,0,0,차대차 - 기타,신호위반,건조,맑음,교차로 - 교차로안,승용,남,68세,상해없음,이륜,남,68세,중상
2021072300100475,2021년 7월 23일 18시,금요일,부산광역시 부산진구 부전동,경상사고,0,0,1,0,차대사람 - 차도통행중,안전운전불이행,건조,맑음,단일로 - 기타,승용,남,38세,기타불명,보행자,여,33세,경상
2021072300100476,2021년 7월 23일 18시,금요일,부산광역시 부산진구 당감동,경상사고,0,0,1,0,차대차 - 측면충돌,안전운전불이행,건조,맑음,교차로 - 교차로안,승용,남,76세,상해없음,이륜,남,34세,경상
2021072300100477,2021년 7월 23일 18시,금요일,부산광역시 금정구 장전동,부상신고사고,0,0,0,2,차대차 - 추돌,안전운전불이행,건조,맑음,단일로 - 기타,승용,남,38세,상해없음,승용,남,52세,부상신고
2021072300100571,2021년 7월 23일 20시,금요일,부산광역시 동래구 안락동,경상사고,0,0,1,0,차대차 - 기타,안전운전불이행,건조,맑음,교차로 - 교차로부근,승용,여,47세,상해없음,이륜,남,25세,경상
2021072300100572,2021년 7월 23일 20시,금요일,부산광역시 사하구 하단동,중상사고,0,1,0,0,차대차 - 기타,신호위반,건조,맑음,교차로 - 교차로안,승용,여,63세,상해없음,이륜,남,42세,중상
2021072300100573,2021년 7월 23일 20시,금요일,부산광역시 사상구 감전동,경상사고,0,0,1,0,차대차 - 측면충돌,신호위반,건조,맑음,교차로 - 교차로안,승용,남,69세,기타불명,승용,남,40세,경상
2021072300100604,2021년 7월 23일 21시,금요일,부산광역시 금정구 회동동,경상사고,0,0,1,0,차대차 - 기타,안전운전불이행,건조,맑음,단일로 - 기타,기타불명,기타불명,미분류,기타불명,승용,남,52세,경상
2021072300100624,2021년 7월 23일 22시,금요일,부산광역시 수영구 광안동,경상사고,0,0,1,0,차대차 - 기타,기타,건조,맑음,단일로 - 기타,승용,여,55세,상해없음,이륜,남,26세,경상
2021072300100649,2021년 7월 23일 23시,금요일,부산광역시 동래구 사직동,경상사고,0,0,1,0,차대차 - 추돌,차로위반,건조,맑음,단일로 - 기타,승용,남,59세,상해없음,이륜,남,19세,경상
2021072300100650,2021년 7월 23일 23시,금요일,부산광역시 영도구 청학동,경상사고,0,0,1,1,차대사람 - 기타,안전운전불이행,건조,맑음,단일로 - 기타,이륜,남,56세,부상신고,보행자,남,27세,경상
2021072300100651,2021년 7월 23일 23시,금요일,부산광역시 연제구 연산동,부상신고사고,0,0,0,1,차대차 - 기타,안전운전불이행,건조,맑음,단일로 - 기타,기타불명,기타불명,미분류,기타불명,자전거,남,58세,부상신고
2021072400100013,2021년 7월 24일 01시,토요일,부산광역시 해운대구 중동,경상사고,0,0,1,0,차대차 - 측면충돌,안전운전불이행,건조,맑음,교차로 - 교차로부근,승용,남,63세,상해없음,승용,남,63세,경상
2021072400100079,2021년 7월 24일 09시,토요일,부산광역시 해운대구 석대동,경상사고,0,0,1,0,차대차 - 기타,안전운전불이행,건조,맑음,단일로 - 기타,승용,남,50세,경상,승용,남,66세,상해없음
2021072400100080,2021년 7월 24일 09시,토요일,부산광역시 기장군 정관읍,경상사고,0,0,2,0,차대차 - 측면충돌,안전운전불이행,건조,맑음,교차로 - 교차로안,승용,남,20세,상해없음,승용,남,67세,경상
2021072400100108,2021년 7월 24일 10시,토요일,부산광역시 서구 초장동,중상사고,0,1,0,0,차대차 - 기타,안전운전불이행,건조,맑음,단일로 - 기타,자전거,남,49세,중상,승용,남,50세,상해없음
2021072400100109,2021년 7월 24일 10시,토요일,부산광역시 해운대구 반여동,경상사고,0,0,2,0,차대차 - 추돌,안전운전불이행,건조,맑음,교차로 - 교차로부근,승용,남,27세,상해없음,승용,여,41세,경상
2021072400100150,2021년 7월 24일 11시,토요일,부산광역시 동래구 안락동,경상사고,0,0,1,0,차대사람 - 횡단중,보행자보호의무위반,건조,맑음,교차로 - 교차로안,화물,남,40세,상해없음,보행자,남,76세,경상
2021072400100151,2021년 7월 24일 11시,토요일,부산광역시 금정구 부곡동,중상사고,0,1,0,0,차대사람 - 기타,보행자보호의무위반,건조,맑음,교차로 - 교차로횡단보도내,승합,남,47세,기타불명,보행자,여,83세,중상
2021072400100197,2021년 7월 24일 12시,토요일,부산광역시 부산진구 가야동,경상사고,0,0,1,0,차대차 - 측면충돌,신호위반,건조,맑음,교차로 - 교차로안,승용,남,38세,상해없음,이륜,남,27세,경상
2021072400100230,2021년 7월 24일 13시,토요일,부산광역시 수영구 광안동,경상사고,0,0,1,0,차대사람 - 횡단중,기타,건조,맑음,단일로 - 기타,원동기,남,29세,상해없음,보행자,남,53세,경상
2021072400100231,2021년 7월 24일 13시,토요일,부산광역시 연제구 연산동,경상사고,0,0,3,0,차대차 - 추돌,신호위반,건조,맑음,교차로 - 교차로안,승용,남,70세,상해없음,승용,남,33세,경상
2021072400100273,2021년 7월 24일 14시,토요일,부산광역시 중구 부평동4가,중상사고,0,1,0,0,차대차 - 정면충돌,안전운전불이행,건조,맑음,교차로 - 교차로안,이륜,남,48세,중상,승용,남,67세,상해없음
2021072400100274,2021년 7월 24일 14시,토요일,부산광역시 부산진구 범천동,중상사고,0,1,0,0,차대차 - 추돌,직진우회전진행방해,건조,맑음,교차로 - 교차로안,승용,여,35세,상해없음,이륜,남,39세,중상
2021072400100275,2021년 7월 24일 14시,토요일,부산광역시 사하구 하단동,경상사고,0,0,1,0,차대차 - 기타,안전운전불이행,건조,맑음,교차로 - 교차로안,이륜,남,31세,경상,승용,남,63세,상해없음
2021072400100318,2021년 7월 24일 15시,토요일,부산광역시 금정구 장전동,경상사고,0,0,3,0,차대차 - 정면충돌,중앙선침범,건조,맑음,교차로 - 교차로부근,승용,남,74세,상해없음,승용,남,37세,경상
2021072400100319,2021년 7월 24일 15시,토요일,부산광역시 금정구 구서동,경상사고,0,0,1,0,차대차 - 추돌,안전운전불이행,건조,맑음,단일로 - 기타,승용,남,63세,상해없음,승용,남,28세,경상
2021072400100348,2021년 7월 24일 16시,토요일,부산광역시 서구 동대신동1가,경상사고,0,0,2,0,차대차 - 측면충돌,안전운전불이행,건조,맑음,단일로 - 기타,승용,여,34세,상해없음,승용,여,70세,경상
2021072400100349,2021년 7월 24일 16시,토요일,부산광역시 서구 암남동,경상사고,0,0,1,0,차대차 - 정면충돌,차로위반,건조,맑음,단일로 - 교량,승용,남,50세,상해없음,승용,남,33세,경상
2021072400100428,2021년 7월 24일 18시,토요일,부산광역시 남구 문현동,경상사고,0,0,1,0,차대차 - 기타,안전운전불이행,건조,맑음,교차로 - 교차로안,승용,남,47세,상해없음,승용,여,56세,경상
2021072400100429,2021년 7월 24일 18시,토요일,부산광역시 사하구 구평동,경상사고,0,0,2,0,차대차 - 추돌,안전거리미확보,건조,맑음,단일로 - 기타,승용,남,37세,상해없음,승용,남,75세,경상
2021072400100467,2021년 7월 24일 19시,토요일,부산광역시 부산진구 범천동,부상신고사고,0,0,0,1,차대차 - 추돌,기타,건조,맑음,교차로 - 교차로부근,이륜,남,28세,부상신고,기타불명,기타불명,미분류,기타불명
2021072400100468,2021년 7월 24일 19시,토요일,부산광역시 사하구 구평동,중상사고,0,1,0,0,차대차 - 기타,중앙선침범,건조,맑음,단일로 - 기타,승용,남,28세,상해없음,이륜,남,25세,중상
2021072400100489,2021년 7월 24일 20시,토요일,부산광역시 동래구 사직동,경상사고,0,0,1,0,차대차 - 측면충돌,기타,건조,맑음,교차로 - 교차로안,승용,남,66세,기타불명,승용,남,61세,상해없음
2021072400100560,2021년 7월 24일 22시,토요일,부산광역시 동구 범일동,경상사고,0,0,1,0,차대사람 - 기타,안전운전불이행,건조,맑음,단일로 - 기타,승용,남,67세,상해없음,보행자,남,40세,경상
2021072400100561,2021년 7월 24일 22시,토요일,부산광역시 연제구 연산동,경상사고,0,0,2,0,차대차 - 기타,신호위반,건조,맑음,교차로 - 교차로안,승용,여,33세,상해없음,승용,남,66세,경상
2021072400100562,2021년 7월 24일 22시,토요일,부산광역시 사상구 모라동,경상사고,0,0,1,0,차대차 - 측면충돌,차로위반,건조,맑음,단일로 - 기타,화물,남,44세,상해없음,승용,여,44세,경상
2021072400100581,2021년 7월 24일 23시,토요일,부산광역시 사하구 하단동,경상사고,0,0,1,0,차대차 - 기타,신호위반,젖음/습기,비,교차로 - 교차로안,승용,남,44세,기타불명,승용,남,33세,경상
2021072500100002,2021년 7월 25일 00시,일요일,부산광역시 동래구 명장동,경상사고,0,0,1,0,차대차 - 측면충돌,안전운전불이행,건조,맑음,교차로 - 교차로안,승용,여,63세,상해없음,이륜,남,30세,경상
2021072500100034,2021년 7월 25일 05시,일요일,부산광역시 부산진구 개금동,경상사고,0,0,1,0,차대차 - 기타,안전운전불이행,건조,맑음,교차로 - 교차로안,이륜,남,16세,상해없음,화물,남,53세,경상
2021072500100047,2021년 7월 25일 07시,일요일,부산광역시 강서구 송정동,경상사고,0,0,2,0,차대차 - 측면충돌,신호위반,건조,맑음,교차로 - 교차로안,특수,남,50세,상해없음,승용,남,24세,경상
2021072500100092,2021년 7월 25일 11시,일요일,부산광역시 동구 좌천동,경상사고,0,0,1,0,차대차 - 기타,안전운전불이행,건조,맑음,교차로 - 교차로안,승용,남,66세,상해없음,화물,남,50세,상해없음
2021072500100093,2021년 7월 25일 11시,일요일,부산광역시 해운대구 중동,경상사고,0,0,1,0,차대차 - 측면충돌,교차로운행방법위반,건조,맑음,교차로 - 교차로안,승용,남,55세,상해없음,승용,남,52세,경상
2021072500100094,2021년 7월 25일 11시,일요일,부산광역시 기장군 기장읍,경상사고,0,0,1,0,차대사람 - 횡단중,안전운전불이행,건조,맑음,교차로 - 교차로안,승용,남,31세,상해없음,보행자,여,42세,경상
2021072500100149,2021년 7월 25일 13시,일요일,부산광역시 해운대구 송정동,경상사고,0,0,1,0,차대사람 - 횡단중,보행자보호의무위반,건조,맑음,단일로 - 기타,승용,남,63세,상해없음,보행자,남,59세,경상
2021072500100150,2021년 7월 25일 13시,일요일,부산광역시 해운대구 송정동,경상사고,0,0,5,1,차대차 - 정면충돌,안전운전불이행,건조,맑음,교차로 - 교차로안,승용,여,18세,경상,승용,남,27세,경상
2021072500100151,2021년 7월 25일 13시,일요일,부산광역시 연제구 연산동,경상사고,0,0,1,0,차대차 - 기타,중앙선침범,건조,맑음,교차로 - 교차로안,이륜,남,17세,기타불명,승용,남,26세,경상
2021072500100184,2021년 7월 25일 14시,일요일,부산광역시 부산진구 연지동,중상사고,0,1,0,0,차대차 - 기타,안전운전불이행,건조,맑음,교차로 - 교차로안,승용,남,68세,상해없음,이륜,여,59세,중상
2021072500100185,2021년 7월 25일 14시,일요일,부산광역시 강서구 명지동,경상사고,0,0,1,0,차대차 - 기타,안전거리미확보,건조,맑음,단일로 - 기타,승용,여,51세,기타불명,원동기,남,21세,경상
2021072500100215,2021년 7월 25일 15시,일요일,부산광역시 부산진구 양정동,경상사고,0,0,1,0,차대차 - 추돌,안전거리미확보,건조,맑음,교차로 - 교차로부근,화물,남,62세,상해없음,승용,여,25세,경상
2021072500100216,2021년 7월 25일 15시,일요일,부산광역시 금정구 부곡동,경상사고,0,0,1,0,차대사람 - 횡단중,안전운전불이행,건조,맑음,교차로 - 교차로안,승용,남,51세,상해없음,보행자,여,72세,경상
2021072500100217,2021년 7월 25일 15시,일요일,부산광역시 기장군 기장읍,중상사고,0,1,0,0,차대차 - 추돌,안전거리미확보,건조,맑음,단일로 - 기타,승용,남,39세,상해없음,승용,남,29세,중상
2021072500100250,2021년 7월 25일 16시,일요일,부산광역시 금정구 장전동,중상사고,0,1,0,0,차대차 - 측면충돌,안전운전불이행,건조,맑음,교차로 - 교차로횡단보도내,자전거,남,70세,중상,승용,남,35세,상해없음
2021072500100251,2021년 7월 25일 16시,일요일,부산광역시 금정구 구서동,중상사고,0,1,1,0,차대차 - 기타,안전운전불이행,건조,맑음,단일로 - 기타,승용,여,25세,상해없음,승용,여,67세,중상
2021072500100252,2021년 7월 25일 16시,일요일,부산광역시 금정구 금사동,경상사고,0,0,2,1,차대차 - 측면충돌,안전거리미확보,건조,맑음,교차로 - 교차로안,승용,남,62세,부상신고,승용,남,72세,경상
2021072500100283,2021년 7월 25일 17시,일요일,부산광역시 영도구 동삼동,경상사고,0,0,2,1,차대차 - 기타,기타,건조,맑음,교차로 - 교차로안,이륜,남,42세,부상신고,승용,여,25세,경상
2021072500100284,2021년 7월 25일 17시,일요일,부산광역시 부산진구 당감동,경상사고,0,0,3,0,차대차 - 측면충돌,안전거리미확보,건조,맑음,기타 - 기타,이륜,남,58세,경상,승용,여,39세,경상
2021072500100285,2021년 7월 25일 17시,일요일,부산광역시 기장군 일광면,경상사고,0,0,1,0,차대차 - 추돌,안전운전불이행,건조,맑음,단일로 - 기타,이륜,남,29세,상해없음,승용,여,53세,경상
2021072500100316,2021년 7월 25일 18시,일요일,부산광역시 동구 수정동,중상사고,0,1,1,0,차대차 - 측면충돌,교차로운행방법위반,건조,맑음,교차로 - 교차로안,특수,남,23세,경상,이륜,남,60세,중상
2021072500100317,2021년 7월 25일 18시,일요일,부산광역시 남구 대연동,경상사고,0,0,1,0,차대차 - 기타,안전운전불이행,건조,맑음,기타 - 기타,승용,여,62세,상해없음,이륜,남,40세,경상
2021072500100352,2021년 7월 25일 19시,일요일,부산광역시 동래구 사직동,경상사고,0,0,1,0,차대사람 - 차도통행중,안전운전불이행,건조,맑음,단일로 - 기타,승용,남,54세,상해없음,보행자,남,49세,경상
2021072500100353,2021년 7월 25일 19시,일요일,부산광역시 동래구 명륜동,경상사고,0,0,1,0,차대차 - 측면충돌,안전운전불이행,건조,맑음,단일로 - 기타,승용,여,48세,상해없음,이륜,여,42세,경상
2021072500100379,2021년 7월 25일 20시,일요일,부산광역시 동래구 명장동,경상사고,0,0,1,0,차대사람 - 보도통행중,안전운전불이행,건조,맑음,단일로 - 기타,승용,남,27세,상해없음,보행자,남,69세,경상
2021072500100403,2021년 7월 25일 21시,일요일,부산광역시 부산진구 전포동,중상사고,0,1,0,0,차대차 - 추돌,안전거리미확보,건조,맑음,교차로 - 교차로안,이륜,남,37세,상해없음,이륜,남,24세,중상
2021072500100421,2021년 7월 25일 22시,일요일,부산광역시 남구 용호동,경상사고,0,0,3,0,차대차 - 추돌,안전운전불이행,건조,맑음,교차로 - 교차로부근,승용,남,28세,상해없음,승용,남,59세,경상
2021072500100422,2021년 7월 25일 22시,일요일,부산광역시 연제구 연산동,경상사고,0,0,1,0,차대사람 - 기타,안전운전불이행,건조,맑음,단일로 - 기타,승용,남,20세,상해없음,보행자,남,40세,경상
2021072600100045,2021년 7월 26일 07시,월요일,부산광역시 영도구 청학동,경상사고,0,0,1,0,차대차 - 기타,안전거리미확보,건조,맑음,단일로 - 기타,건설기계,남,63세,상해없음,승용,남,42세,경상
2021072600100072,2021년 7월 26일 08시,월요일,부산광역시 서구 서대신동3가,경상사고,0,0,1,0,차대차 - 측면충돌,직진우회전진행방해,건조,맑음,교차로 - 교차로안,승용,여,59세,상해없음,승용,여,45세,경상
2021072600100106,2021년 7월 26일 09시,월요일,부산광역시 부산진구 범천동,경상사고,0,0,1,0,차대차 - 측면충돌,안전운전불이행,건조,맑음,교차로 - 교차로안,화물,남,61세,상해없음,승용,남,27세,경상
2021072600100107,2021년 7월 26일 09시,월요일,부산광역시 금정구 부곡동,경상사고,0,0,1,0,차대차 - 기타,직진우회전진행방해,건조,맑음,교차로 - 교차로안,승용,남,55세,상해없음,승용,남,43세,경상
2021072600100108,2021년 7월 26일 09시,월요일,부산광역시 사하구 하단동,경상사고,0,0,1,0,차대차 - 기타,교차로운행방법위반,건조,맑음,교차로 - 교차로부근,화물,남,75세,기타불명,승용,여,60세,경상
2021072600100187,2021년 7월 26일 11시,월요일,부산광역시 북구 덕천동,중상사고,0,1,0,0,차대차 - 추돌,안전거리미확보,건조,맑음,교차로 - 교차로부근,건설기계,남,68세,상해없음,승용,여,64세,중상
2021072600100188,2021년 7월 26일 11시,월요일,부산광역시 해운대구 우동,사망사고,1,0,0,0,차량단독 - 공작물충돌,안전운전불이행,건조,맑음,단일로 - 기타,승용,남,57세,사망,,,,
2021072600100189,2021년 7월 26일 11시,월요일,부산광역시 해운대구 재송동,경상사고,0,0,1,0,차대차 - 측면충돌,안전거리미확보,건조,맑음,단일로 - 기타,특수,남,60세,상해없음,승용,남,33세,경상
2021072600100190,2021년 7월 26일 11시,월요일,부산광역시 부산진구 부전동,중상사고,0,1,0,0,차대사람 - 횡단중,보행자보호의무위반,건조,맑음,교차로 - 교차로횡단보도내,승용,남,72세,기타불명,보행자,남,83세,중상
2021072600100191,2021년 7월 26일 11시,월요일,부산광역시 사상구 모라동,중상사고,0,1,0,0,차대차 - 측면충돌,안전운전불이행,건조,맑음,교차로 - 교차로부근,승용,여,47세,기타불명,승합,남,55세,중상
2021072600100243,2021년 7월 26일 12시,월요일,부산광역시 수영구 남천동,경상사고,0,0,1,0,차대차 - 측면충돌,교차로운행방법위반,건조,맑음,교차로 - 교차로안,승용,남,51세,기타불명,승용,남,32세,경상
2021072600100244,2021년 7월 26일 12시,월요일,부산광역시 북구 구포동,경상사고,0,0,1,0,차대차 - 측면충돌,안전운전불이행,건조,맑음,교차로 - 교차로부근,승용,남,54세,경상,이륜,남,46세,상해없음
2021072600100245,2021년 7월 26일 12시,월요일,부산광역시 동래구 명륜동,경상사고,0,0,1,0,차대차 - 기타,안전운전불이행,건조,맑음,교차로 - 교차로안,기타불명,기타불명,미분류,기타불명,승용,여,57세,상해없음
2021072600100246,2021년 7월 26일 12시,월요일,부산광역시 연제구 연산동,경상사고,0,0,1,0,차대차 - 측면충돌,안전거리미확보,건조,맑음,단일로 - 기타,승용,남,68세,상해없음,승용,여,73세,경상
2021072600100247,2021년 7월 26일 12시,월요일,부산광역시 강서구 대저2동,경상사고,0,0,2,0,차대차 - 기타,안전운전불이행,건조,맑음,단일로 - 기타,승용,남,70세,상해없음,화물,남,63세,경상
2021072600100283,2021년 7월 26일 13시,월요일,부산광역시 부산진구 양정동,경상사고,0,0,1,0,차대차 - 기타,교차로운행방법위반,건조,맑음,교차로 - 교차로부근,승용,남,50세,상해없음,승합,남,55세,상해없음
2021072600100284,2021년 7월 26일 13시,월요일,부산광역시 부산진구 전포동,경상사고,0,0,1,0,차대차 - 기타,안전운전불이행,건조,맑음,단일로 - 기타,승용,여,50세,상해없음,원동기,남,23세,경상
2021072600100285,2021년 7월 26일 13시,월요일,부산광역시 사하구 하단동,경상사고,0,0,1,0,차대차 - 기타,신호위반,건조,맑음,교차로 - 교차로안,승용,남,79세,상해없음,이륜,남,22세,경상
2021072600100316,2021년 7월 26일 14시,월요일,부산광역시 동래구 온천동,경상사고,0,0,1,0,차대차 - 측면충돌,안전운전불이행,건조,맑음,단일로 - 기타,건설기계,남,73세,상해없음,승용,여,32세,경상
2021072600100317,2021년 7월 26일 14시,월요일,부산광역시 동래구 안락동,중상사고,0,1,0,0,차대차 - 기타,신호위반,건조,맑음,교차로 - 교차로안,승합,남,57세,상해없음,이륜,남,61세,중상
2021072600100318,2021년 7월 26일 14시,월요일,부산광역시 강서구 명지동,경상사고,0,0,1,0,차대차 - 기타,안전운전불이행,건조,맑음,단일로 - 기타,건설기계,남,63세,상해없음,건설기계,남,40세,경상
2021072600100359,2021년 7월 26일 15시,월요일,부산광역시 해운대구 재송동,중상사고,0,1,0,0,차대차 - 측면충돌,교차로운행방법위반,건조,맑음,교차로 - 교차로안,승용,남,46세,상해없음,이륜,남,47세,중상
2021072600100387,2021년 7월 26일 16시,월요일,부산광역시 남구 우암동,경상사고,0,0,1,0,차대차 - 측면충돌,안전거리미확보,건조,맑음,교차로 - 교차로안,특수,남,39세,상해없음,승용,여,41세,경상
2021072600100388,2021년 7월 26일 16시,월요일,부산광역시 해운대구 송정동,경상사고,0,0,1,1,차대차 - 기타,안전운전불이행,건조,맑음,단일로 - 기타,승용,여,38세,상해없음,승용,남,34세,경상
2021072600100423,2021년 7월 26일 17시,월요일,부산광역시 수영구 광안동,경상사고,0,0,1,0,차대사람 - 차도통행중,안전운전불이행,건조,맑음,단일로 - 기타,이륜,남,45세,상해없음,보행자,여,49세,경상
2021072600100471,2021년 7월 26일 18시,월요일,부산광역시 북구 만덕동,중상사고,0,1,0,0,차대사람 - 기타,신호위반,건조,맑음,단일로 - 기타,승용,남,36세,상해없음,보행자,여,72세,중상
2021072600100472,2021년 7월 26일 18시,월요일,부산광역시 사하구 신평동,중상사고,0,1,0,1,차대차 - 측면충돌,안전운전불이행,건조,맑음,기타 - 기타,이륜,남,54세,부상신고,자전거,남,60세,중상
2021072600100473,2021년 7월 26일 18시,월요일,부산광역시 연제구 거제동,경상사고,0,0,2,0,차대차 - 기타,교차로운행방법위반,건조,맑음,교차로 - 교차로안,승용,남,56세,상해없음,승용,여,41세,경상
2021072600100474,2021년 7월 26일 18시,월요일,부산광역시 사상구 감전동,중상사고,0,1,0,0,차대차 - 측면충돌,안전거리미확보,건조,맑음,단일로 - 기타,승용,남,58세,상해없음,이륜,남,28세,중상
2021072600100521,2021년 7월 26일 19시,월요일,부산광역시 북구 금곡동,경상사고,0,0,1,0,차대차 - 기타,안전운전불이행,건조,맑음,단일로 - 기타,특수,남,67세,상해없음,화물,남,63세,경상
2021072600100522,2021년 7월 26일 19시,월요일,부산광역시 영도구 봉래동3가,경상사고,0,0,3,0,차대차 - 측면충돌,차로위반,건조,맑음,단일로 - 기타,승용,남,65세,상해없음,승용,남,40세,경상
2021072600100523,2021년 7월 26일 19시,월요일,부산광역시 부산진구 전포동,경상사고,0,0,1,0,차대차 - 기타,신호위반,건조,맑음,교차로 - 교차로안,승용,남,23세,상해없음,이륜,남,49세,경상
2021072600100525,2021년 7월 26일 19시,월요일,부산광역시 사상구 모라동,경상사고,0,0,1,0,차대차 - 추돌,안전운전불이행,건조,맑음,단일로 - 교량,승용,남,63세,상해없음,승용,남,28세,경상
2021072600100551,2021년 7월 26일 20시,월요일,부산광역시 영도구 청학동,중상사고,0,2,0,0,차대차 - 측면충돌,신호위반,건조,맑음,교차로 - 교차로안,승용,남,38세,상해없음,이륜,남,20세,중상
2021072600100582,2021년 7월 26일 21시,월요일,부산광역시 기장군 기장읍,중상사고,0,1,0,0,차대차 - 기타,교차로운행방법위반,건조,맑음,교차로 - 교차로부근,승용,여,54세,상해없음,자전거,남,18세,중상
2021072600100610,2021년 7월 26일 22시,월요일,부산광역시 동래구 온천동,경상사고,0,0,1,0,차대차 - 기타,안전운전불이행,건조,맑음,교차로 - 교차로안,승용,여,57세,상해없음,승용,여,25세,경상
2021072600100629,2021년 7월 26일 23시,월요일,부산광역시 동래구 안락동,경상사고,0,0,1,0,차대사람 - 기타,안전운전불이행,건조,맑음,교차로 - 교차로안,화물,남,57세,상해없음,보행자,남,22세,경상
2021072700100024,2021년 7월 27일 05시,화요일,부산광역시 동래구 낙민동,경상사고,0,0,1,0,차대차 - 측면충돌,직진우회전진행방해,건조,맑음,교차로 - 교차로안,화물,남,67세,기타불명,승용,남,29세,경상
2021072700100035,2021년 7월 27일 06시,화요일,부산광역시 동래구 안락동,경상사고,0,0,1,0,차대차 - 정면충돌,안전운전불이행,건조,맑음,단일로 - 기타,자전거,남,49세,상해없음,자전거,여,53세,경상
2021072700100036,2021년 7월 27일 06시,화요일,부산광역시 사하구 괴정동,중상사고,0,1,0,0,차대사람 - 횡단중,안전운전불이행,건조,맑음,단일로 - 기타,승용,남,66세,상해없음,보행자,여,71세,중상
2021072700100037,2021년 7월 27일 06시,화요일,부산광역시 강서구 송정동,중상사고,0,1,0,0,차대차 - 기타,신호위반,건조,맑음,교차로 - 교차로부근,승용,남,58세,기타불명,승용,남,51세,중상
2021072700100058,2021년 7월 27일 07시,화요일,부산광역시 금정구 서동,중상사고,0,1,0,0,차대사람 - 횡단중,안전운전불이행,건조,맑음,교차로 - 교차로안,화물,남,61세,상해없음,보행자,여,60세,중상
2021072700100084,2021년 7월 27일 08시,화요일,부산광역시 수영구 남천동,중상사고,0,1,0,0,차대차 - 기타,신호위반,건조,맑음,교차로 - 교차로안,승용,남,31세,상해없음,이륜,남,39세,중상
2021072700100122,2021년 7월 27일 09시,화요일,부산광역시 동구 초량동,중상사고,0,1,0,0,차량단독 - 기타,안전운전불이행,건조,맑음,단일로 - 기타,승합,남,47세,상해없음,,,,
2021072700100196,2021년 7월 27일 11시,화요일,부산광역시 북구 만덕동,경상사고,0,0,1,0,차대차 - 기타,안전운전불이행,건조,맑음,단일로 - 기타,승용,여,45세,상해없음,승용,여,56세,경상