사고번호,사고일시,요일,시군구,사고내용,사망자수,중상자수,경상자수,부상신고자수,사고유형,법규위반,노면상태,기상상태,도로형태,가해운전자 차종,가해운전자 성별,가해운전자 연령,가해운전자 상해정도,피해운전자 차종,피해운전자 성별,피해운전자 연령,피해운전자 상해정도
2021072700100304,2021년 7월 27일 14시,화요일,부산광역시 수영구 광안동,경상사고,0,0,1,0,차대차 - 기타,안전거리미확보,건조,맑음,단일로 - 기타,화물,남,28세,상해없음,이륜,남,23세,경상
2021072700100305,2021년 7월 27일 14시,화요일,부산광역시 영도구 봉래동2가,경상사고,0,0,2,0,차대차 - 추돌,안전운전불이행,건조,맑음,단일로 - 기타,승용,남,49세,기타불명,승용,남,37세,경상
2021072700100306,2021년 7월 27일 14시,화요일,부산광역시 연제구 거제동,부상신고사고,0,0,0,1,차대차 - 측면충돌,안전운전불이행,건조,맑음,단일로 - 기타,원동기,남,34세,상해없음,원동기,남,48세,부상신고
2021072700100307,2021년 7월 27일 14시,화요일,부산광역시 강서구 대저2동,경상사고,0,0,4,0,차대차 - 측면충돌,신호위반,건조,맑음,교차로 - 교차로안,승용,여,64세,상해없음,승용,남,63세,경상
2021072700100342,2021년 7월 27일 15시,화요일,부산광역시 동구 초량동,중상사고,0,1,0,0,차대차 - 기타,안전운전불이행,건조,맑음,단일로 - 기타,승용,남,61세,상해없음,이륜,남,27세,중상
2021072700100344,2021년 7월 27일 15시,화요일,부산광역시 강서구 명지동,경상사고,0,0,1,0,차대사람 - 횡단중,보행자보호의무위반,건조,맑음,교차로 - 교차로횡단보도내,승용,여,34세,상해없음,보행자,남,7세,경상
2021072700100345,2021년 7월 27일 15시,화요일,부산광역시 사상구 학장동,중상사고,0,1,0,0,차대사람 - 기타,안전운전불이행,건조,맑음,단일로 - 기타,승용,남,50세,상해없음,보행자,남,54세,중상
2021072700100379,2021년 7월 27일 16시,화요일,부산광역시 부산진구 당감동,경상사고,0,0,3,0,차대차 - 추돌,안전거리미확보,건조,맑음,단일로 - 터널,화물,남,38세,경상,승용,남,72세,상해없음
2021072700100380,2021년 7월 27일 16시,화요일,부산광역시 연제구 연산동,경상사고,0,0,1,0,차대차 - 후진중충돌,안전운전불이행,건조,맑음,단일로 - 기타,승용,남,60세,상해없음,이륜,남,23세,경상
2021072700100412,2021년 7월 27일 17시,화요일,부산광역시 동구 초량동,경상사고,0,0,1,0,차대사람 - 차도통행중,안전운전불이행,건조,맑음,단일로 - 기타,승용,남,58세,상해없음,보행자,여,19세,경상
2021072700100413,2021년 7월 27일 17시,화요일,부산광역시 북구 덕천동,경상사고,0,0,1,0,차대차 - 추돌,안전운전불이행,건조,맑음,교차로 - 교차로안,화물,남,72세,상해없음,승용,여,36세,경상
2021072700100457,2021년 7월 27일 18시,화요일,부산광역시 영도구 청학동,중상사고,0,1,0,0,차대차 - 정면충돌,신호위반,건조,맑음,교차로 - 교차로안,승용,남,22세,상해없음,이륜,남,28세,중상
2021072700100458,2021년 7월 27일 18시,화요일,부산광역시 금정구 부곡동,경상사고,0,0,2,0,차대사람 - 횡단중,보행자보호의무위반,건조,맑음,교차로 - 교차로안,승용,여,30세,상해없음,보행자,여,32세,경상
2021072700100460,2021년 7월 27일 18시,화요일,부산광역시 사하구 괴정동,경상사고,0,0,1,0,차대차 - 기타,안전거리미확보,건조,맑음,기타 - 기타,승용,남,59세,상해없음,승합,남,49세,경상
2021072700100461,2021년 7월 27일 18시,화요일,부산광역시 강서구 송정동,중상사고,0,1,1,0,차대차 - 기타,기타,건조,맑음,교차로 - 교차로안,승용,남,34세,경상,화물,남,52세,중상
2021072700100462,2021년 7월 27일 18시,화요일,부산광역시 사상구 덕포동,경상사고,0,0,1,0,차대사람 - 차도통행중,안전운전불이행,건조,맑음,단일로 - 기타,승용,여,21세,상해없음,보행자,남,23세,경상
2021072700100510,2021년 7월 27일 19시,화요일,부산광역시 동구 초량동,중상사고,0,1,1,0,차대차 - 측면충돌,교차로운행방법위반,건조,맑음,교차로 - 교차로안,승용,여,38세,경상,이륜,남,28세,중상
2021072700100511,2021년 7월 27일 19시,화요일,부산광역시 금정구 장전동,경상사고,0,0,1,0,차대차 - 추돌,안전거리미확보,건조,맑음,교차로 - 교차로부근,화물,남,69세,상해없음,승용,남,30세,경상
2021072700100565,2021년 7월 27일 21시,화요일,부산광역시 부산진구 전포동,중상사고,0,1,0,0,차대사람 - 횡단중,보행자보호의무위반,건조,맑음,교차로 - 교차로횡단보도내,승용,남,71세,상해없음,보행자,여,76세,중상
2021072700100593,2021년 7월 27일 22시,화요일,부산광역시 금정구 장전동,경상사고,0,0,1,0,차대사람 - 기타,안전운전불이행,건조,맑음,단일로 - 기타,개인형이동수단(PM),여,22세,상해없음,보행자,남,66세,경상
2021072700100617,2021년 7월 27일 23시,화요일,부산광역시 서구 서대신동1가,경상사고,0,0,2,0,차대차 - 측면충돌,신호위반,건조,맑음,단일로 - 기타,승용,남,27세,상해없음,원동기,남,19세,경상
2021072800100001,2021년 7월 28일 00시,수요일,부산광역시 사상구 모라동,경상사고,0,0,1,0,차대차 - 측면충돌,신호위반,건조,맑음,교차로 - 교차로안,승용,남,22세,상해없음,화물,남,35세,경상
2021072800100039,2021년 7월 28일 06시,수요일,부산광역시 사하구 하단동,중상사고,0,1,1,0,차대차 - 기타,신호위반,건조,맑음,교차로 - 교차로안,승용,남,66세,중상,승용,남,62세,경상
2021072800100040,2021년 7월 28일 06시,수요일,부산광역시 연제구 거제동,중상사고,0,1,0,0,차대사람 - 기타,보행자보호의무위반,건조,맑음,교차로 - 교차로부근,화물,남,59세,상해없음,보행자,남,74세,중상
2021072800100062,2021년 7월 28일 07시,수요일,부산광역시 부산진구 부전동,경상사고,0,0,1,0,차대차 - 기타,안전운전불이행,건조,맑음,기타 - 기타,건설기계,남,37세,상해없음,승용,남,58세,경상
2021072800100082,2021년 7월 28일 08시,수요일,부산광역시 서구 충무동1가,중상사고,0,1,0,0,차대차 - 추돌,안전운전불이행,건조,맑음,교차로 - 교차로부근,승용,남,39세,상해없음,자전거,남,69세,중상
2021072800100083,2021년 7월 28일 08시,수요일,부산광역시 북구 화명동,경상사고,0,0,1,0,차대차 - 측면충돌,신호위반,건조,맑음,교차로 - 교차로안,승용,여,56세,상해없음,승용,여,43세,경상
2021072800100084,2021년 7월 28일 08시,수요일,부산광역시 해운대구 중동,경상사고,0,0,3,1,차대차 - 추돌,안전운전불이행,건조,맑음,교차로 - 교차로부근,승용,여,57세,상해없음,승용,남,29세,경상
2021072800100149,2021년 7월 28일 10시,수요일,부산광역시 금정구 부곡동,경상사고,0,0,3,0,차대차 - 추돌,신호위반,건조,맑음,단일로 - 터널,승용,남,63세,상해없음,승용,남,53세,경상
2021072800100150,2021년 7월 28일 10시,수요일,부산광역시 강서구 명지동,경상사고,0,0,1,0,차대차 - 측면충돌,안전운전불이행,건조,맑음,교차로 - 교차로안,화물,남,68세,상해없음,화물,남,28세,경상
2021072800100176,2021년 7월 28일 11시,수요일,부산광역시 사하구 괴정동,경상사고,0,0,1,0,차대차 - 기타,안전운전불이행,건조,맑음,교차로 - 교차로부근,승합,여,57세,상해없음,원동기,남,42세,경상
2021072800100212,2021년 7월 28일 12시,수요일,부산광역시 동구 범일동,경상사고,0,0,1,0,차대차 - 측면충돌,교차로운행방법위반,건조,맑음,교차로 - 교차로안,승용,남,65세,상해없음,승용,남,35세,경상
2021072800100213,2021년 7월 28일 12시,수요일,부산광역시 부산진구 부암동,경상사고,0,0,7,0,차대차 - 추돌,안전운전불이행,건조,맑음,교차로 - 교차로부근,승용,여,59세,상해없음,승용,여,62세,경상
2021072800100214,2021년 7월 28일 12시,수요일,부산광역시 부산진구 당감동,중상사고,0,1,1,0,차대차 - 추돌,안전운전불이행,건조,맑음,교차로 - 교차로부근,승용,남,77세,상해없음,화물,남,35세,중상
2021072800100247,2021년 7월 28일 13시,수요일,부산광역시 동래구 안락동,경상사고,0,0,4,0,차대차 - 추돌,안전운전불이행,건조,맑음,단일로 - 고가도로위,승용,남,17세,상해없음,승용,남,32세,경상
2021072800100248,2021년 7월 28일 13시,수요일,부산광역시 해운대구 좌동,경상사고,0,0,1,0,차대차 - 기타,신호위반,건조,맑음,교차로 - 교차로안,승용,남,67세,상해없음,화물,남,33세,경상
2021072800100281,2021년 7월 28일 14시,수요일,부산광역시 중구 부평동4가,경상사고,0,0,2,1,차대차 - 측면충돌,교차로운행방법위반,건조,맑음,교차로 - 교차로안,승용,여,55세,경상,승합,남,72세,경상
2021072800100282,2021년 7월 28일 14시,수요일,부산광역시 부산진구 범천동,경상사고,0,0,2,0,차대차 - 기타,안전운전불이행,건조,맑음,교차로 - 교차로부근,승용,남,61세,경상,승용,여,63세,경상
2021072800100283,2021년 7월 28일 14시,수요일,부산광역시 기장군 기장읍,경상사고,0,0,1,0,차대차 - 추돌,안전운전불이행,건조,맑음,단일로 - 기타,건설기계,남,60세,상해없음,승용,남,27세,경상
2021072800100316,2021년 7월 28일 15시,수요일,부산광역시 수영구 광안동,중상사고,0,1,1,0,차대차 - 측면충돌,기타,건조,맑음,교차로 - 교차로안,승용,남,52세,상해없음,이륜,남,54세,경상
2021072800100317,2021년 7월 28일 15시,수요일,부산광역시 동래구 사직동,중상사고,0,1,0,0,차대차 - 후진중충돌,안전운전불이행,건조,맑음,단일로 - 기타,승용,여,31세,상해없음,승용,남,37세,중상
2021072800100351,2021년 7월 28일 16시,수요일,부산광역시 북구 만덕동,경상사고,0,0,1,0,차대차 - 기타,안전거리미확보,건조,맑음,단일로 - 기타,이륜,남,51세,상해없음,승용,남,50세,경상
2021072800100352,2021년 7월 28일 16시,수요일,부산광역시 부산진구 양정동,경상사고,0,0,1,0,차대차 - 측면충돌,직진우회전진행방해,건조,맑음,교차로 - 교차로안,승용,여,22세,기타불명,승용,남,37세,경상
2021072800100389,2021년 7월 28일 17시,수요일,부산광역시 중구 대청동1가,중상사고,0,1,0,0,차대사람 - 차도통행중,안전운전불이행,건조,맑음,교차로 - 교차로안,이륜,남,76세,상해없음,보행자,여,67세,중상
2021072800100390,2021년 7월 28일 17시,수요일,부산광역시 영도구 남항동3가,경상사고,0,0,1,0,차대사람 - 길가장자리구역통행중,안전운전불이행,건조,맑음,미분류 - 미분류,승용,남,71세,기타불명,보행자,남,47세,경상
2021072800100391,2021년 7월 28일 17시,수요일,부산광역시 사하구 다대동,경상사고,0,0,1,0,차대차 - 기타,안전운전불이행,건조,맑음,교차로 - 교차로부근,승용,남,54세,상해없음,승용,남,43세,경상
2021072800100448,2021년 7월 28일 18시,수요일,부산광역시 동구 좌천동,경상사고,0,0,1,0,차대차 - 측면충돌,불법유턴,건조,맑음,단일로 - 기타,화물,남,29세,상해없음,이륜,남,44세,경상
2021072800100449,2021년 7월 28일 18시,수요일,부산광역시 해운대구 반여동,중상사고,0,1,0,0,차대차 - 후진중충돌,안전운전불이행,건조,맑음,교차로 - 교차로안,승용,남,51세,상해없음,이륜,남,24세,중상
2021072800100450,2021년 7월 28일 18시,수요일,부산광역시 연제구 거제동,경상사고,0,0,1,0,차대차 - 측면충돌,중앙선침범,건조,맑음,단일로 - 기타,이륜,남,17세,상해없음,승용,남,68세,경상
2021072800100522,2021년 7월 28일 20시,수요일,부산광역시 북구 만덕동,경상사고,0,0,1,0,차대차 - 기타,안전거리미확보,건조,맑음,교차로 - 교차로부근,화물,남,78세,상해없음,승용,남,38세,경상
2021072800100579,2021년 7월 28일 22시,수요일,부산광역시 부산진구 당감동,경상사고,0,0,1,0,차대차 - 기타,안전운전불이행,건조,맑음,교차로 - 교차로부근,승용,남,21세,상해없음,이륜,남,18세,경상
2021072800100580,2021년 7월 28일 22시,수요일,부산광역시 금정구 구서동,경상사고,0,0,2,0,차대사람 - 기타,기타,건조,맑음,단일로 - 기타,이륜,남,37세,경상,보행자,남,45세,경상
2021072800100581,2021년 7월 28일 22시,수요일,부산광역시 금정구 구서동,경상사고,0,0,1,0,차대차 - 측면충돌,신호위반,건조,맑음,단일로 - 기타,승용,남,25세,상해없음,승용,남,57세,경상
2021072900100009,2021년 7월 29일 01시,목요일,부산광역시 해운대구 송정동,경상사고,0,0,1,0,차대차 - 추돌,안전거리미확보,건조,맑음,단일로 - 기타,화물,남,41세,기타불명,승용,여,25세,경상
2021072900100010,2021년 7월 29일 01시,목요일,부산광역시 수영구 수영동,경상사고,0,0,2,0,차대차 - 추돌,안전운전불이행,건조,맑음,단일로 - 기타,이륜,남,20세,경상,승용,남,65세,경상
2021072900100018,2021년 7월 29일 02시,목요일,부산광역시 부산진구 당감동,경상사고,0,0,1,0,차대차 - 추돌,안전거리미확보,건조,맑음,단일로 - 기타,승용,남,38세,상해없음,승용,남,67세,경상
2021072900100019,2021년 7월 29일 02시,목요일,부산광역시 사하구 괴정동,중상사고,0,1,1,0,차대차 - 추돌,차로위반,건조,맑음,단일로 - 기타,이륜,남,44세,중상,이륜,남,18세,경상
2021072900100067,2021년 7월 29일 08시,목요일,부산광역시 동구 좌천동,경상사고,0,0,1,0,차대차 - 추돌,안전운전불이행,건조,맑음,단일로 - 기타,승용,여,31세,상해없음,승용,남,61세,경상
2021072900100068,2021년 7월 29일 08시,목요일,부산광역시 사상구 주례동,경상사고,0,0,1,0,차대차 - 기타,차로위반,건조,맑음,기타 - 기타,승용,남,57세,상해없음,승용,남,35세,경상
2021072900100102,2021년 7월 29일 09시,목요일,부산광역시 영도구 대평동1가,경상사고,0,0,1,0,차대차 - 기타,교차로운행방법위반,건조,맑음,교차로 - 교차로안,화물,남,61세,상해없음,개인형이동수단(PM),남,39세,경상
2021072900100175,2021년 7월 29일 11시,목요일,부산광역시 부산진구 당감동,경상사고,0,0,1,0,차대차 - 추돌,안전운전불이행,건조,맑음,단일로 - 기타,승용,남,51세,상해없음,승용,여,39세,경상
2021072900100176,2021년 7월 29일 11시,목요일,부산광역시 기장군 일광면,경상사고,0,0,2,1,차대차 - 후진중충돌,안전운전불이행,건조,맑음,단일로 - 기타,승용,남,49세,상해없음,승용,여,31세,경상
2021072900100209,2021년 7월 29일 12시,목요일,부산광역시 중구 부평동2가,경상사고,0,0,2,0,차대차 - 측면충돌,교차로운행방법위반,건조,맑음,교차로 - 교차로안,이륜,여,57세,경상,승용,여,31세,경상
2021072900100251,2021년 7월 29일 13시,목요일,부산광역시 중구 대청동1가,경상사고,0,0,1,0,차대차 - 측면충돌,안전운전불이행,건조,맑음,교차로 - 교차로안,승용,여,54세,상해없음,개인형이동수단(PM),남,47세,경상
2021072900100252,2021년 7월 29일 13시,목요일,부산광역시 동래구 명장동,경상사고,0,0,1,0,차대사람 - 기타,안전운전불이행,건조,맑음,교차로 - 교차로안,승용,여,32세,상해없음,보행자,남,46세,경상
2021072900100281,2021년 7월 29일 14시,목요일,부산광역시 서구 충무동1가,중상사고,0,1,0,0,차대차 - 측면충돌,안전운전불이행,건조,맑음,단일로 - 기타,승용,남,34세,상해없음,원동기,남,60세,중상
2021072900100282,2021년 7월 29일 14시,목요일,부산광역시 금정구 부곡동,경상사고,0,0,1,0,차대차 - 정면충돌,안전운전불이행,건조,맑음,교차로 - 교차로안,승용,남,51세,상해없음,기타불명,남,52세,경상
2021072900100305,2021년 7월 29일 15시,목요일,부산광역시 서구 암남동,경상사고,0,0,1,0,차대사람 - 횡단중,신호위반,건조,맑음,단일로 - 기타,승용,남,30세,상해없음,보행자,여,10세,경상
2021072900100344,2021년 7월 29일 16시,목요일,부산광역시 금정구 부곡동,중상사고,0,1,0,0,차대사람 - 기타,안전운전불이행,건조,맑음,단일로 - 기타,승용,남,55세,상해없음,보행자,여,36세,중상
2021072900100345,2021년 7월 29일 16시,목요일,부산광역시 기장군 기장읍,경상사고,0,0,1,0,차대차 - 추돌,안전거리미확보,건조,맑음,단일로 - 기타,승용,남,25세,상해없음,승용,여,49세,경상
2021072900100380,2021년 7월 29일 17시,목요일,부산광역시 강서구 명지동,경상사고,0,0,2,0,차대차 - 정면충돌,안전운전불이행,건조,맑음,교차로 - 교차로안,승용,남,38세,상해없음,승용,남,64세,상해없음
2021072900100410,2021년 7월 29일 18시,목요일,부산광역시 남구 용호동,중상사고,0,1,0,0,차대사람 - 기타,보행자보호의무위반,건조,맑음,교차로 - 교차로부근,개인형이동수단(PM),여,13세,상해없음,보행자,여,62세,중상
2021072900100411,2021년 7월 29일 18시,목요일,부산광역시 강서구 화전동,경상사고,0,0,1,0,차대차 - 기타,신호위반,건조,맑음,교차로 - 교차로안,승용,남,44세,상해없음,승용,남,50세,경상
2021072900100502,2021년 7월 29일 21시,목요일,부산광역시 금정구 남산동,경상사고,0,0,4,0,차대차 - 추돌,안전운전불이행,건조,맑음,단일로 - 기타,승용,남,29세,기타불명,승용,여,26세,경상
2021072900100503,2021년 7월 29일 21시,목요일,부산광역시 강서구 명지동,중상사고,0,2,0,0,차대차 - 추돌,안전운전불이행,건조,맑음,단일로 - 기타,승용,남,35세,상해없음,승용,여,56세,중상
2021072900100534,2021년 7월 29일 22시,목요일,부산광역시 동래구 온천동,경상사고,0,0,1,0,차대사람 - 횡단중,안전운전불이행,건조,맑음,단일로 - 기타,승용,여,42세,상해없음,보행자,남,30세,경상
2021072900100560,2021년 7월 29일 23시,목요일,부산광역시 강서구 성북동,경상사고,0,0,1,0,차대차 - 측면충돌,안전운전불이행,건조,맑음,단일로 - 기타,특수,남,55세,상해없음,승용,남,35세,경상
2021073000100003,2021년 7월 30일 00시,금요일,부산광역시 부산진구 전포동,경상사고,0,0,1,0,차대차 - 추돌,안전운전불이행,건조,기타,교차로 - 교차로안,승용,남,33세,상해없음,이륜,남,54세,경상
2021073000100020,2021년 7월 30일 05시,금요일,부산광역시 북구 구포동,경상사고,0,0,1,0,차대차 - 기타,안전운전불이행,건조,맑음,교차로 - 교차로횡단보도내,자전거,남,79세,경상,승합,남,58세,상해없음
2021073000100044,2021년 7월 30일 07시,금요일,부산광역시 사상구 삼락동,중상사고,0,1,0,0,차대차 - 정면충돌,신호위반,건조,맑음,교차로 - 교차로부근,승용,남,25세,기타불명,이륜,남,50세,중상
2021073000100071,2021년 7월 30일 08시,금요일,부산광역시 해운대구 좌동,중상사고,0,1,0,0,차대사람 - 기타,보행자보호의무위반,건조,맑음,단일로 - 기타,승용,여,37세,상해없음,보행자,여,70세,중상
2021073000100072,2021년 7월 30일 08시,금요일,부산광역시 부산진구 양정동,경상사고,0,0,1,0,차대차 - 기타,안전거리미확보,건조,기타,단일로 - 기타,승용,여,57세,상해없음,승용,남,39세,경상
2021073000100073,2021년 7월 30일 08시,금요일,부산광역시 사상구 덕포동,경상사고,0,0,1,0,차대차 - 추돌,안전거리미확보,건조,맑음,교차로 - 교차로안,화물,남,28세,상해없음,승용,여,26세,경상
2021073000100101,2021년 7월 30일 09시,금요일,부산광역시 영도구 영선동2가,경상사고,0,0,3,0,차대차 - 측면충돌,교차로운행방법위반,건조,맑음,교차로 - 교차로안,승용,남,77세,경상,화물,남,41세,경상
2021073000100102,2021년 7월 30일 09시,금요일,부산광역시 부산진구 범천동,중상사고,0,1,0,0,차대사람 - 기타,보행자보호의무위반,건조,맑음,교차로 - 교차로안,승용,남,39세,상해없음,보행자,남,72세,중상
2021073000100126,2021년 7월 30일 10시,금요일,부산광역시 동구 초량동,중상사고,0,1,0,0,차대차 - 기타,중앙선침범,건조,맑음,단일로 - 기타,승용,남,60세,상해없음,이륜,남,65세,중상
2021073000100156,2021년 7월 30일 11시,금요일,부산광역시 남구 문현동,중상사고,0,1,0,0,차대사람 - 횡단중,안전운전불이행,건조,맑음,기타 - 기타,승용,남,43세,상해없음,보행자,여,66세,중상
2021073000100157,2021년 7월 30일 11시,금요일,부산광역시 사하구 하단동,중상사고,0,1,0,0,차대차 - 기타,신호위반,건조,흐림,교차로 - 교차로안,화물,남,63세,상해없음,승용,남,29세,중상
2021073000100198,2021년 7월 30일 12시,금요일,부산광역시 북구 화명동,중상사고,0,1,0,0,차대차 - 추돌,안전운전불이행,건조,맑음,단일로 - 기타,화물,남,40세,상해없음,승용,남,58세,중상
2021073000100199,2021년 7월 30일 12시,금요일,부산광역시 북구 만덕동,경상사고,0,0,1,0,차대차 - 측면충돌,교차로운행방법위반,건조,맑음,교차로 - 교차로안,건설기계,남,52세,상해없음,승용,여,41세,경상
2021073000100200,2021년 7월 30일 12시,금요일,부산광역시 해운대구 중동,경상사고,0,0,2,0,차대차 - 추돌,안전거리미확보,건조,맑음,교차로 - 교차로부근,승용,남,68세,상해없음,승용,남,26세,상해없음
2021073000100202,2021년 7월 30일 12시,금요일,부산광역시 부산진구 부전동,경상사고,0,0,1,0,차대차 - 측면충돌,중앙선침범,건조,맑음,단일로 - 기타,원동기,남,53세,경상,승용,남,44세,상해없음
2021073000100203,2021년 7월 30일 12시,금요일,부산광역시 사하구 당리동,중상사고,0,1,0,0,차대차 - 추돌,안전운전불이행,건조,맑음,단일로 - 지하차도(도로)내,이륜,남,17세,중상,승용,남,70세,상해없음
2021073000100204,2021년 7월 30일 12시,금요일,부산광역시 연제구 연산동,부상신고사고,0,0,0,1,차대차 - 기타,교차로운행방법위반,건조,맑음,교차로 - 교차로안,이륜,남,73세,부상신고,승용,여,67세,상해없음
2021073000100245,2021년 7월 30일 13시,금요일,부산광역시 동래구 온천동,경상사고,0,0,1,0,차대차 - 추돌,안전운전불이행,건조,맑음,단일로 - 기타,승용,남,19세,상해없음,승용,남,71세,경상
2021073000100246,2021년 7월 30일 13시,금요일,부산광역시 연제구 거제동,중상사고,0,1,0,0,차대차 - 기타,교차로운행방법위반,건조,맑음,교차로 - 교차로안,승용,남,63세,상해없음,이륜,남,51세,중상
2021073000100247,2021년 7월 30일 13시,금요일,부산광역시 연제구 거제동,경상사고,0,0,1,0,차대차 - 측면충돌,안전거리미확보,건조,맑음,단일로 - 기타,승용,남,61세,상해없음,승용,여,53세,경상
2021073000100283,2021년 7월 30일 14시,금요일,부산광역시 서구 동대신동3가,경상사고,0,0,2,1,차대차 - 측면충돌,안전거리미확보,건조,맑음,단일로 - 기타,승용,여,65세,상해없음,승용,남,47세,경상
2021073000100284,2021년 7월 30일 14시,금요일,부산광역시 해운대구 반여동,경상사고,0,0,1,0,차대차 - 측면충돌,안전운전불이행,건조,맑음,단일로 - 기타,승용,여,39세,상해없음,승용,남,33세,경상
2021073000100285,2021년 7월 30일 14시,금요일,부산광역시 부산진구 전포동,중상사고,0,1,0,0,차대차 - 기타,안전운전불이행,건조,맑음,단일로 - 기타,이륜,남,19세,상해없음,승합,남,73세,상해없음
2021073000100286,2021년 7월 30일 14시,금요일,부산광역시 사상구 모라동,경상사고,0,0,1,0,차대차 - 추돌,안전운전불이행,건조,맑음,기타 - 기타,화물,남,35세,상해없음,승용,남,26세,경상
2021073000100287,2021년 7월 30일 14시,금요일,부산광역시 기장군 기장읍,경상사고,0,0,1,0,차대차 - 기타,안전운전불이행,건조,맑음,기타 - 기타,승용,남,70세,상해없음,승용,여,39세,경상
2021073000100318,2021년 7월 30일 15시,금요일,부산광역시 수영구 수영동,경상사고,0,0,1,0,차대차 - 측면충돌,안전운전불이행,건조,맑음,단일로 - 기타,승용,남,61세,상해없음,승용,남,68세,상해없음
2021073000100319,2021년 7월 30일 15시,금요일,부산광역시 동래구 안락동,부상신고사고,0,0,0,1,차대차 - 기타,안전운전불이행,건조,맑음,단일로 - 기타,이륜,남,67세,부상신고,승용,여,59세,상해없음
2021073000100320,2021년 7월 30일 15시,금요일,부산광역시 사상구 삼락동,중상사고,0,1,0,0,차대차 - 측면충돌,안전운전불이행,건조,맑음,단일로 - 기타,승용,남,66세,상해없음,자전거,남,77세,중상
2021073000100353,2021년 7월 30일 16시,금요일,부산광역시 남구 용호동,경상사고,0,0,1,0,차대차 - 측면충돌,안전운전불이행,건조,맑음,교차로 - 교차로안,승용,여,78세,상해없음,승용,남,29세,경상
2021073000100354,2021년 7월 30일 16시,금요일,부산광역시 부산진구 양정동,부상신고사고,0,0,0,1,차대차 - 기타,안전운전불이행,건조,맑음,단일로 - 기타,이륜,남,57세,부상신고,승용,여,50세,상해없음
2021073000100355,2021년 7월 30일 16시,금요일,부산광역시 부산진구 범천동,중상사고,0,1,0,0,차대사람 - 횡단중,안전운전불이행,건조,맑음,교차로 - 교차로안,승용,남,56세,상해없음,보행자,남,54세,중상
2021073000100395,2021년 7월 30일 17시,금요일,부산광역시 부산진구 가야동,경상사고,0,0,1,0,차대차 - 기타,안전운전불이행,건조,기타,단일로 - 기타,승용,여,55세,상해없음,승합,남,52세,상해없음
2021073000100444,2021년 7월 30일 18시,금요일,부산광역시 수영구 광안동,중상사고,0,1,0,0,차량단독 - 기타,안전운전불이행,건조,맑음,단일로 - 기타,승합,남,52세,상해없음,,,,
2021073000100445,2021년 7월 30일 18시,금요일,부산광역시 동래구 수안동,경상사고,0,0,1,0,차대차 - 측면충돌,차로위반,건조,맑음,단일로 - 기타,승용,남,74세,상해없음,승용,남,64세,경상
2021073000100446,2021년 7월 30일 18시,금요일,부산광역시 해운대구 중동,경상사고,0,0,1,0,차대차 - 기타,교차로운행방법위반,건조,맑음,교차로 - 교차로안,승용,남,48세,상해없음,승용,남,51세,경상
2021073000100447,2021년 7월 30일 18시,금요일,부산광역시 부산진구 범천동,경상사고,0,0,1,0,차대차 - 기타,안전운전불이행,건조,맑음,단일로 - 기타,승용,남,29세,경상,승합,남,52세,상해없음
2021073000100448,2021년 7월 30일 18시,금요일,부산광역시 사상구 학장동,경상사고,0,0,1,0,차대차 - 측면충돌,신호위반,건조,맑음,교차로 - 교차로안,화물,남,68세,상해없음,승용,남,22세,상해없음
2021073000100449,2021년 7월 30일 18시,금요일,부산광역시 사상구 괘법동,경상사고,0,0,1,0,차대사람 - 기타,안전운전불이행,건조,맑음,교차로 - 교차로부근,승용,남,21세,상해없음,보행자,남,53세,경상
2021073000100481,2021년 7월 30일 19시,금요일,부산광역시 동구 초량동,중상사고,0,1,0,0,차대사람 - 횡단중,보행자보호의무위반,건조,맑음,단일로 - 기타,화물,남,44세,상해없음,보행자,여,49세,중상
2021073000100502,2021년 7월 30일 20시,금요일,부산광역시 해운대구 반송동,경상사고,0,0,1,0,차대차 - 후진중충돌,안전운전불이행,건조,맑음,단일로 - 기타,승용,남,53세,상해없음,승용,여,49세,경상
2021073000100503,2021년 7월 30일 20시,금요일,부산광역시 부산진구 부전동,경상사고,0,0,1,0,차대차 - 추돌,신호위반,건조,맑음,단일로 - 기타,승용,남,47세,상해없음,원동기,여,26세,경상
2021073000100504,2021년 7월 30일 20시,금요일,부산광역시 금정구 서동,경상사고,0,0,2,0,차대차 - 추돌,중앙선침범,건조,맑음,단일로 - 기타,화물,남,64세,상해없음,승용,남,35세,경상
2021073000100539,2021년 7월 30일 21시,금요일,부산광역시 영도구 봉래동1가,경상사고,0,0,1,0,차대차 - 측면충돌,신호위반,건조,맑음,단일로 - 교량,승용,남,60세,상해없음,승용,남,20세,경상
2021073000100540,2021년 7월 30일 21시,금요일,부산광역시 부산진구 부전동,중상사고,0,1,0,0,차대사람 - 차도통행중,안전운전불이행,건조,맑음,교차로 - 교차로안,화물,남,48세,상해없음,보행자,여,32세,중상
2021073000100541,2021년 7월 30일 21시,금요일,부산광역시 부산진구 양정동,중상사고,0,1,0,0,차대차 - 기타,안전거리미확보,건조,맑음,교차로 - 교차로안,이륜,남,21세,상해없음,승합,남,52세,상해없음
2021073000100568,2021년 7월 30일 22시,금요일,부산광역시 수영구 민락동,경상사고,0,0,1,0,차대차 - 기타,안전운전불이행,건조,맑음,교차로 - 교차로안,승용,남,23세,상해없음,이륜,남,27세,경상