사고번호,사고일시,요일,시군구,사고내용,사망자수,중상자수,경상자수,부상신고자수,사고유형,법규위반,노면상태,기상상태,도로형태,가해운전자 차종,가해운전자 성별,가해운전자 연령,가해운전자 상해정도,피해운전자 차종,피해운전자 성별,피해운전자 연령,피해운전자 상해정도
2021073000100569,2021년 7월 30일 22시,금요일,부산광역시 북구 구포동,경상사고,0,0,1,0,차대차 - 기타,교차로운행방법위반,건조,맑음,교차로 - 교차로안,승용,여,48세,상해없음,승용,남,60세,경상
2021073000100570,2021년 7월 30일 22시,금요일,부산광역시 동래구 안락동,경상사고,0,0,1,0,차대차 - 측면충돌,안전운전불이행,건조,맑음,교차로 - 교차로부근,원동기,남,19세,상해없음,승용,남,30세,경상
2021073000100571,2021년 7월 30일 22시,금요일,부산광역시 해운대구 중동,경상사고,0,0,2,0,차대차 - 측면충돌,안전운전불이행,건조,맑음,교차로 - 교차로안,승용,남,70세,상해없음,승용,여,42세,경상
2021073100100006,2021년 7월 31일 00시,토요일,부산광역시 영도구 동삼동,중상사고,0,1,0,0,차대사람 - 기타,안전운전불이행,건조,맑음,단일로 - 기타,승용,남,51세,상해없음,보행자,여,40세,중상
2021073100100007,2021년 7월 31일 00시,토요일,부산광역시 기장군 기장읍,중상사고,0,1,0,0,차대사람 - 기타,안전운전불이행,건조,맑음,주차장 - 주차장,승용,남,40세,상해없음,보행자,남,57세,중상
2021073100100034,2021년 7월 31일 03시,토요일,부산광역시 사상구 학장동,중상사고,0,1,0,0,차대사람 - 기타,안전운전불이행,건조,맑음,주차장 - 주차장,승용,남,50세,상해없음,보행자,남,45세,중상
2021073100100038,2021년 7월 31일 04시,토요일,부산광역시 사상구 덕포동,경상사고,0,0,2,0,차대차 - 추돌,안전운전불이행,건조,맑음,교차로 - 교차로부근,승용,남,40세,상해없음,승용,남,66세,경상
2021073100100065,2021년 7월 31일 07시,토요일,부산광역시 부산진구 개금동,경상사고,0,0,1,0,차대차 - 정면충돌,신호위반,건조,맑음,교차로 - 교차로안,승용,남,28세,상해없음,승용,남,53세,경상
2021073100100074,2021년 7월 31일 08시,토요일,부산광역시 강서구 생곡동,경상사고,0,0,3,0,차대차 - 기타,안전운전불이행,건조,맑음,교차로 - 교차로부근,화물,남,54세,상해없음,승용,남,59세,경상
2021073100100134,2021년 7월 31일 11시,토요일,부산광역시 연제구 연산동,경상사고,0,0,2,0,차대차 - 기타,신호위반,건조,맑음,단일로 - 기타,원동기,남,26세,경상,승용,남,65세,경상
2021073100100173,2021년 7월 31일 12시,토요일,부산광역시 동구 좌천동,중상사고,0,1,0,0,차대사람 - 기타,안전운전불이행,건조,맑음,단일로 - 기타,승용,남,73세,상해없음,보행자,여,80세,중상
2021073100100174,2021년 7월 31일 12시,토요일,부산광역시 부산진구 부암동,경상사고,0,0,2,0,차대차 - 추돌,안전운전불이행,건조,맑음,단일로 - 기타,승용,여,49세,상해없음,승용,남,39세,경상
2021073100100229,2021년 7월 31일 13시,토요일,부산광역시 기장군 일광면,경상사고,0,0,1,0,차대차 - 추돌,안전운전불이행,건조,맑음,단일로 - 기타,승용,남,49세,상해없음,승용,남,46세,경상
2021073100100301,2021년 7월 31일 15시,토요일,부산광역시 동구 수정동,경상사고,0,0,2,0,차대차 - 측면충돌,안전거리미확보,건조,맑음,단일로 - 기타,승용,여,67세,상해없음,승용,여,52세,경상
2021073100100302,2021년 7월 31일 15시,토요일,부산광역시 사상구 삼락동,부상신고사고,0,0,0,1,차대차 - 기타,안전운전불이행,건조,맑음,단일로 - 기타,승용,여,36세,상해없음,승용,남,27세,상해없음
2021073100100366,2021년 7월 31일 17시,토요일,부산광역시 수영구 남천동,경상사고,0,0,1,0,차대차 - 기타,교차로운행방법위반,건조,맑음,교차로 - 교차로부근,승용,남,34세,상해없음,자전거,남,24세,경상
2021073100100413,2021년 7월 31일 18시,토요일,부산광역시 동래구 안락동,경상사고,0,0,1,0,차대차 - 기타,신호위반,건조,맑음,교차로 - 교차로안,승용,남,25세,상해없음,이륜,남,25세,경상
2021073100100414,2021년 7월 31일 18시,토요일,부산광역시 기장군 기장읍,경상사고,0,0,1,0,차대사람 - 기타,안전운전불이행,건조,맑음,기타 - 기타,승용,남,61세,상해없음,보행자,여,41세,경상
2021073100100445,2021년 7월 31일 19시,토요일,부산광역시 부산진구 전포동,중상사고,0,1,0,0,차대차 - 추돌,안전운전불이행,건조,맑음,교차로 - 교차로부근,화물,남,56세,상해없음,승용,남,60세,중상
2021073100100478,2021년 7월 31일 20시,토요일,부산광역시 수영구 민락동,경상사고,0,0,7,0,차대차 - 측면충돌,안전운전불이행,건조,맑음,교차로 - 교차로부근,승용,여,30세,경상,승용,여,33세,경상
2021073100100479,2021년 7월 31일 20시,토요일,부산광역시 동래구 온천동,중상사고,0,1,0,0,차대사람 - 횡단중,보행자보호의무위반,건조,맑음,교차로 - 교차로안,승용,남,37세,상해없음,보행자,여,73세,중상
2021073100100480,2021년 7월 31일 20시,토요일,부산광역시 사하구 하단동,경상사고,0,0,1,0,차대차 - 추돌,안전거리미확보,건조,맑음,교차로 - 교차로부근,이륜,남,36세,기타불명,이륜,남,40세,경상
2021073100100498,2021년 7월 31일 21시,토요일,부산광역시 동래구 낙민동,경상사고,0,0,1,0,차대차 - 측면충돌,안전운전불이행,건조,맑음,교차로 - 교차로부근,화물,남,63세,상해없음,이륜,남,59세,상해없음
2021073100100499,2021년 7월 31일 21시,토요일,부산광역시 부산진구 부전동,경상사고,0,0,1,0,차대차 - 추돌,신호위반,건조,맑음,교차로 - 교차로안,승용,남,55세,상해없음,이륜,남,28세,경상
2021073100100533,2021년 7월 31일 22시,토요일,부산광역시 수영구 남천동,중상사고,0,1,1,0,차대차 - 기타,안전거리미확보,건조,맑음,단일로 - 교량,승용,남,28세,상해없음,승용,남,67세,경상
2021073100100534,2021년 7월 31일 22시,토요일,부산광역시 부산진구 당감동,중상사고,0,1,0,0,차대차 - 추돌,안전거리미확보,건조,맑음,단일로 - 기타,승용,여,38세,상해없음,이륜,남,25세,중상
2021073100100535,2021년 7월 31일 22시,토요일,부산광역시 연제구 거제동,경상사고,0,0,1,0,차대차 - 추돌,신호위반,건조,맑음,교차로 - 교차로안,기타불명,기타불명,미분류,기타불명,승용,남,62세,상해없음
2021080100100037,2021년 8월 1일 07시,일요일,부산광역시 사하구 다대동,경상사고,0,0,1,0,차대차 - 측면충돌,안전운전불이행,건조,맑음,단일로 - 기타,승용,남,56세,상해없음,자전거,남,47세,경상
2021080100100045,2021년 8월 1일 08시,일요일,부산광역시 남구 우암동,중상사고,0,1,6,1,차대차 - 추돌,안전운전불이행,건조,맑음,단일로 - 기타,특수,남,64세,기타불명,승합,남,55세,부상신고
2021080100100046,2021년 8월 1일 08시,일요일,부산광역시 부산진구 개금동,경상사고,0,0,1,0,차대차 - 추돌,안전거리미확보,건조,맑음,교차로 - 교차로안,승용,남,69세,상해없음,이륜,남,16세,경상
2021080100100077,2021년 8월 1일 10시,일요일,부산광역시 부산진구 전포동,중상사고,0,1,1,0,차대차 - 정면충돌,신호위반,건조,맑음,교차로 - 교차로안,자전거,남,41세,중상,이륜,남,38세,경상
2021080100100100,2021년 8월 1일 11시,일요일,부산광역시 부산진구 부전동,부상신고사고,0,0,0,1,차대차 - 측면충돌,신호위반,건조,맑음,교차로 - 교차로안,자전거,남,82세,부상신고,승용,남,33세,상해없음
2021080100100127,2021년 8월 1일 12시,일요일,부산광역시 금정구 구서동,경상사고,0,0,2,0,차대차 - 기타,교차로운행방법위반,건조,맑음,교차로 - 교차로안,승용,남,50세,경상,이륜,남,19세,경상
2021080100100154,2021년 8월 1일 13시,일요일,부산광역시 북구 금곡동,경상사고,0,0,2,0,차대차 - 기타,신호위반,건조,맑음,교차로 - 교차로부근,이륜,남,17세,경상,승용,여,26세,경상
2021080100100155,2021년 8월 1일 13시,일요일,부산광역시 동래구 안락동,경상사고,0,0,1,0,차대차 - 기타,안전운전불이행,건조,맑음,단일로 - 기타,승용,여,61세,상해없음,승합,남,63세,경상
2021080100100156,2021년 8월 1일 13시,일요일,부산광역시 연제구 연산동,중상사고,0,1,1,0,차대차 - 측면충돌,교차로운행방법위반,건조,맑음,교차로 - 교차로안,이륜,남,22세,중상,이륜,남,23세,경상
2021080100100157,2021년 8월 1일 13시,일요일,부산광역시 기장군 기장읍,경상사고,0,0,4,0,차대차 - 기타,안전운전불이행,건조,맑음,단일로 - 기타,승용,남,46세,상해없음,승용,남,49세,경상
2021080100100179,2021년 8월 1일 14시,일요일,부산광역시 사하구 다대동,경상사고,0,0,1,0,차대차 - 측면충돌,교차로운행방법위반,건조,맑음,교차로 - 교차로안,승용,남,53세,상해없음,이륜,남,42세,경상
2021080100100198,2021년 8월 1일 15시,일요일,부산광역시 수영구 남천동,경상사고,0,0,1,0,차대차 - 측면충돌,안전거리미확보,건조,맑음,단일로 - 기타,승용,남,29세,상해없음,승용,남,29세,상해없음
2021080100100255,2021년 8월 1일 17시,일요일,부산광역시 서구 충무동1가,경상사고,0,0,2,0,차대차 - 추돌,안전운전불이행,건조,맑음,교차로 - 교차로안,승용,여,47세,상해없음,이륜,남,44세,경상
2021080100100256,2021년 8월 1일 17시,일요일,부산광역시 부산진구 개금동,중상사고,0,1,0,0,차대사람 - 기타,안전운전불이행,건조,맑음,교차로 - 교차로부근,승용,남,49세,상해없음,보행자,남,23세,중상
2021080100100325,2021년 8월 1일 19시,일요일,부산광역시 부산진구 부전동,경상사고,0,0,1,0,차대차 - 추돌,신호위반,건조,맑음,교차로 - 교차로부근,이륜,남,22세,상해없음,이륜,남,56세,경상
2021080100100354,2021년 8월 1일 20시,일요일,부산광역시 영도구 봉래동3가,경상사고,0,0,2,0,차대차 - 기타,기타,건조,맑음,교차로 - 교차로안,이륜,남,43세,경상,승용,여,24세,상해없음
2021080100100355,2021년 8월 1일 20시,일요일,부산광역시 부산진구 양정동,경상사고,0,0,1,0,차대차 - 추돌,안전운전불이행,건조,맑음,교차로 - 교차로안,승용,남,67세,상해없음,이륜,남,33세,경상
2021080100100356,2021년 8월 1일 20시,일요일,부산광역시 부산진구 양정동,중상사고,0,1,0,0,차대차 - 측면충돌,교차로운행방법위반,건조,맑음,교차로 - 교차로안,승용,남,28세,상해없음,이륜,남,26세,중상
2021080100100357,2021년 8월 1일 20시,일요일,부산광역시 금정구 부곡동,중상사고,0,1,0,0,차대차 - 측면충돌,불법유턴,젖음/습기,비,교차로 - 교차로안,자전거,남,72세,중상,승용,남,62세,상해없음
2021080100100358,2021년 8월 1일 20시,일요일,부산광역시 금정구 구서동,경상사고,0,0,1,0,차대차 - 후진중충돌,기타,건조,맑음,단일로 - 기타,승용,남,48세,상해없음,원동기,남,33세,경상
2021080100100403,2021년 8월 1일 21시,일요일,부산광역시 강서구 명지동,경상사고,0,0,1,0,차대차 - 측면충돌,안전운전불이행,건조,맑음,단일로 - 기타,승용,여,38세,상해없음,승용,남,49세,경상
2021080100100404,2021년 8월 1일 21시,일요일,부산광역시 사상구 감전동,중상사고,0,1,0,0,차대차 - 추돌,신호위반,건조,맑음,교차로 - 교차로안,승용,남,64세,상해없음,이륜,남,24세,중상
2021080100100453,2021년 8월 1일 23시,일요일,부산광역시 사상구 학장동,중상사고,0,1,0,0,차대차 - 추돌,신호위반,건조,맑음,교차로 - 교차로안,승용,남,26세,상해없음,승용,여,27세,중상
2021080200100012,2021년 8월 2일 01시,월요일,부산광역시 북구 화명동,경상사고,0,0,1,0,차대차 - 정면충돌,중앙선침범,건조,맑음,단일로 - 지하차도(도로)내,승용,남,31세,상해없음,승용,남,57세,경상
2021080200100022,2021년 8월 2일 03시,월요일,부산광역시 서구 남부민동,중상사고,0,2,0,0,차량단독 - 공작물충돌,안전운전불이행,건조,맑음,단일로 - 기타,이륜,남,26세,중상,,,,
2021080200100027,2021년 8월 2일 04시,월요일,부산광역시 사하구 구평동,중상사고,0,1,0,1,차량단독 - 기타,안전운전불이행,건조,맑음,교차로 - 교차로부근,이륜,남,22세,부상신고,,,,
2021080200100036,2021년 8월 2일 06시,월요일,부산광역시 연제구 연산동,경상사고,0,0,1,0,차대차 - 기타,신호위반,건조,맑음,교차로 - 교차로안,화물,남,55세,상해없음,승용,남,67세,경상
2021080200100050,2021년 8월 2일 07시,월요일,부산광역시 사하구 당리동,경상사고,0,0,2,0,차대차 - 측면충돌,신호위반,건조,맑음,교차로 - 교차로안,승용,여,28세,상해없음,승용,여,60세,경상
2021080200100067,2021년 8월 2일 08시,월요일,부산광역시 동래구 명장동,경상사고,0,0,1,0,차대차 - 측면충돌,안전운전불이행,건조,맑음,단일로 - 기타,승용,남,39세,상해없음,승용,남,33세,경상
2021080200100068,2021년 8월 2일 08시,월요일,부산광역시 부산진구 범천동,경상사고,0,0,1,0,차대차 - 기타,교차로운행방법위반,건조,기타,교차로 - 교차로부근,승용,남,24세,기타불명,승용,남,26세,경상
2021080200100091,2021년 8월 2일 09시,월요일,부산광역시 서구 서대신동3가,경상사고,0,0,1,0,차대차 - 측면충돌,교차로운행방법위반,건조,맑음,교차로 - 교차로안,승용,여,27세,상해없음,화물,남,53세,경상
2021080200100092,2021년 8월 2일 09시,월요일,부산광역시 사하구 하단동,중상사고,0,1,0,0,차대차 - 측면충돌,안전운전불이행,건조,맑음,기타 - 기타,승용,남,67세,상해없음,자전거,남,85세,중상
2021080200100123,2021년 8월 2일 10시,월요일,부산광역시 부산진구 전포동,중상사고,0,1,0,0,차대차 - 기타,중앙선침범,건조,맑음,기타 - 기타,자전거,남,73세,중상,승용,남,23세,상해없음
2021080200100124,2021년 8월 2일 10시,월요일,부산광역시 금정구 두구동,경상사고,0,0,1,1,차대차 - 측면충돌,신호위반,건조,맑음,교차로 - 교차로안,승용,남,56세,상해없음,승용,남,42세,부상신고
2021080200100125,2021년 8월 2일 10시,월요일,부산광역시 사하구 다대동,중상사고,0,1,1,0,차대차 - 측면충돌,안전운전불이행,건조,맑음,기타 - 기타,승용,여,43세,경상,승용,남,49세,중상
2021080200100148,2021년 8월 2일 11시,월요일,부산광역시 강서구 명지동,중상사고,0,1,0,0,차량단독 - 기타,안전운전불이행,건조,맑음,단일로 - 기타,승합,남,48세,상해없음,,,,
2021080200100188,2021년 8월 2일 12시,월요일,부산광역시 부산진구 부전동,경상사고,0,0,1,0,차대차 - 기타,안전운전불이행,건조,맑음,단일로 - 기타,승용,남,43세,상해없음,이륜,남,45세,경상
2021080200100226,2021년 8월 2일 13시,월요일,부산광역시 사하구 구평동,중상사고,0,1,1,0,차대차 - 측면충돌,안전거리미확보,건조,맑음,단일로 - 기타,화물,남,41세,상해없음,승용,여,59세,경상
2021080200100260,2021년 8월 2일 14시,월요일,부산광역시 동구 초량동,경상사고,0,0,1,0,차대사람 - 기타,안전운전불이행,건조,맑음,단일로 - 기타,승용,남,62세,상해없음,보행자,남,30세,경상
2021080200100261,2021년 8월 2일 14시,월요일,부산광역시 동래구 명륜동,경상사고,0,0,1,0,차대사람 - 횡단중,보행자보호의무위반,건조,맑음,단일로 - 기타,승용,남,69세,상해없음,보행자,여,26세,경상
2021080200100262,2021년 8월 2일 14시,월요일,부산광역시 해운대구 중동,중상사고,0,1,0,0,차대사람 - 기타,교차로운행방법위반,건조,맑음,교차로 - 교차로안,화물,남,29세,상해없음,보행자,남,47세,중상
2021080200100263,2021년 8월 2일 14시,월요일,부산광역시 부산진구 부전동,경상사고,0,0,1,0,차대차 - 측면충돌,안전거리미확보,건조,맑음,단일로 - 기타,승용,남,42세,상해없음,승용,남,28세,경상
2021080200100264,2021년 8월 2일 14시,월요일,부산광역시 수영구 수영동,경상사고,0,0,1,0,차대사람 - 기타,안전운전불이행,건조,맑음,단일로 - 기타,승용,남,57세,상해없음,보행자,남,58세,경상
2021080200100265,2021년 8월 2일 14시,월요일,부산광역시 기장군 기장읍,경상사고,0,0,1,0,차대차 - 기타,안전운전불이행,건조,맑음,교차로 - 교차로안,화물,남,77세,기타불명,승용,여,58세,경상
2021080200100304,2021년 8월 2일 15시,월요일,부산광역시 중구 영주동,중상사고,0,1,0,0,차대차 - 기타,교차로운행방법위반,건조,맑음,교차로 - 교차로안,이륜,남,59세,상해없음,승용,남,33세,상해없음
2021080200100305,2021년 8월 2일 15시,월요일,부산광역시 수영구 수영동,경상사고,0,0,4,0,차대차 - 추돌,안전운전불이행,건조,맑음,단일로 - 기타,승용,남,17세,상해없음,승용,여,31세,경상
2021080200100306,2021년 8월 2일 15시,월요일,부산광역시 강서구 명지동,부상신고사고,0,0,0,1,차대차 - 기타,안전운전불이행,건조,맑음,단일로 - 기타,승용,여,56세,상해없음,승용,여,55세,부상신고
2021080200100307,2021년 8월 2일 15시,월요일,부산광역시 기장군 기장읍,경상사고,0,0,3,0,차대차 - 추돌,안전운전불이행,건조,맑음,단일로 - 기타,승용,남,77세,상해없음,승용,남,45세,경상
2021080200100375,2021년 8월 2일 17시,월요일,부산광역시 금정구 부곡동,중상사고,0,1,1,0,차대사람 - 횡단중,안전운전불이행,건조,맑음,교차로 - 교차로횡단보도내,승용,여,33세,상해없음,보행자,여,41세,중상
2021080200100376,2021년 8월 2일 17시,월요일,부산광역시 사상구 삼락동,경상사고,0,0,3,0,차대차 - 기타,안전거리미확보,건조,맑음,단일로 - 기타,승용,남,72세,상해없음,승용,여,32세,경상
2021080200100411,2021년 8월 2일 18시,월요일,부산광역시 북구 덕천동,경상사고,0,0,1,0,차대차 - 추돌,안전운전불이행,건조,맑음,단일로 - 지하차도(도로)내,승용,남,54세,상해없음,이륜,남,38세,경상
2021080200100412,2021년 8월 2일 18시,월요일,부산광역시 영도구 봉래동1가,경상사고,0,0,2,0,차대차 - 추돌,안전운전불이행,건조,맑음,단일로 - 교량,이륜,남,16세,상해없음,승용,남,33세,상해없음
2021080200100413,2021년 8월 2일 18시,월요일,부산광역시 금정구 남산동,경상사고,0,0,2,0,차대차 - 측면충돌,안전운전불이행,건조,맑음,교차로 - 교차로안,승용,여,41세,상해없음,승합,남,58세,경상
2021080200100414,2021년 8월 2일 18시,월요일,부산광역시 연제구 연산동,경상사고,0,0,1,0,차대차 - 추돌,안전거리미확보,건조,맑음,교차로 - 교차로부근,승용,여,20세,기타불명,승용,남,59세,경상
2021080200100462,2021년 8월 2일 19시,월요일,부산광역시 동래구 사직동,중상사고,0,1,1,0,차대차 - 측면충돌,안전운전불이행,건조,맑음,교차로 - 교차로안,승용,남,64세,상해없음,화물,남,64세,중상
2021080200100463,2021년 8월 2일 19시,월요일,부산광역시 기장군 기장읍,경상사고,0,0,4,0,차대차 - 추돌,안전운전불이행,건조,맑음,교차로 - 교차로부근,승용,여,30세,상해없음,승용,남,73세,경상
2021080200100489,2021년 8월 2일 20시,월요일,부산광역시 남구 대연동,중상사고,0,1,0,0,차대차 - 정면충돌,안전운전불이행,건조,맑음,교차로 - 교차로안,승용,남,56세,상해없음,이륜,남,62세,중상
2021080200100490,2021년 8월 2일 20시,월요일,부산광역시 연제구 연산동,경상사고,0,0,1,0,차대사람 - 기타,안전운전불이행,건조,맑음,교차로 - 교차로부근,승용,여,42세,상해없음,보행자,남,43세,경상
2021080200100491,2021년 8월 2일 20시,월요일,부산광역시 사상구 괘법동,경상사고,0,0,1,0,차대사람 - 기타,안전운전불이행,건조,맑음,단일로 - 기타,승용,여,32세,상해없음,보행자,남,47세,경상
2021080200100519,2021년 8월 2일 21시,월요일,부산광역시 북구 덕천동,중상사고,0,1,0,0,차대사람 - 기타,안전운전불이행,건조,맑음,교차로 - 교차로안,승용,남,25세,상해없음,보행자,남,39세,중상
2021080200100549,2021년 8월 2일 22시,월요일,부산광역시 수영구 수영동,경상사고,0,0,1,0,차대차 - 측면충돌,안전거리미확보,건조,맑음,교차로 - 교차로부근,승용,남,65세,상해없음,승용,남,59세,경상
2021080300100016,2021년 8월 3일 03시,화요일,부산광역시 사상구 주례동,경상사고,0,0,4,0,차대차 - 측면충돌,안전거리미확보,건조,맑음,단일로 - 기타,승용,남,23세,경상,승용,남,64세,경상
2021080300100025,2021년 8월 3일 05시,화요일,부산광역시 부산진구 초읍동,중상사고,0,1,0,0,차대사람 - 기타,안전운전불이행,건조,맑음,기타 - 기타,화물,남,55세,상해없음,보행자,여,76세,중상
2021080300100026,2021년 8월 3일 05시,화요일,부산광역시 사하구 감천동,경상사고,0,0,1,0,차대차 - 후진중충돌,안전운전불이행,건조,맑음,단일로 - 기타,승용,남,43세,상해없음,승용,남,63세,경상
2021080300100037,2021년 8월 3일 07시,화요일,부산광역시 강서구 송정동,중상사고,0,1,1,0,차대차 - 기타,신호위반,건조,맑음,교차로 - 교차로안,승용,남,51세,중상,승용,남,26세,경상
2021080300100050,2021년 8월 3일 08시,화요일,부산광역시 동래구 안락동,경상사고,0,0,1,0,차대차 - 측면충돌,안전운전불이행,건조,맑음,단일로 - 기타,승용,남,70세,상해없음,승용,여,42세,경상
2021080300100051,2021년 8월 3일 08시,화요일,부산광역시 연제구 거제동,경상사고,0,0,1,0,차대차 - 측면충돌,안전거리미확보,건조,맑음,단일로 - 기타,승용,남,56세,상해없음,승용,남,45세,경상
2021080300100052,2021년 8월 3일 08시,화요일,부산광역시 기장군 정관읍,중상사고,0,1,0,0,차대차 - 측면충돌,안전거리미확보,건조,맑음,교차로 - 교차로부근,승용,남,72세,상해없음,승용,여,53세,중상
2021080300100096,2021년 8월 3일 10시,화요일,부산광역시 부산진구 부전동,경상사고,0,0,1,0,차대사람 - 차도통행중,안전운전불이행,건조,맑음,단일로 - 기타,승용,남,72세,상해없음,보행자,여,23세,경상
2021080300100134,2021년 8월 3일 11시,화요일,부산광역시 부산진구 부전동,경상사고,0,0,1,0,차대차 - 추돌,신호위반,건조,맑음,교차로 - 교차로안,승용,여,34세,상해없음,이륜,남,32세,경상
2021080300100135,2021년 8월 3일 11시,화요일,부산광역시 사하구 구평동,경상사고,0,0,2,0,차대차 - 추돌,신호위반,건조,맑음,교차로 - 교차로안,화물,남,60세,상해없음,승용,남,51세,경상
2021080300100136,2021년 8월 3일 11시,화요일,부산광역시 연제구 거제동,경상사고,0,0,1,0,차대차 - 기타,차로위반,건조,맑음,단일로 - 기타,승용,남,49세,상해없음,승용,여,34세,경상
2021080300100164,2021년 8월 3일 12시,화요일,부산광역시 북구 구포동,중상사고,0,1,0,0,차대차 - 추돌,신호위반,건조,맑음,교차로 - 교차로안,승용,남,67세,상해없음,원동기,남,49세,중상
2021080300100165,2021년 8월 3일 12시,화요일,부산광역시 부산진구 양정동,중상사고,0,1,0,0,차대사람 - 기타,신호위반,건조,맑음,단일로 - 기타,승용,남,57세,상해없음,보행자,여,18세,중상
2021080300100166,2021년 8월 3일 12시,화요일,부산광역시 사하구 당리동,경상사고,0,0,1,0,차대사람 - 기타,기타,건조,맑음,단일로 - 지하차도(도로)내,승용,남,41세,상해없음,보행자,여,25세,경상
2021080300100189,2021년 8월 3일 13시,화요일,부산광역시 동래구 안락동,경상사고,0,0,1,0,차대차 - 추돌,안전거리미확보,건조,맑음,단일로 - 기타,이륜,남,30세,상해없음,승용,여,28세,경상
2021080300100190,2021년 8월 3일 13시,화요일,부산광역시 사상구 감전동,경상사고,0,0,1,0,차대차 - 측면충돌,안전운전불이행,건조,맑음,단일로 - 기타,화물,남,50세,상해없음,승용,남,37세,경상
2021080300100225,2021년 8월 3일 14시,화요일,부산광역시 남구 용호동,경상사고,0,0,1,0,차대차 - 측면충돌,안전운전불이행,건조,맑음,단일로 - 기타,승용,여,47세,상해없음,이륜,남,17세,경상
2021080300100226,2021년 8월 3일 14시,화요일,부산광역시 해운대구 반여동,경상사고,0,0,1,0,차대사람 - 기타,안전운전불이행,젖음/습기,맑음,단일로 - 기타,승용,여,63세,상해없음,보행자,남,71세,경상
2021080300100227,2021년 8월 3일 14시,화요일,부산광역시 연제구 연산동,경상사고,0,0,1,0,차대차 - 기타,신호위반,건조,맑음,단일로 - 기타,이륜,남,31세,경상,승용,남,24세,상해없음
2021080300100272,2021년 8월 3일 15시,화요일,부산광역시 수영구 남천동,경상사고,0,0,1,0,차대차 - 기타,안전운전불이행,건조,맑음,교차로 - 교차로안,승용,여,61세,상해없음,이륜,남,27세,경상
2021080300100273,2021년 8월 3일 15시,화요일,부산광역시 해운대구 좌동,경상사고,0,0,1,0,차대차 - 측면충돌,안전거리미확보,건조,맑음,교차로 - 교차로부근,승용,남,42세,상해없음,승용,여,41세,경상
2021080300100274,2021년 8월 3일 15시,화요일,부산광역시 해운대구 중동,경상사고,0,0,1,0,차대차 - 추돌,안전운전불이행,건조,맑음,단일로 - 기타,승용,남,29세,상해없음,승용,남,43세,경상
2021080300100275,2021년 8월 3일 15시,화요일,부산광역시 기장군 일광면,경상사고,0,0,5,0,차대차 - 추돌,안전거리미확보,건조,맑음,단일로 - 기타,화물,남,41세,상해없음,승용,남,36세,경상
2021080300100301,2021년 8월 3일 16시,화요일,부산광역시 동구 초량동,경상사고,0,0,1,0,차대사람 - 차도통행중,보행자보호의무위반,건조,맑음,단일로 - 기타,이륜,남,21세,상해없음,보행자,여,73세,경상
2021080300100302,2021년 8월 3일 16시,화요일,부산광역시 동구 초량동,경상사고,0,0,1,0,차대차 - 측면충돌,교차로운행방법위반,건조,맑음,교차로 - 교차로안,승용,남,63세,상해없음,승용,남,29세,경상
2021080300100303,2021년 8월 3일 16시,화요일,부산광역시 금정구 구서동,경상사고,0,0,1,0,차대사람 - 기타,안전운전불이행,건조,맑음,기타 - 기타,승용,남,37세,상해없음,보행자,남,29세,경상
2021080300100304,2021년 8월 3일 16시,화요일,부산광역시 연제구 연산동,경상사고,0,0,6,1,차대차 - 추돌,안전운전불이행,건조,맑음,단일로 - 기타,승용,남,49세,부상신고,승용,남,45세,경상
2021080300100305,2021년 8월 3일 16시,화요일,부산광역시 사상구 모라동,경상사고,0,0,5,0,차대차 - 기타,안전운전불이행,건조,맑음,기타 - 기타,승용,남,58세,경상,승용,남,39세,경상
2021080300100335,2021년 8월 3일 17시,화요일,부산광역시 사하구 구평동,경상사고,0,0,1,0,차대차 - 기타,안전운전불이행,건조,맑음,단일로 - 기타,특수,남,59세,기타불명,승용,남,33세,경상
2021080300100378,2021년 8월 3일 18시,화요일,부산광역시 영도구 동삼동,중상사고,0,1,1,0,차대차 - 추돌,안전운전불이행,건조,맑음,단일로 - 기타,화물,남,47세,상해없음,승용,남,63세,중상
2021080300100379,2021년 8월 3일 18시,화요일,부산광역시 해운대구 좌동,경상사고,0,0,1,0,차대차 - 정면충돌,안전운전불이행,건조,맑음,교차로 - 교차로안,이륜,남,39세,상해없음,자전거,남,14세,경상
2021080300100380,2021년 8월 3일 18시,화요일,부산광역시 해운대구 재송동,경상사고,0,0,2,0,차대차 - 추돌,안전운전불이행,건조,맑음,교차로 - 교차로안,승용,여,44세,상해없음,승용,여,50세,경상
2021080300100382,2021년 8월 3일 18시,화요일,부산광역시 부산진구 범전동,경상사고,0,0,1,0,차대차 - 기타,안전운전불이행,건조,맑음,교차로 - 교차로안,승용,남,30세,상해없음,자전거,여,60세,경상
2021080300100383,2021년 8월 3일 18시,화요일,부산광역시 사하구 신평동,중상사고,0,1,0,0,차대사람 - 횡단중,보행자보호의무위반,건조,맑음,교차로 - 교차로부근,승용,남,48세,상해없음,보행자,남,35세,중상
2021080300100413,2021년 8월 3일 19시,화요일,부산광역시 해운대구 좌동,경상사고,0,0,1,0,차대차 - 측면충돌,안전운전불이행,건조,맑음,단일로 - 기타,승용,남,75세,상해없음,이륜,남,39세,경상
2021080300100462,2021년 8월 3일 21시,화요일,부산광역시 연제구 연산동,중상사고,0,1,2,0,차대차 - 측면충돌,안전운전불이행,건조,맑음,단일로 - 기타,승용,남,63세,상해없음,승용,남,59세,경상
2021080300100512,2021년 8월 3일 23시,화요일,부산광역시 동래구 온천동,중상사고,0,2,0,0,차대차 - 기타,기타,건조,맑음,교차로 - 교차로부근,이륜,남,25세,중상,승용,남,45세,상해없음