사고번호,사고일시,요일,시군구,사고내용,사망자수,중상자수,경상자수,부상신고자수,사고유형,법규위반,노면상태,기상상태,도로형태,가해운전자 차종,가해운전자 성별,가해운전자 연령,가해운전자 상해정도,피해운전자 차종,피해운전자 성별,피해운전자 연령,피해운전자 상해정도
2021081300100111,2021년 8월 13일 10시,금요일,부산광역시 해운대구 우동,경상사고,0,0,1,0,차대차 - 후진중충돌,안전운전불이행,건조,맑음,교차로 - 교차로부근,승용,남,85세,상해없음,승용,남,48세,경상
2021081300100112,2021년 8월 13일 10시,금요일,부산광역시 부산진구 개금동,중상사고,0,1,1,0,차대차 - 추돌,안전거리미확보,건조,맑음,단일로 - 기타,승용,여,26세,상해없음,승용,남,47세,중상
2021081300100178,2021년 8월 13일 12시,금요일,부산광역시 해운대구 재송동,중상사고,0,1,1,0,차대사람 - 보도통행중,보행자보호의무위반,젖음/습기,비,교차로 - 교차로횡단보도내,승용,여,35세,상해없음,보행자,여,64세,중상
2021081300100179,2021년 8월 13일 12시,금요일,부산광역시 부산진구 가야동,경상사고,0,0,1,0,차대사람 - 기타,안전운전불이행,젖음/습기,비,단일로 - 기타,화물,남,56세,상해없음,보행자,남,23세,경상
2021081300100180,2021년 8월 13일 12시,금요일,부산광역시 부산진구 가야동,경상사고,0,0,2,0,차대차 - 추돌,안전운전불이행,젖음/습기,비,단일로 - 기타,이륜,남,21세,상해없음,승용,남,62세,상해없음
2021081300100181,2021년 8월 13일 12시,금요일,부산광역시 연제구 연산동,중상사고,0,1,1,0,차대차 - 추돌,교차로운행방법위반,건조,맑음,교차로 - 교차로안,승용,남,69세,중상,승용,남,63세,경상
2021081300100216,2021년 8월 13일 13시,금요일,부산광역시 북구 화명동,중상사고,0,1,0,0,차대사람 - 횡단중,보행자보호의무위반,건조,맑음,교차로 - 교차로횡단보도내,승용,여,62세,상해없음,보행자,여,60세,중상
2021081300100217,2021년 8월 13일 13시,금요일,부산광역시 해운대구 우동,경상사고,0,0,1,0,차대차 - 측면충돌,안전운전불이행,건조,맑음,교차로 - 교차로부근,승합,남,50세,기타불명,승용,남,35세,경상
2021081300100245,2021년 8월 13일 14시,금요일,부산광역시 사하구 감천동,경상사고,0,0,1,0,차대차 - 기타,신호위반,건조,맑음,교차로 - 교차로안,승용,남,47세,상해없음,이륜,남,63세,경상
2021081300100289,2021년 8월 13일 15시,금요일,부산광역시 해운대구 중동,중상사고,0,1,0,0,차대차 - 기타,안전운전불이행,건조,맑음,단일로 - 기타,승용,남,38세,상해없음,화물,남,36세,중상
2021081300100290,2021년 8월 13일 15시,금요일,부산광역시 부산진구 당감동,경상사고,0,0,1,0,차대차 - 추돌,안전운전불이행,건조,기타,교차로 - 교차로부근,승용,남,34세,상해없음,승용,남,24세,경상
2021081300100291,2021년 8월 13일 15시,금요일,부산광역시 사하구 신평동,경상사고,0,0,1,0,차대차 - 기타,신호위반,건조,맑음,교차로 - 교차로안,승용,남,39세,상해없음,승용,여,47세,경상
2021081300100328,2021년 8월 13일 16시,금요일,부산광역시 동래구 온천동,경상사고,0,0,1,0,차대사람 - 기타,안전운전불이행,건조,맑음,단일로 - 기타,승용,여,69세,상해없음,보행자,남,26세,경상
2021081300100371,2021년 8월 13일 17시,금요일,부산광역시 남구 우암동,중상사고,0,1,0,0,차량단독 - 기타,기타,건조,맑음,단일로 - 기타,승합,남,59세,상해없음,,,,
2021081300100372,2021년 8월 13일 17시,금요일,부산광역시 북구 화명동,경상사고,0,0,1,0,차대차 - 측면충돌,교차로운행방법위반,건조,맑음,교차로 - 교차로안,승용,여,27세,상해없음,승용,여,42세,경상
2021081300100373,2021년 8월 13일 17시,금요일,부산광역시 영도구 대교동2가,중상사고,0,1,0,0,차대사람 - 횡단중,교차로운행방법위반,건조,맑음,교차로 - 교차로안,승용,남,65세,상해없음,보행자,여,52세,중상
2021081300100430,2021년 8월 13일 18시,금요일,부산광역시 부산진구 범천동,경상사고,0,0,1,0,차대사람 - 기타,안전운전불이행,건조,맑음,교차로 - 교차로안,승합,남,67세,상해없음,보행자,여,26세,경상
2021081300100473,2021년 8월 13일 19시,금요일,부산광역시 연제구 연산동,경상사고,0,0,1,0,차대사람 - 기타,안전운전불이행,건조,맑음,교차로 - 교차로부근,승용,여,63세,상해없음,보행자,여,70세,경상
2021081300100474,2021년 8월 13일 19시,금요일,부산광역시 수영구 망미동,경상사고,0,0,1,0,차대차 - 기타,안전운전불이행,건조,맑음,교차로 - 교차로안,승용,남,65세,상해없음,승용,남,27세,경상
2021081300100498,2021년 8월 13일 20시,금요일,부산광역시 사하구 감천동,중상사고,0,1,0,0,차대사람 - 기타,안전운전불이행,건조,맑음,기타 - 기타,승용,남,35세,상해없음,보행자,남,75세,중상
2021081300100499,2021년 8월 13일 20시,금요일,부산광역시 기장군 기장읍,중상사고,0,1,0,0,차대사람 - 차도통행중,안전운전불이행,젖음/습기,비,단일로 - 기타,승용,여,29세,상해없음,보행자,남,63세,중상
2021081300100521,2021년 8월 13일 21시,금요일,부산광역시 남구 대연동,중상사고,0,1,1,0,차대차 - 추돌,안전운전불이행,건조,맑음,단일로 - 기타,승용,남,54세,상해없음,승용,여,66세,경상
2021081300100549,2021년 8월 13일 22시,금요일,부산광역시 남구 대연동,경상사고,0,0,2,0,차대차 - 추돌,안전운전불이행,젖음/습기,비,교차로 - 교차로부근,승용,여,40세,상해없음,승용,여,47세,경상
2021081300100551,2021년 8월 13일 22시,금요일,부산광역시 해운대구 우동,경상사고,0,0,3,0,차대차 - 측면충돌,기타,건조,맑음,단일로 - 기타,승용,여,26세,상해없음,승용,남,60세,경상
2021081300100552,2021년 8월 13일 22시,금요일,부산광역시 금정구 장전동,중상사고,0,1,0,0,차대차 - 기타,기타,젖음/습기,비,교차로 - 교차로안,이륜,남,26세,중상,승용,남,58세,상해없음
2021081400100012,2021년 8월 14일 01시,토요일,부산광역시 수영구 광안동,중상사고,0,1,1,0,차대사람 - 기타,안전운전불이행,건조,맑음,단일로 - 기타,승용,남,19세,상해없음,보행자,남,22세,중상
2021081400100013,2021년 8월 14일 01시,토요일,부산광역시 연제구 거제동,중상사고,0,1,1,0,차대차 - 기타,신호위반,건조,맑음,교차로 - 교차로안,승용,여,40세,기타불명,승용,남,61세,경상
2021081400100034,2021년 8월 14일 04시,토요일,부산광역시 강서구 대저1동,경상사고,0,0,3,0,차대차 - 측면충돌,안전거리미확보,젖음/습기,비,단일로 - 기타,승용,남,18세,상해없음,승용,남,19세,상해없음
2021081400100043,2021년 8월 14일 06시,토요일,부산광역시 강서구 녹산동,경상사고,0,0,2,0,차대차 - 측면충돌,신호위반,젖음/습기,비,단일로 - 기타,승용,남,48세,상해없음,승용,남,35세,경상
2021081400100106,2021년 8월 14일 10시,토요일,부산광역시 해운대구 우동,경상사고,0,0,2,0,차대차 - 측면충돌,안전운전불이행,젖음/습기,비,기타 - 기타,승용,남,24세,기타불명,승용,남,45세,경상
2021081400100123,2021년 8월 14일 11시,토요일,부산광역시 부산진구 연지동,경상사고,0,0,1,0,차량단독 - 기타,기타,젖음/습기,비,단일로 - 기타,승합,남,55세,상해없음,,,,
2021081400100163,2021년 8월 14일 12시,토요일,부산광역시 금정구 장전동,부상신고사고,0,0,0,1,차대차 - 기타,직진우회전진행방해,젖음/습기,비,교차로 - 교차로안,이륜,남,25세,부상신고,승용,여,42세,상해없음
2021081400100223,2021년 8월 14일 14시,토요일,부산광역시 동래구 명륜동,경상사고,0,0,1,0,차대차 - 기타,신호위반,건조,맑음,교차로 - 교차로안,승용,여,55세,상해없음,이륜,남,29세,경상
2021081400100224,2021년 8월 14일 14시,토요일,부산광역시 영도구 영선동4가,경상사고,0,0,1,0,차대차 - 정면충돌,중앙선침범,젖음/습기,비,단일로 - 기타,승용,남,60세,상해없음,승합,남,57세,경상
2021081400100225,2021년 8월 14일 14시,토요일,부산광역시 금정구 장전동,경상사고,0,0,1,0,차대사람 - 기타,안전운전불이행,건조,맑음,단일로 - 기타,승용,남,22세,상해없음,보행자,여,29세,경상
2021081400100226,2021년 8월 14일 14시,토요일,부산광역시 사상구 주례동,경상사고,0,0,1,0,차대사람 - 차도통행중,안전운전불이행,건조,맑음,교차로 - 교차로안,승용,남,67세,상해없음,보행자,남,38세,경상
2021081400100261,2021년 8월 14일 15시,토요일,부산광역시 연제구 거제동,부상신고사고,0,0,0,2,차대차 - 측면충돌,안전운전불이행,젖음/습기,비,단일로 - 기타,승용,여,45세,상해없음,승용,여,36세,부상신고
2021081400100353,2021년 8월 14일 18시,토요일,부산광역시 중구 보수동1가,중상사고,0,1,0,0,차대사람 - 횡단중,안전운전불이행,건조,맑음,단일로 - 기타,승용,남,34세,상해없음,보행자,여,63세,중상
2021081400100354,2021년 8월 14일 18시,토요일,부산광역시 동래구 온천동,경상사고,0,0,1,0,차대차 - 측면충돌,안전운전불이행,건조,맑음,단일로 - 기타,승합,남,73세,상해없음,승용,남,59세,경상
2021081400100355,2021년 8월 14일 18시,토요일,부산광역시 사하구 괴정동,중상사고,0,1,0,0,차대사람 - 횡단중,신호위반,건조,맑음,교차로 - 교차로횡단보도내,이륜,남,18세,상해없음,보행자,여,82세,중상
2021081400100394,2021년 8월 14일 19시,토요일,부산광역시 해운대구 송정동,경상사고,0,0,2,0,차대차 - 기타,안전운전불이행,건조,맑음,교차로 - 교차로안,승용,남,22세,상해없음,승용,남,41세,경상
2021081400100395,2021년 8월 14일 19시,토요일,부산광역시 부산진구 부전동,중상사고,0,1,2,0,차대차 - 기타,신호위반,건조,맑음,교차로 - 교차로안,이륜,남,26세,중상,승용,남,24세,경상
2021081400100430,2021년 8월 14일 20시,토요일,부산광역시 수영구 망미동,경상사고,0,0,1,0,차대차 - 측면충돌,교차로운행방법위반,건조,맑음,교차로 - 교차로안,승용,남,26세,상해없음,승용,남,34세,경상
2021081400100431,2021년 8월 14일 20시,토요일,부산광역시 사상구 감전동,중상사고,0,1,0,0,차대사람 - 횡단중,신호위반,건조,맑음,단일로 - 기타,이륜,남,28세,상해없음,보행자,여,28세,중상
2021081400100432,2021년 8월 14일 20시,토요일,부산광역시 기장군 일광면,중상사고,0,1,3,0,차대차 - 측면충돌,안전운전불이행,건조,맑음,단일로 - 기타,승용,남,47세,상해없음,승용,남,26세,중상
2021081400100479,2021년 8월 14일 22시,토요일,부산광역시 동래구 낙민동,경상사고,0,0,1,0,차대차 - 측면충돌,안전운전불이행,건조,맑음,단일로 - 기타,승용,여,49세,상해없음,이륜,남,37세,경상
2021081400100504,2021년 8월 14일 23시,토요일,부산광역시 남구 대연동,경상사고,0,0,1,0,차대차 - 측면충돌,안전거리미확보,건조,맑음,단일로 - 기타,승용,남,49세,상해없음,이륜,남,17세,경상
2021081500100040,2021년 8월 15일 05시,일요일,부산광역시 부산진구 전포동,중상사고,0,1,0,0,차대차 - 기타,안전운전불이행,건조,맑음,기타 - 기타,승용,남,57세,상해없음,이륜,남,44세,중상
2021081500100056,2021년 8월 15일 08시,일요일,부산광역시 금정구 남산동,중상사고,0,1,1,0,차대차 - 후진중충돌,안전운전불이행,건조,맑음,교차로 - 교차로부근,승용,여,60세,상해없음,승용,남,61세,경상
2021081500100057,2021년 8월 15일 08시,일요일,부산광역시 사하구 신평동,경상사고,0,0,2,0,차대차 - 측면충돌,안전운전불이행,건조,맑음,교차로 - 교차로안,화물,남,57세,기타불명,승용,남,25세,경상
2021081500100130,2021년 8월 15일 12시,일요일,부산광역시 북구 금곡동,부상신고사고,0,0,0,1,차량단독 - 기타,안전운전불이행,건조,맑음,단일로 - 기타,원동기,남,59세,부상신고,,,,
2021081500100131,2021년 8월 15일 12시,일요일,부산광역시 북구 금곡동,경상사고,0,0,1,0,차대차 - 기타,신호위반,건조,맑음,교차로 - 교차로안,자전거,남,50세,경상,승용,여,56세,상해없음
2021081500100132,2021년 8월 15일 12시,일요일,부산광역시 부산진구 범천동,부상신고사고,0,0,0,2,차대차 - 측면충돌,안전운전불이행,건조,맑음,교차로 - 교차로안,이륜,남,24세,상해없음,승용,남,32세,부상신고
2021081500100157,2021년 8월 15일 13시,일요일,부산광역시 영도구 신선동1가,경상사고,0,0,1,0,차대차 - 측면충돌,직진우회전진행방해,건조,맑음,교차로 - 교차로안,화물,남,77세,상해없음,승용,남,63세,상해없음
2021081500100158,2021년 8월 15일 13시,일요일,부산광역시 부산진구 당감동,경상사고,0,0,1,0,차대차 - 정면충돌,중앙선침범,건조,맑음,기타 - 기타,승용,여,65세,상해없음,승용,남,45세,경상
2021081500100159,2021년 8월 15일 13시,일요일,부산광역시 기장군 정관읍,경상사고,0,0,5,0,차대차 - 추돌,안전운전불이행,건조,맑음,교차로 - 교차로부근,승용,남,69세,상해없음,승용,남,29세,경상
2021081500100189,2021년 8월 15일 14시,일요일,부산광역시 금정구 부곡동,경상사고,0,0,1,0,차대차 - 측면충돌,신호위반,건조,맑음,단일로 - 기타,승용,남,72세,상해없음,이륜,남,39세,경상
2021081500100190,2021년 8월 15일 14시,일요일,부산광역시 금정구 노포동,경상사고,0,0,1,0,차대차 - 기타,안전운전불이행,젖음/습기,비,단일로 - 기타,이륜,남,34세,상해없음,이륜,남,43세,경상
2021081500100191,2021년 8월 15일 14시,일요일,부산광역시 연제구 연산동,부상신고사고,0,0,0,1,차대차 - 추돌,안전운전불이행,건조,맑음,단일로 - 기타,승용,남,70세,상해없음,승용,남,44세,부상신고
2021081500100222,2021년 8월 15일 15시,일요일,부산광역시 연제구 연산동,경상사고,0,0,1,0,차대차 - 기타,안전운전불이행,젖음/습기,비,교차로 - 교차로부근,원동기,남,51세,경상,승용,남,39세,상해없음
2021081500100223,2021년 8월 15일 15시,일요일,부산광역시 강서구 대저1동,경상사고,0,0,1,0,차대차 - 기타,안전운전불이행,젖음/습기,흐림,교차로 - 교차로부근,승용,남,62세,상해없음,승용,남,35세,경상
2021081500100224,2021년 8월 15일 15시,일요일,부산광역시 강서구 대저1동,경상사고,0,0,6,4,차대차 - 기타,안전운전불이행,건조,맑음,교차로 - 교차로부근,승용,여,58세,상해없음,승용,여,27세,경상
2021081500100283,2021년 8월 15일 17시,일요일,부산광역시 동래구 사직동,경상사고,0,0,1,0,차대차 - 기타,안전운전불이행,건조,맑음,교차로 - 교차로안,승용,남,28세,상해없음,이륜,남,53세,경상
2021081500100284,2021년 8월 15일 17시,일요일,부산광역시 사하구 다대동,경상사고,0,0,1,0,차대차 - 기타,안전운전불이행,젖음/습기,비,단일로 - 기타,승용,남,43세,상해없음,승용,남,30세,경상
2021081500100310,2021년 8월 15일 18시,일요일,부산광역시 수영구 민락동,경상사고,0,0,1,0,차대차 - 기타,안전운전불이행,건조,맑음,교차로 - 교차로안,이륜,남,61세,상해없음,승용,남,55세,경상
2021081500100311,2021년 8월 15일 18시,일요일,부산광역시 동래구 온천동,경상사고,0,0,1,0,차대차 - 정면충돌,안전운전불이행,건조,맑음,기타 - 기타,승합,남,45세,상해없음,이륜,남,33세,경상
2021081500100312,2021년 8월 15일 18시,일요일,부산광역시 연제구 거제동,중상사고,0,1,0,1,차대차 - 정면충돌,안전운전불이행,건조,맑음,단일로 - 기타,자전거,남,12세,부상신고,자전거,남,62세,중상
2021081500100352,2021년 8월 15일 20시,일요일,부산광역시 강서구 강동동,사망사고,1,0,0,0,차대차 - 측면충돌,안전운전불이행,건조,맑음,교차로 - 교차로안,화물,남,43세,상해없음,이륜,남,58세,사망
2021081500100379,2021년 8월 15일 21시,일요일,부산광역시 부산진구 부전동,경상사고,0,0,1,0,차대사람 - 길가장자리구역통행중,안전운전불이행,건조,맑음,교차로 - 교차로부근,승용,남,36세,상해없음,보행자,여,61세,경상
2021081500100395,2021년 8월 15일 22시,일요일,부산광역시 북구 구포동,경상사고,0,0,1,0,차대차 - 측면충돌,안전운전불이행,건조,맑음,교차로 - 교차로안,승용,남,51세,상해없음,승용,남,67세,경상
2021081600100007,2021년 8월 16일 01시,월요일,부산광역시 금정구 두구동,사망사고,1,0,0,0,차대차 - 추돌,안전운전불이행,건조,맑음,단일로 - 지하차도(도로)내,승용,남,30세,사망,화물,남,52세,기타불명
2021081600100028,2021년 8월 16일 07시,월요일,부산광역시 사하구 장림동,경상사고,0,0,2,0,차대차 - 기타,안전거리미확보,건조,맑음,교차로 - 교차로부근,승용,남,27세,기타불명,승용,남,66세,경상
2021081600100029,2021년 8월 16일 07시,월요일,부산광역시 사상구 삼락동,경상사고,0,0,1,0,차대사람 - 기타,안전운전불이행,건조,맑음,기타 - 기타,자전거,남,30세,상해없음,보행자,여,59세,경상
2021081600100030,2021년 8월 16일 07시,월요일,부산광역시 기장군 정관읍,경상사고,0,0,1,0,차대차 - 기타,안전운전불이행,건조,맑음,교차로 - 교차로부근,승용,여,76세,상해없음,화물,남,40세,경상
2021081600100058,2021년 8월 16일 09시,월요일,부산광역시 사상구 감전동,경상사고,0,0,1,0,차대차 - 측면충돌,기타,건조,맑음,교차로 - 교차로부근,승용,남,63세,상해없음,화물,남,41세,경상
2021081600100072,2021년 8월 16일 10시,월요일,부산광역시 동구 수정동,경상사고,0,0,1,0,차량단독 - 기타,안전운전불이행,건조,맑음,단일로 - 기타,승합,남,54세,상해없음,,,,
2021081600100073,2021년 8월 16일 10시,월요일,부산광역시 강서구 죽림동,경상사고,0,0,1,0,차대차 - 기타,안전운전불이행,건조,맑음,교차로 - 교차로안,승용,여,45세,상해없음,화물,남,30세,경상
2021081600100098,2021년 8월 16일 11시,월요일,부산광역시 금정구 구서동,경상사고,0,0,1,0,차대차 - 측면충돌,안전운전불이행,건조,맑음,교차로 - 교차로안,승용,남,37세,상해없음,화물,남,40세,경상
2021081600100157,2021년 8월 16일 13시,월요일,부산광역시 동래구 낙민동,중상사고,0,1,0,0,차대사람 - 횡단중,안전운전불이행,건조,맑음,단일로 - 기타,승용,남,52세,상해없음,보행자,여,77세,중상
2021081600100159,2021년 8월 16일 13시,월요일,부산광역시 강서구 구랑동,경상사고,0,0,1,0,차대차 - 측면충돌,교차로운행방법위반,건조,맑음,교차로 - 교차로안,특수,남,50세,상해없음,승용,여,54세,경상
2021081600100160,2021년 8월 16일 13시,월요일,부산광역시 기장군 일광면,경상사고,0,0,2,0,차대차 - 측면충돌,안전거리미확보,건조,맑음,단일로 - 기타,승용,남,66세,상해없음,화물,남,65세,경상
2021081600100197,2021년 8월 16일 14시,월요일,부산광역시 해운대구 반여동,중상사고,0,1,0,0,차대차 - 측면충돌,신호위반,건조,맑음,교차로 - 교차로부근,이륜,남,74세,중상,승합,남,47세,상해없음
2021081600100236,2021년 8월 16일 15시,월요일,부산광역시 영도구 청학동,부상신고사고,0,0,0,1,차량단독 - 전도전복 - 전도,안전운전불이행,건조,맑음,단일로 - 기타,이륜,남,61세,부상신고,,,,
2021081600100237,2021년 8월 16일 15시,월요일,부산광역시 해운대구 재송동,경상사고,0,0,1,0,차대차 - 추돌,안전운전불이행,건조,맑음,단일로 - 기타,승용,여,42세,상해없음,승용,남,21세,경상
2021081600100238,2021년 8월 16일 15시,월요일,부산광역시 사하구 괴정동,경상사고,0,0,1,0,차대차 - 기타,안전운전불이행,건조,맑음,단일로 - 기타,승용,여,57세,기타불명,이륜,남,23세,경상
2021081600100303,2021년 8월 16일 17시,월요일,부산광역시 수영구 민락동,경상사고,0,0,1,0,차대사람 - 기타,안전운전불이행,건조,맑음,단일로 - 기타,승용,남,46세,상해없음,보행자,남,78세,경상
2021081600100367,2021년 8월 16일 19시,월요일,부산광역시 동래구 온천동,중상사고,0,1,0,0,차대차 - 기타,안전운전불이행,건조,맑음,단일로 - 기타,기타불명,기타불명,미분류,기타불명,자전거,남,55세,중상
2021081600100368,2021년 8월 16일 19시,월요일,부산광역시 부산진구 범천동,중상사고,0,2,3,0,차대사람 - 기타,신호위반,건조,맑음,교차로 - 교차로안,승용,여,67세,상해없음,보행자,여,28세,중상
2021081600100369,2021년 8월 16일 19시,월요일,부산광역시 강서구 명지동,중상사고,0,1,1,0,차대사람 - 횡단중,보행자보호의무위반,건조,맑음,단일로 - 기타,이륜,남,21세,상해없음,보행자,여,53세,중상
2021081600100370,2021년 8월 16일 19시,월요일,부산광역시 사상구 주례동,경상사고,0,0,1,0,차대차 - 추돌,안전운전불이행,건조,맑음,단일로 - 기타,승용,남,27세,상해없음,승용,남,31세,경상
2021081600100393,2021년 8월 16일 20시,월요일,부산광역시 사상구 모라동,중상사고,0,1,1,0,차대차 - 기타,안전거리미확보,건조,맑음,교차로 - 교차로부근,승용,남,55세,기타불명,승용,남,46세,중상
2021081600100445,2021년 8월 16일 22시,월요일,부산광역시 수영구 광안동,경상사고,0,0,1,0,차대차 - 기타,안전운전불이행,건조,맑음,단일로 - 기타,기타불명,기타불명,미분류,기타불명,자전거,여,25세,경상
2021081700100021,2021년 8월 17일 05시,화요일,부산광역시 연제구 연산동,경상사고,0,0,1,0,차대차 - 측면충돌,교차로운행방법위반,젖음/습기,비,교차로 - 교차로부근,승용,남,45세,상해없음,원동기,남,63세,경상
2021081700100022,2021년 8월 17일 05시,화요일,부산광역시 기장군 기장읍,중상사고,0,1,0,0,차대차 - 추돌,안전운전불이행,젖음/습기,비,단일로 - 기타,화물,남,66세,상해없음,승용,남,32세,중상
2021081700100064,2021년 8월 17일 08시,화요일,부산광역시 북구 화명동,경상사고,0,0,1,0,차대차 - 기타,안전운전불이행,건조,맑음,단일로 - 기타,화물,남,66세,상해없음,이륜,남,46세,경상
2021081700100065,2021년 8월 17일 08시,화요일,부산광역시 부산진구 가야동,경상사고,0,0,1,0,차대차 - 추돌,안전거리미확보,젖음/습기,비,단일로 - 교량,승용,여,32세,기타불명,승용,여,36세,경상
2021081700100100,2021년 8월 17일 09시,화요일,부산광역시 해운대구 우동,경상사고,0,0,1,0,차대차 - 추돌,안전운전불이행,젖음/습기,비,교차로 - 교차로안,승용,여,26세,상해없음,승용,남,38세,경상
2021081700100101,2021년 8월 17일 09시,화요일,부산광역시 금정구 부곡동,경상사고,0,0,1,2,차대차 - 추돌,안전거리미확보,건조,맑음,단일로 - 터널,승용,여,48세,상해없음,화물,남,49세,경상
2021081700100102,2021년 8월 17일 09시,화요일,부산광역시 연제구 연산동,경상사고,0,0,1,0,차대차 - 기타,안전거리미확보,건조,맑음,교차로 - 교차로부근,승용,남,65세,상해없음,승용,남,25세,경상
2021081700100164,2021년 8월 17일 11시,화요일,부산광역시 중구 중앙동4가,중상사고,0,1,0,0,차대차 - 측면충돌,안전운전불이행,젖음/습기,비,교차로 - 교차로부근,화물,남,28세,상해없음,승합,남,50세,중상
2021081700100165,2021년 8월 17일 11시,화요일,부산광역시 해운대구 우동,경상사고,0,0,1,0,차대차 - 추돌,안전운전불이행,젖음/습기,비,단일로 - 기타,기타불명,기타불명,미분류,기타불명,승용,여,48세,경상
2021081700100166,2021년 8월 17일 11시,화요일,부산광역시 부산진구 개금동,중상사고,0,1,0,0,차대사람 - 횡단중,보행자보호의무위반,젖음/습기,비,교차로 - 교차로횡단보도내,승용,여,50세,상해없음,보행자,남,86세,중상
2021081700100167,2021년 8월 17일 11시,화요일,부산광역시 동구 범일동,경상사고,0,0,1,0,차대차 - 측면충돌,안전거리미확보,젖음/습기,비,단일로 - 기타,승용,남,62세,상해없음,승용,남,54세,경상
2021081700100168,2021년 8월 17일 11시,화요일,부산광역시 사하구 구평동,중상사고,0,1,0,0,차대차 - 기타,안전운전불이행,건조,맑음,교차로 - 교차로부근,이륜,남,54세,중상,승용,남,79세,상해없음
2021081700100237,2021년 8월 17일 13시,화요일,부산광역시 부산진구 범천동,경상사고,0,0,3,0,차대차 - 추돌,안전운전불이행,건조,맑음,기타 - 기타,화물,남,39세,상해없음,승용,남,69세,경상
2021081700100270,2021년 8월 17일 14시,화요일,부산광역시 북구 금곡동,경상사고,0,0,2,0,차대차 - 추돌,안전운전불이행,건조,맑음,단일로 - 기타,승용,여,61세,상해없음,승용,남,28세,경상
2021081700100271,2021년 8월 17일 14시,화요일,부산광역시 부산진구 양정동,부상신고사고,0,0,0,1,차대차 - 기타,안전운전불이행,젖음/습기,비,교차로 - 교차로부근,이륜,남,26세,부상신고,승용,남,74세,상해없음
2021081700100272,2021년 8월 17일 14시,화요일,부산광역시 부산진구 범천동,경상사고,0,0,1,0,차대차 - 측면충돌,안전거리미확보,건조,맑음,교차로 - 교차로부근,승용,남,84세,상해없음,승용,여,36세,경상
2021081700100307,2021년 8월 17일 15시,화요일,부산광역시 영도구 동삼동,경상사고,0,0,2,0,차대차 - 측면충돌,직진우회전진행방해,건조,맑음,교차로 - 교차로안,승용,남,60세,기타불명,승용,여,50세,경상
2021081700100308,2021년 8월 17일 15시,화요일,부산광역시 해운대구 우동,경상사고,0,0,1,0,차대차 - 추돌,안전운전불이행,건조,맑음,단일로 - 터널,승용,남,41세,상해없음,화물,남,52세,경상
2021081700100309,2021년 8월 17일 15시,화요일,부산광역시 부산진구 개금동,경상사고,0,0,1,0,차대사람 - 횡단중,보행자보호의무위반,건조,맑음,교차로 - 교차로횡단보도내,화물,남,30세,상해없음,보행자,여,33세,경상
2021081700100310,2021년 8월 17일 15시,화요일,부산광역시 금정구 부곡동,중상사고,0,1,0,0,차대차 - 기타,교차로운행방법위반,건조,맑음,교차로 - 교차로안,승용,남,51세,상해없음,승용,남,42세,중상
2021081700100311,2021년 8월 17일 15시,화요일,부산광역시 강서구 지사동,중상사고,0,2,0,0,차대차 - 측면충돌,신호위반,건조,흐림,교차로 - 교차로안,화물,남,67세,상해없음,승용,남,47세,중상
2021081700100346,2021년 8월 17일 16시,화요일,부산광역시 남구 대연동,중상사고,0,1,0,0,차대사람 - 기타,안전거리미확보,건조,맑음,단일로 - 기타,승용,남,52세,상해없음,보행자,여,53세,중상
2021081700100347,2021년 8월 17일 16시,화요일,부산광역시 해운대구 재송동,경상사고,0,0,1,0,차대차 - 측면충돌,안전운전불이행,건조,맑음,단일로 - 기타,이륜,남,24세,상해없음,승용,남,26세,경상
2021081700100348,2021년 8월 17일 16시,화요일,부산광역시 부산진구 범천동,경상사고,0,0,1,0,차대차 - 측면충돌,안전거리미확보,건조,맑음,교차로 - 교차로부근,승용,남,65세,상해없음,승용,남,27세,경상
2021081700100390,2021년 8월 17일 17시,화요일,부산광역시 서구 충무동2가,중상사고,0,1,0,0,차대사람 - 보도통행중,안전운전불이행,건조,맑음,단일로 - 기타,승용,남,58세,상해없음,보행자,여,81세,중상
2021081700100391,2021년 8월 17일 17시,화요일,부산광역시 서구 암남동,경상사고,0,0,1,0,차대차 - 기타,차로위반,건조,맑음,단일로 - 기타,이륜,남,39세,경상,승용,남,77세,상해없음
2021081700100392,2021년 8월 17일 17시,화요일,부산광역시 수영구 남천동,경상사고,0,0,1,0,차대차 - 기타,안전운전불이행,건조,맑음,단일로 - 기타,승용,남,32세,상해없음,이륜,남,40세,경상
2021081700100393,2021년 8월 17일 17시,화요일,부산광역시 강서구 명지동,경상사고,0,0,2,0,차대차 - 기타,안전운전불이행,건조,맑음,교차로 - 교차로안,승용,남,33세,상해없음,승용,남,60세,경상
2021081700100434,2021년 8월 17일 18시,화요일,부산광역시 서구 토성동3가,경상사고,0,0,1,0,차대차 - 측면충돌,신호위반,건조,맑음,교차로 - 교차로안,원동기,남,35세,상해없음,승용,남,66세,경상
2021081700100435,2021년 8월 17일 18시,화요일,부산광역시 부산진구 부전동,경상사고,0,0,1,0,차대차 - 측면충돌,안전운전불이행,건조,맑음,교차로 - 교차로안,이륜,여,21세,상해없음,이륜,남,17세,경상
2021081700100469,2021년 8월 17일 19시,화요일,부산광역시 북구 덕천동,경상사고,0,0,1,0,차대차 - 기타,안전운전불이행,건조,맑음,단일로 - 기타,이륜,남,19세,상해없음,승합,남,57세,상해없음