사고번호,사고일시,요일,시군구,사고내용,사망자수,중상자수,경상자수,부상신고자수,사고유형,법규위반,노면상태,기상상태,도로형태,가해운전자 차종,가해운전자 성별,가해운전자 연령,가해운전자 상해정도,피해운전자 차종,피해운전자 성별,피해운전자 연령,피해운전자 상해정도
2021081700100470,2021년 8월 17일 19시,화요일,부산광역시 부산진구 당감동,중상사고,0,1,0,0,차대차 - 추돌,안전운전불이행,건조,맑음,단일로 - 기타,승용,남,32세,상해없음,이륜,남,30세,중상
2021081700100507,2021년 8월 17일 20시,화요일,부산광역시 영도구 영선동4가,중상사고,0,1,0,0,차대사람 - 횡단중,신호위반,건조,맑음,단일로 - 기타,이륜,남,25세,상해없음,보행자,여,61세,중상
2021081700100508,2021년 8월 17일 20시,화요일,부산광역시 사하구 다대동,경상사고,0,0,1,0,차대사람 - 차도통행중,안전운전불이행,건조,맑음,기타 - 기타,화물,남,72세,상해없음,보행자,남,60세,경상
2021081700100536,2021년 8월 17일 21시,화요일,부산광역시 수영구 광안동,경상사고,0,0,1,0,차대사람 - 길가장자리구역통행중,안전운전불이행,건조,맑음,단일로 - 기타,기타불명,기타불명,미분류,기타불명,보행자,남,26세,경상
2021081800100026,2021년 8월 18일 06시,수요일,부산광역시 해운대구 우동,경상사고,0,0,1,0,차대차 - 측면충돌,신호위반,건조,맑음,교차로 - 교차로횡단보도내,승용,남,54세,상해없음,개인형이동수단(PM),여,44세,경상
2021081800100027,2021년 8월 18일 06시,수요일,부산광역시 해운대구 반송동,경상사고,0,0,1,0,차대사람 - 차도통행중,신호위반,건조,맑음,단일로 - 기타,이륜,남,18세,상해없음,보행자,여,60세,경상
2021081800100091,2021년 8월 18일 09시,수요일,부산광역시 사하구 신평동,경상사고,0,0,1,0,차대차 - 추돌,안전운전불이행,젖음/습기,비,단일로 - 기타,화물,남,61세,상해없음,화물,남,40세,상해없음
2021081800100120,2021년 8월 18일 10시,수요일,부산광역시 동구 수정동,경상사고,0,0,1,0,차대사람 - 길가장자리구역통행중,안전운전불이행,젖음/습기,비,단일로 - 기타,승용,여,58세,상해없음,보행자,남,5세,경상
2021081800100121,2021년 8월 18일 10시,수요일,부산광역시 부산진구 개금동,경상사고,0,0,1,0,차대차 - 측면충돌,교차로운행방법위반,건조,맑음,교차로 - 교차로안,승용,여,66세,상해없음,승용,여,49세,경상
2021081800100122,2021년 8월 18일 10시,수요일,부산광역시 강서구 명지동,경상사고,0,0,1,0,차대차 - 추돌,안전거리미확보,젖음/습기,비,단일로 - 기타,승용,여,47세,상해없음,화물,남,42세,경상
2021081800100148,2021년 8월 18일 11시,수요일,부산광역시 동구 수정동,경상사고,0,0,1,0,차대차 - 기타,안전거리미확보,젖음/습기,비,교차로 - 교차로부근,승용,여,42세,상해없음,승합,남,59세,상해없음
2021081800100149,2021년 8월 18일 11시,수요일,부산광역시 서구 충무동1가,중상사고,0,1,0,0,차대사람 - 기타,안전운전불이행,젖음/습기,비,단일로 - 기타,승용,남,55세,상해없음,보행자,여,72세,중상
2021081800100150,2021년 8월 18일 11시,수요일,부산광역시 북구 덕천동,경상사고,0,0,1,0,차대사람 - 차도통행중,안전운전불이행,건조,맑음,기타 - 기타,원동기,남,29세,상해없음,보행자,여,72세,경상
2021081800100151,2021년 8월 18일 11시,수요일,부산광역시 부산진구 개금동,중상사고,0,1,0,0,차대차 - 기타,안전운전불이행,젖음/습기,비,단일로 - 기타,승용,남,66세,상해없음,이륜,남,51세,중상
2021081800100152,2021년 8월 18일 11시,수요일,부산광역시 사상구 덕포동,경상사고,0,0,1,0,차대차 - 측면충돌,차로위반,건조,맑음,단일로 - 기타,화물,남,59세,상해없음,승합,남,58세,경상
2021081800100184,2021년 8월 18일 12시,수요일,부산광역시 북구 만덕동,경상사고,0,0,1,0,차대차 - 기타,직진우회전진행방해,건조,맑음,교차로 - 교차로안,승용,남,43세,상해없음,원동기,남,35세,경상
2021081800100219,2021년 8월 18일 13시,수요일,부산광역시 남구 용호동,경상사고,0,0,1,0,차대사람 - 기타,안전운전불이행,젖음/습기,비,단일로 - 기타,승용,여,28세,상해없음,보행자,여,8세,경상
2021081800100220,2021년 8월 18일 13시,수요일,부산광역시 영도구 동삼동,경상사고,0,0,1,0,차대차 - 정면충돌,안전운전불이행,건조,맑음,단일로 - 기타,승용,남,67세,상해없음,이륜,남,19세,경상
2021081800100221,2021년 8월 18일 13시,수요일,부산광역시 금정구 남산동,부상신고사고,0,0,0,1,차대차 - 기타,직진우회전진행방해,젖음/습기,비,교차로 - 교차로안,이륜,남,46세,부상신고,승용,남,51세,상해없음
2021081800100255,2021년 8월 18일 14시,수요일,부산광역시 강서구 대저1동,경상사고,0,0,1,0,차대차 - 측면충돌,신호위반,건조,맑음,교차로 - 교차로안,자전거,남,82세,경상,승용,남,47세,상해없음
2021081800100315,2021년 8월 18일 16시,수요일,부산광역시 부산진구 양정동,중상사고,0,1,0,0,차대사람 - 횡단중,보행자보호의무위반,건조,맑음,교차로 - 교차로횡단보도내,화물,남,32세,상해없음,보행자,남,74세,중상
2021081800100355,2021년 8월 18일 17시,수요일,부산광역시 중구 남포동5가,부상신고사고,0,0,0,1,차대차 - 측면충돌,안전운전불이행,건조,맑음,교차로 - 교차로부근,이륜,남,55세,부상신고,승용,남,46세,상해없음
2021081800100356,2021년 8월 18일 17시,수요일,부산광역시 해운대구 중동,중상사고,0,2,0,0,차대차 - 측면충돌,신호위반,건조,맑음,교차로 - 교차로안,이륜,남,35세,중상,자전거,남,25세,중상
2021081800100357,2021년 8월 18일 17시,수요일,부산광역시 부산진구 개금동,중상사고,0,1,0,0,차대사람 - 횡단중,안전운전불이행,건조,맑음,교차로 - 교차로안,승용,여,39세,상해없음,보행자,여,83세,중상
2021081800100407,2021년 8월 18일 18시,수요일,부산광역시 수영구 남천동,중상사고,0,1,0,0,차대차 - 기타,안전운전불이행,건조,맑음,교차로 - 교차로부근,이륜,남,25세,중상,승용,남,65세,상해없음
2021081800100497,2021년 8월 18일 20시,수요일,부산광역시 금정구 부곡동,경상사고,0,0,1,0,차대사람 - 기타,안전운전불이행,건조,맑음,교차로 - 교차로부근,기타불명,기타불명,미분류,기타불명,보행자,여,44세,경상
2021081800100523,2021년 8월 18일 21시,수요일,부산광역시 동래구 온천동,경상사고,0,0,1,0,차대사람 - 보도통행중,기타,건조,맑음,단일로 - 기타,이륜,남,32세,상해없음,보행자,남,52세,경상
2021081800100524,2021년 8월 18일 21시,수요일,부산광역시 기장군 정관읍,중상사고,0,1,0,0,차대차 - 추돌,안전운전불이행,건조,맑음,단일로 - 기타,승용,남,41세,상해없음,승용,여,49세,중상
2021081800100549,2021년 8월 18일 22시,수요일,부산광역시 부산진구 개금동,경상사고,0,0,1,0,차대차 - 측면충돌,교차로운행방법위반,건조,맑음,교차로 - 교차로부근,이륜,남,21세,상해없음,이륜,남,17세,경상
2021081800100550,2021년 8월 18일 22시,수요일,부산광역시 부산진구 양정동,부상신고사고,0,0,0,1,차량단독 - 기타,안전운전불이행,젖음/습기,비,단일로 - 기타,이륜,남,20세,부상신고,,,,
2021081800100551,2021년 8월 18일 22시,수요일,부산광역시 사상구 괘법동,경상사고,0,0,1,0,차대차 - 추돌,교차로운행방법위반,건조,맑음,교차로 - 교차로안,승용,여,40세,상해없음,승용,남,25세,경상
2021081800100552,2021년 8월 18일 22시,수요일,부산광역시 기장군 정관읍,경상사고,0,0,1,0,차대차 - 기타,안전운전불이행,젖음/습기,흐림,교차로 - 교차로안,승용,여,49세,상해없음,이륜,남,19세,경상
2021081900100055,2021년 8월 19일 08시,목요일,부산광역시 수영구 남천동,경상사고,0,0,1,0,차대차 - 기타,안전운전불이행,건조,맑음,교차로 - 교차로부근,승용,남,71세,상해없음,이륜,여,32세,경상
2021081900100056,2021년 8월 19일 08시,목요일,부산광역시 동래구 낙민동,경상사고,0,0,1,0,차대사람 - 횡단중,보행자보호의무위반,건조,맑음,단일로 - 기타,화물,남,32세,상해없음,보행자,여,69세,경상
2021081900100057,2021년 8월 19일 08시,목요일,부산광역시 동래구 안락동,경상사고,0,0,1,0,차대차 - 기타,안전운전불이행,건조,맑음,단일로 - 기타,승용,여,42세,상해없음,자전거,남,52세,경상
2021081900100058,2021년 8월 19일 08시,목요일,부산광역시 해운대구 좌동,중상사고,0,1,0,0,차대사람 - 기타,보행자보호의무위반,건조,맑음,단일로 - 기타,승용,남,28세,상해없음,보행자,남,90세,중상
2021081900100094,2021년 8월 19일 09시,목요일,부산광역시 동구 초량동,경상사고,0,0,2,0,차대차 - 측면충돌,안전거리미확보,건조,맑음,단일로 - 기타,승용,남,75세,상해없음,승용,남,39세,경상
2021081900100131,2021년 8월 19일 10시,목요일,부산광역시 부산진구 범전동,경상사고,0,0,1,0,차대차 - 추돌,안전운전불이행,건조,맑음,단일로 - 기타,이륜,남,59세,상해없음,승용,남,57세,경상
2021081900100132,2021년 8월 19일 10시,목요일,부산광역시 금정구 부곡동,경상사고,0,0,2,0,차대차 - 측면충돌,안전거리미확보,건조,맑음,단일로 - 기타,승용,남,38세,상해없음,승용,여,48세,경상
2021081900100175,2021년 8월 19일 11시,목요일,부산광역시 사상구 괘법동,경상사고,0,0,1,0,차대차 - 후진중충돌,안전운전불이행,건조,맑음,교차로 - 교차로안,화물,남,62세,상해없음,이륜,남,20세,경상
2021081900100211,2021년 8월 19일 12시,목요일,부산광역시 연제구 연산동,부상신고사고,0,0,0,1,차대차 - 추돌,교차로운행방법위반,건조,맑음,교차로 - 교차로안,화물,남,66세,상해없음,이륜,남,44세,부상신고
2021081900100212,2021년 8월 19일 12시,목요일,부산광역시 사상구 감전동,경상사고,0,0,1,0,차대차 - 측면충돌,안전운전불이행,건조,맑음,단일로 - 지하차도(도로)내,승용,여,43세,상해없음,승용,남,48세,경상
2021081900100246,2021년 8월 19일 13시,목요일,부산광역시 부산진구 부암동,경상사고,0,0,2,0,차대차 - 측면충돌,교차로운행방법위반,건조,맑음,교차로 - 교차로부근,승용,남,70세,상해없음,승용,여,31세,경상
2021081900100276,2021년 8월 19일 14시,목요일,부산광역시 해운대구 우동,경상사고,0,0,1,0,차대차 - 측면충돌,불법유턴,건조,맑음,교차로 - 교차로안,화물,남,52세,기타불명,승용,남,63세,경상
2021081900100307,2021년 8월 19일 15시,목요일,부산광역시 서구 충무동1가,경상사고,0,0,1,0,차대차 - 후진중충돌,안전운전불이행,건조,맑음,단일로 - 기타,승용,남,68세,상해없음,승용,여,53세,경상
2021081900100308,2021년 8월 19일 15시,목요일,부산광역시 연제구 연산동,경상사고,0,0,1,0,차대사람 - 차도통행중,안전운전불이행,건조,맑음,단일로 - 기타,화물,남,50세,상해없음,보행자,남,60세,경상
2021081900100309,2021년 8월 19일 15시,목요일,부산광역시 강서구 신호동,경상사고,0,0,2,0,차대차 - 측면충돌,안전거리미확보,건조,맑음,단일로 - 기타,특수,남,62세,상해없음,승용,남,50세,경상
2021081900100351,2021년 8월 19일 16시,목요일,부산광역시 해운대구 반송동,중상사고,0,1,0,0,차대차 - 정면충돌,안전운전불이행,건조,맑음,교차로 - 교차로안,승용,남,26세,상해없음,자전거,남,72세,중상
2021081900100352,2021년 8월 19일 16시,목요일,부산광역시 해운대구 좌동,중상사고,0,1,0,0,차대차 - 기타,교차로운행방법위반,건조,맑음,교차로 - 교차로부근,승용,남,48세,상해없음,승용,여,62세,중상
2021081900100353,2021년 8월 19일 16시,목요일,부산광역시 사하구 장림동,중상사고,0,1,0,0,차대차 - 기타,기타,건조,맑음,단일로 - 기타,승합,남,32세,상해없음,이륜,남,57세,중상
2021081900100391,2021년 8월 19일 17시,목요일,부산광역시 남구 문현동,경상사고,0,0,1,0,차대차 - 정면충돌,교차로운행방법위반,건조,맑음,교차로 - 교차로안,승용,남,41세,상해없음,자전거,남,12세,경상
2021081900100392,2021년 8월 19일 17시,목요일,부산광역시 동래구 안락동,중상사고,0,1,9,0,차대차 - 측면충돌,신호위반,건조,맑음,교차로 - 교차로안,이륜,남,42세,중상,승합,남,61세,경상
2021081900100393,2021년 8월 19일 17시,목요일,부산광역시 동래구 낙민동,경상사고,0,0,1,0,차대차 - 측면충돌,안전거리미확보,건조,맑음,단일로 - 기타,승용,여,59세,상해없음,승용,남,42세,경상
2021081900100394,2021년 8월 19일 17시,목요일,부산광역시 강서구 명지동,경상사고,0,0,1,0,차대차 - 기타,중앙선침범,건조,맑음,단일로 - 기타,승용,남,72세,상해없음,이륜,남,37세,경상
2021081900100473,2021년 8월 19일 19시,목요일,부산광역시 연제구 거제동,경상사고,0,0,2,0,차대차 - 기타,안전거리미확보,젖음/습기,비,단일로 - 기타,승용,남,51세,상해없음,승용,남,35세,경상
2021081900100504,2021년 8월 19일 20시,목요일,부산광역시 금정구 서동,경상사고,0,0,1,0,차대차 - 기타,교차로운행방법위반,젖음/습기,흐림,교차로 - 교차로안,이륜,남,37세,상해없음,이륜,남,34세,경상
2021081900100581,2021년 8월 19일 23시,목요일,부산광역시 연제구 연산동,경상사고,0,0,1,0,차대차 - 추돌,안전운전불이행,건조,맑음,단일로 - 기타,승용,남,43세,상해없음,승용,남,33세,경상
2021082000100026,2021년 8월 20일 06시,금요일,부산광역시 해운대구 반여동,중상사고,0,1,0,0,차대차 - 추돌,안전운전불이행,건조,맑음,단일로 - 기타,이륜,여,29세,중상,화물,남,57세,상해없음
2021082000100027,2021년 8월 20일 06시,금요일,부산광역시 사하구 신평동,경상사고,0,0,5,0,차대차 - 기타,안전운전불이행,건조,맑음,교차로 - 교차로안,승용,남,63세,상해없음,승합,남,61세,경상
2021082000100061,2021년 8월 20일 08시,금요일,부산광역시 부산진구 당감동,경상사고,0,0,1,0,차대차 - 추돌,안전운전불이행,건조,맑음,단일로 - 기타,승용,여,49세,상해없음,승용,여,60세,경상
2021082000100062,2021년 8월 20일 08시,금요일,부산광역시 사상구 감전동,중상사고,0,1,0,0,차대차 - 측면충돌,안전운전불이행,건조,맑음,교차로 - 교차로횡단보도내,승합,남,46세,상해없음,자전거,남,71세,중상
2021082000100093,2021년 8월 20일 09시,금요일,부산광역시 동래구 수안동,경상사고,0,0,1,0,차대차 - 측면충돌,신호위반,건조,맑음,교차로 - 교차로안,승용,남,84세,상해없음,승용,여,78세,경상
2021082000100148,2021년 8월 20일 11시,금요일,부산광역시 북구 금곡동,경상사고,0,0,2,0,차대차 - 측면충돌,안전운전불이행,건조,맑음,단일로 - 기타,승용,여,28세,상해없음,승용,남,54세,경상
2021082000100183,2021년 8월 20일 12시,금요일,부산광역시 해운대구 송정동,중상사고,0,2,1,0,차대차 - 추돌,중앙선침범,건조,맑음,단일로 - 기타,승용,남,46세,기타불명,승용,남,38세,중상
2021082000100184,2021년 8월 20일 12시,금요일,부산광역시 부산진구 부전동,중상사고,0,1,2,1,차대차 - 기타,안전거리미확보,건조,맑음,단일로 - 기타,승용,여,40세,상해없음,승용,남,36세,중상
2021082000100185,2021년 8월 20일 12시,금요일,부산광역시 금정구 구서동,경상사고,0,0,2,1,차대차 - 추돌,안전운전불이행,건조,흐림,교차로 - 교차로안,승용,남,81세,부상신고,승용,남,30세,경상
2021082000100186,2021년 8월 20일 12시,금요일,부산광역시 금정구 부곡동,중상사고,0,1,0,0,차대차 - 측면충돌,신호위반,건조,맑음,단일로 - 기타,승용,남,75세,상해없음,이륜,남,57세,중상
2021082000100187,2021년 8월 20일 12시,금요일,부산광역시 금정구 장전동,경상사고,0,0,1,0,차대차 - 기타,안전운전불이행,건조,맑음,교차로 - 교차로부근,이륜,남,23세,상해없음,개인형이동수단(PM),남,34세,경상
2021082000100223,2021년 8월 20일 13시,금요일,부산광역시 동래구 안락동,경상사고,0,0,1,0,차대차 - 추돌,안전운전불이행,건조,맑음,단일로 - 기타,화물,남,66세,상해없음,승용,남,63세,경상
2021082000100224,2021년 8월 20일 13시,금요일,부산광역시 사상구 주례동,경상사고,0,0,1,0,차대사람 - 횡단중,안전운전불이행,건조,맑음,교차로 - 교차로안,화물,남,51세,상해없음,보행자,여,52세,경상
2021082000100273,2021년 8월 20일 14시,금요일,부산광역시 해운대구 재송동,경상사고,0,0,1,0,차대차 - 측면충돌,안전운전불이행,건조,맑음,교차로 - 교차로안,승용,남,60세,기타불명,승용,남,43세,경상
2021082000100305,2021년 8월 20일 15시,금요일,부산광역시 부산진구 개금동,경상사고,0,0,1,0,차대사람 - 횡단중,보행자보호의무위반,건조,맑음,교차로 - 교차로횡단보도내,승용,남,61세,상해없음,보행자,남,29세,경상
2021082000100306,2021년 8월 20일 15시,금요일,부산광역시 금정구 부곡동,경상사고,0,0,1,0,차대차 - 기타,교차로운행방법위반,건조,맑음,교차로 - 교차로안,승용,남,52세,상해없음,원동기,여,64세,경상
2021082000100345,2021년 8월 20일 16시,금요일,부산광역시 해운대구 좌동,경상사고,0,0,2,0,차대차 - 추돌,안전운전불이행,건조,맑음,단일로 - 기타,승용,남,60세,상해없음,승용,여,45세,경상
2021082000100346,2021년 8월 20일 16시,금요일,부산광역시 부산진구 부전동,경상사고,0,0,1,0,차대차 - 기타,신호위반,건조,맑음,교차로 - 교차로안,승용,남,65세,상해없음,승용,남,61세,상해없음
2021082000100347,2021년 8월 20일 16시,금요일,부산광역시 금정구 서동,중상사고,0,1,0,0,차대사람 - 횡단중,안전운전불이행,건조,맑음,단일로 - 기타,승용,남,72세,상해없음,보행자,여,78세,중상
2021082000100348,2021년 8월 20일 16시,금요일,부산광역시 연제구 연산동,중상사고,0,1,0,0,차대사람 - 횡단중,보행자보호의무위반,건조,맑음,교차로 - 교차로안,승용,남,58세,상해없음,보행자,여,52세,중상
2021082000100389,2021년 8월 20일 17시,금요일,부산광역시 북구 덕천동,경상사고,0,0,1,0,차대사람 - 차도통행중,안전운전불이행,건조,맑음,단일로 - 지하차도(도로)내,승용,남,68세,상해없음,보행자,여,41세,경상
2021082000100390,2021년 8월 20일 17시,금요일,부산광역시 해운대구 우동,중상사고,0,1,0,0,차대사람 - 길가장자리구역통행중,안전운전불이행,건조,맑음,단일로 - 기타,개인형이동수단(PM),여,24세,상해없음,보행자,여,44세,중상
2021082000100391,2021년 8월 20일 17시,금요일,부산광역시 해운대구 우동,경상사고,0,0,2,0,차대차 - 추돌,안전거리미확보,건조,맑음,교차로 - 교차로부근,승용,여,45세,상해없음,승용,여,55세,경상
2021082000100392,2021년 8월 20일 17시,금요일,부산광역시 기장군 기장읍,부상신고사고,0,0,0,1,차대차 - 측면충돌,안전운전불이행,건조,맑음,기타 - 기타,화물,남,59세,상해없음,승용,남,56세,부상신고
2021082000100444,2021년 8월 20일 18시,금요일,부산광역시 남구 대연동,중상사고,0,1,2,0,차대차 - 추돌,안전운전불이행,건조,맑음,단일로 - 기타,승용,여,51세,상해없음,승용,남,75세,상해없음
2021082000100445,2021년 8월 20일 18시,금요일,부산광역시 북구 구포동,경상사고,0,0,1,0,차대차 - 정면충돌,신호위반,건조,맑음,교차로 - 교차로안,승용,남,65세,상해없음,이륜,남,26세,경상
2021082000100446,2021년 8월 20일 18시,금요일,부산광역시 동래구 명륜동,중상사고,0,1,0,0,차대차 - 기타,안전운전불이행,건조,맑음,단일로 - 기타,이륜,남,33세,상해없음,승용,남,76세,상해없음
2021082000100447,2021년 8월 20일 18시,금요일,부산광역시 해운대구 우동,경상사고,0,0,2,0,차대차 - 측면충돌,교차로운행방법위반,건조,맑음,교차로 - 교차로안,승용,남,61세,경상,승용,남,27세,기타불명
2021082000100448,2021년 8월 20일 18시,금요일,부산광역시 부산진구 개금동,경상사고,0,0,1,1,차대차 - 기타,안전운전불이행,건조,맑음,교차로 - 교차로안,승용,남,46세,부상신고,승용,남,28세,경상
2021082000100496,2021년 8월 20일 19시,금요일,부산광역시 강서구 명지동,부상신고사고,0,0,0,1,차량단독 - 기타,안전거리미확보,건조,맑음,단일로 - 기타,이륜,남,38세,부상신고,,,,
2021082100100043,2021년 8월 21일 07시,토요일,부산광역시 사상구 주례동,경상사고,0,0,1,0,차대차 - 기타,안전거리미확보,젖음/습기,비,단일로 - 기타,특수,남,64세,기타불명,화물,남,27세,경상
2021082100100067,2021년 8월 21일 09시,토요일,부산광역시 동구 수정동,중상사고,0,1,0,0,차대사람 - 기타,안전운전불이행,젖음/습기,비,단일로 - 기타,승합,남,48세,상해없음,보행자,여,66세,중상
2021082100100068,2021년 8월 21일 09시,토요일,부산광역시 서구 동대신동2가,경상사고,0,0,1,0,차대차 - 측면충돌,안전운전불이행,젖음/습기,비,교차로 - 교차로안,승용,남,38세,상해없음,화물,남,48세,경상
2021082100100069,2021년 8월 21일 09시,토요일,부산광역시 부산진구 가야동,중상사고,0,1,0,0,차대사람 - 횡단중,보행자보호의무위반,젖음/습기,비,교차로 - 교차로횡단보도내,화물,남,35세,상해없음,보행자,남,58세,중상
2021082100100093,2021년 8월 21일 10시,토요일,부산광역시 사하구 하단동,경상사고,0,0,2,0,차대차 - 측면충돌,안전운전불이행,젖음/습기,비,교차로 - 교차로부근,특수,남,30세,경상,승용,여,48세,경상
2021082100100152,2021년 8월 21일 12시,토요일,부산광역시 동래구 안락동,경상사고,0,0,2,0,차대차 - 추돌,안전운전불이행,젖음/습기,비,단일로 - 기타,승용,남,54세,상해없음,승용,여,64세,경상
2021082100100153,2021년 8월 21일 12시,토요일,부산광역시 강서구 명지동,경상사고,0,0,1,0,차대차 - 기타,안전거리미확보,젖음/습기,비,교차로 - 교차로안,이륜,남,40세,경상,승용,남,65세,상해없음
2021082100100200,2021년 8월 21일 13시,토요일,부산광역시 사하구 구평동,중상사고,0,1,0,0,차대차 - 추돌,안전운전불이행,젖음/습기,비,단일로 - 기타,이륜,남,40세,중상,승용,남,49세,상해없음
2021082100100201,2021년 8월 21일 13시,토요일,부산광역시 금정구 노포동,경상사고,0,0,3,0,차대차 - 측면충돌,안전운전불이행,젖음/습기,비,단일로 - 기타,승용,남,55세,상해없음,승용,여,44세,경상
2021082100100279,2021년 8월 21일 15시,토요일,부산광역시 사하구 하단동,경상사고,0,0,1,0,차대차 - 측면충돌,안전운전불이행,젖음/습기,비,단일로 - 기타,승용,남,65세,상해없음,승용,여,72세,경상
2021082100100367,2021년 8월 21일 18시,토요일,부산광역시 북구 구포동,경상사고,0,0,1,0,차대차 - 기타,안전운전불이행,건조,맑음,교차로 - 교차로안,승용,여,49세,상해없음,승용,남,58세,경상
2021082100100368,2021년 8월 21일 18시,토요일,부산광역시 기장군 정관읍,경상사고,0,0,1,0,차대차 - 측면충돌,안전운전불이행,젖음/습기,비,교차로 - 교차로안,승용,여,55세,상해없음,이륜,남,51세,경상
2021082100100423,2021년 8월 21일 20시,토요일,부산광역시 서구 부민동1가,경상사고,0,0,1,0,차대차 - 정면충돌,중앙선침범,젖음/습기,흐림,교차로 - 교차로부근,이륜,남,46세,상해없음,이륜,남,28세,경상
2021082100100424,2021년 8월 21일 20시,토요일,부산광역시 금정구 장전동,부상신고사고,0,0,0,1,차대차 - 기타,직진우회전진행방해,건조,맑음,교차로 - 교차로안,이륜,남,21세,부상신고,승용,남,49세,상해없음
2021082100100452,2021년 8월 21일 21시,토요일,부산광역시 수영구 광안동,중상사고,0,1,0,0,차대사람 - 보도통행중,안전운전불이행,젖음/습기,비,교차로 - 교차로횡단보도내,특수,남,47세,상해없음,보행자,여,28세,중상
2021082100100453,2021년 8월 21일 21시,토요일,부산광역시 동래구 명장동,경상사고,0,0,1,0,차대사람 - 기타,안전운전불이행,젖음/습기,비,단일로 - 기타,승용,남,53세,상해없음,보행자,남,55세,경상
2021082100100454,2021년 8월 21일 21시,토요일,부산광역시 해운대구 반송동,경상사고,0,0,2,0,차대차 - 기타,안전운전불이행,젖음/습기,비,단일로 - 기타,승용,남,44세,상해없음,이륜,남,19세,경상
2021082100100514,2021년 8월 21일 23시,토요일,부산광역시 기장군 일광면,경상사고,0,0,1,0,차대차 - 추돌,안전운전불이행,건조,맑음,교차로 - 교차로안,승용,남,44세,상해없음,승용,남,27세,경상
2021082200100002,2021년 8월 22일 00시,일요일,부산광역시 남구 대연동,경상사고,0,0,1,0,차대차 - 기타,안전운전불이행,건조,맑음,단일로 - 기타,승용,남,30세,상해없음,승용,남,34세,경상
2021082200100007,2021년 8월 22일 01시,일요일,부산광역시 남구 문현동,경상사고,0,0,2,0,차량단독 - 기타,안전운전불이행,젖음/습기,비,단일로 - 기타,승용,남,60세,상해없음,,,,
2021082200100025,2021년 8월 22일 05시,일요일,부산광역시 부산진구 범천동,경상사고,0,0,1,0,차대차 - 기타,신호위반,젖음/습기,맑음,교차로 - 교차로안,이륜,남,28세,경상,승용,여,49세,상해없음
2021082200100041,2021년 8월 22일 07시,일요일,부산광역시 부산진구 전포동,경상사고,0,0,1,0,차대차 - 기타,안전운전불이행,건조,맑음,단일로 - 기타,이륜,남,56세,경상,승용,남,38세,상해없음
2021082200100042,2021년 8월 22일 07시,일요일,부산광역시 금정구 장전동,경상사고,0,0,2,0,차대차 - 기타,안전운전불이행,건조,맑음,교차로 - 교차로부근,승용,남,60세,상해없음,승용,여,24세,경상
2021082200100055,2021년 8월 22일 09시,일요일,부산광역시 사하구 다대동,부상신고사고,0,0,0,1,차대사람 - 기타,안전운전불이행,건조,맑음,단일로 - 기타,자전거,남,40세,부상신고,보행자,남,56세,상해없음
2021082200100105,2021년 8월 22일 12시,일요일,부산광역시 연제구 연산동,경상사고,0,0,1,0,차대차 - 기타,안전운전불이행,건조,맑음,교차로 - 교차로부근,승용,남,87세,상해없음,자전거,남,70세,경상
2021082200100136,2021년 8월 22일 13시,일요일,부산광역시 남구 문현동,중상사고,0,1,0,0,차대차 - 기타,안전운전불이행,건조,맑음,단일로 - 기타,자전거,남,75세,중상,승용,남,80세,상해없음
2021082200100137,2021년 8월 22일 13시,일요일,부산광역시 사하구 신평동,경상사고,0,0,1,0,차대차 - 정면충돌,안전운전불이행,건조,맑음,기타 - 기타,승용,남,65세,상해없음,이륜,남,47세,경상
2021082200100167,2021년 8월 22일 14시,일요일,부산광역시 서구 서대신동2가,경상사고,0,0,1,0,차대사람 - 길가장자리구역통행중,안전운전불이행,건조,맑음,단일로 - 기타,원동기,남,20세,상해없음,보행자,남,8세,경상
2021082200100168,2021년 8월 22일 14시,일요일,부산광역시 동래구 사직동,경상사고,0,0,1,0,차대차 - 측면충돌,신호위반,건조,맑음,단일로 - 기타,승용,남,30세,상해없음,승합,남,54세,상해없음
2021082200100169,2021년 8월 22일 14시,일요일,부산광역시 해운대구 석대동,경상사고,0,0,1,0,차대차 - 기타,직진우회전진행방해,건조,맑음,교차로 - 교차로부근,화물,남,60세,상해없음,승합,남,35세,상해없음
2021082200100196,2021년 8월 22일 15시,일요일,부산광역시 사상구 주례동,경상사고,0,0,1,0,차대차 - 측면충돌,안전운전불이행,건조,맑음,교차로 - 교차로안,승용,남,47세,상해없음,자전거,남,39세,경상
2021082200100228,2021년 8월 22일 16시,일요일,부산광역시 해운대구 좌동,경상사고,0,0,1,0,차대차 - 측면충돌,안전거리미확보,건조,맑음,단일로 - 기타,승용,여,39세,상해없음,이륜,남,39세,경상
2021082200100283,2021년 8월 22일 18시,일요일,부산광역시 금정구 청룡동,부상신고사고,0,0,0,1,차대차 - 기타,안전운전불이행,건조,맑음,단일로 - 기타,이륜,남,33세,부상신고,화물,남,36세,상해없음
2021082200100309,2021년 8월 22일 19시,일요일,부산광역시 서구 남부민동,경상사고,0,0,1,0,차대사람 - 보도통행중,신호위반,건조,맑음,교차로 - 교차로횡단보도내,승용,남,58세,상해없음,보행자,여,55세,경상
2021082200100328,2021년 8월 22일 20시,일요일,부산광역시 부산진구 부전동,중상사고,0,1,0,0,차대차 - 기타,안전운전불이행,건조,맑음,교차로 - 교차로부근,이륜,남,20세,중상,승용,남,74세,상해없음