사고번호,사고일시,요일,시군구,사고내용,사망자수,중상자수,경상자수,부상신고자수,사고유형,법규위반,노면상태,기상상태,도로형태,가해운전자 차종,가해운전자 성별,가해운전자 연령,가해운전자 상해정도,피해운전자 차종,피해운전자 성별,피해운전자 연령,피해운전자 상해정도
2021082200100342,2021년 8월 22일 21시,일요일,부산광역시 사하구 구평동,경상사고,0,0,1,0,차대차 - 측면충돌,교차로운행방법위반,건조,맑음,교차로 - 교차로안,화물,남,59세,상해없음,화물,남,34세,경상
2021082200100343,2021년 8월 22일 21시,일요일,부산광역시 사하구 다대동,경상사고,0,0,1,0,차대사람 - 기타,기타,건조,맑음,교차로 - 교차로부근,승용,남,67세,상해없음,보행자,남,64세,경상
2021082200100360,2021년 8월 22일 22시,일요일,부산광역시 연제구 연산동,경상사고,0,0,1,0,차대차 - 측면충돌,교차로운행방법위반,건조,맑음,교차로 - 교차로안,이륜,남,33세,상해없음,개인형이동수단(PM),남,23세,경상
2021082300100007,2021년 8월 23일 02시,월요일,부산광역시 기장군 정관읍,경상사고,0,0,2,1,차대차 - 측면충돌,교차로운행방법위반,건조,맑음,교차로 - 교차로안,승용,남,40세,경상,승용,남,56세,경상
2021082300100045,2021년 8월 23일 08시,월요일,부산광역시 북구 덕천동,경상사고,0,0,2,0,차대차 - 측면충돌,교차로운행방법위반,젖음/습기,흐림,교차로 - 교차로안,승용,남,64세,상해없음,승용,남,34세,경상
2021082300100078,2021년 8월 23일 09시,월요일,부산광역시 북구 덕천동,경상사고,0,0,2,0,차대차 - 기타,신호위반,건조,흐림,교차로 - 교차로안,화물,남,55세,경상,승용,남,24세,경상
2021082300100079,2021년 8월 23일 09시,월요일,부산광역시 사하구 하단동,경상사고,0,0,1,0,차대사람 - 길가장자리구역통행중,안전운전불이행,젖음/습기,흐림,단일로 - 기타,승용,남,61세,상해없음,보행자,여,57세,경상
2021082300100080,2021년 8월 23일 09시,월요일,부산광역시 연제구 연산동,경상사고,0,0,1,0,차대차 - 측면충돌,안전운전불이행,건조,맑음,단일로 - 기타,화물,남,54세,상해없음,승용,남,39세,경상
2021082300100111,2021년 8월 23일 10시,월요일,부산광역시 사상구 모라동,중상사고,0,1,0,0,차대사람 - 기타,안전운전불이행,건조,맑음,기타 - 기타,승용,남,60세,상해없음,보행자,여,69세,중상
2021082300100136,2021년 8월 23일 11시,월요일,부산광역시 사하구 감천동,경상사고,0,0,1,0,차대사람 - 기타,안전운전불이행,건조,흐림,단일로 - 지하차도(도로)내,화물,남,36세,상해없음,보행자,남,57세,경상
2021082300100176,2021년 8월 23일 12시,월요일,부산광역시 연제구 거제동,경상사고,0,0,1,0,차대차 - 추돌,안전운전불이행,젖음/습기,비,교차로 - 교차로부근,승용,여,43세,상해없음,승용,남,28세,경상
2021082300100223,2021년 8월 23일 13시,월요일,부산광역시 영도구 동삼동,경상사고,0,0,1,0,차대차 - 기타,안전운전불이행,건조,맑음,단일로 - 기타,승용,여,62세,상해없음,승용,남,38세,상해없음
2021082300100263,2021년 8월 23일 14시,월요일,부산광역시 사하구 신평동,중상사고,0,1,0,0,차대사람 - 횡단중,신호위반,젖음/습기,비,교차로 - 교차로안,승용,남,39세,상해없음,보행자,남,66세,중상
2021082300100293,2021년 8월 23일 15시,월요일,부산광역시 강서구 대저2동,중상사고,0,1,0,0,차대사람 - 기타,안전운전불이행,건조,맑음,단일로 - 기타,승용,남,52세,상해없음,보행자,남,45세,중상
2021082300100317,2021년 8월 23일 16시,월요일,부산광역시 해운대구 석대동,경상사고,0,0,1,0,차대차 - 측면충돌,안전운전불이행,젖음/습기,비,단일로 - 고가도로위,화물,남,23세,상해없음,화물,남,55세,경상
2021082300100318,2021년 8월 23일 16시,월요일,부산광역시 사하구 다대동,중상사고,0,1,0,0,차대차 - 추돌,안전운전불이행,젖음/습기,비,단일로 - 기타,승용,남,58세,상해없음,이륜,남,46세,중상
2021082300100358,2021년 8월 23일 17시,월요일,부산광역시 부산진구 부전동,경상사고,0,0,1,0,차대차 - 기타,신호위반,건조,맑음,단일로 - 기타,화물,남,60세,상해없음,승합,남,54세,상해없음
2021082300100359,2021년 8월 23일 17시,월요일,부산광역시 금정구 구서동,경상사고,0,0,1,1,차대차 - 기타,교차로운행방법위반,건조,맑음,교차로 - 교차로안,승용,남,72세,부상신고,승용,여,48세,경상
2021082300100404,2021년 8월 23일 18시,월요일,부산광역시 남구 문현동,경상사고,0,0,1,0,차대차 - 측면충돌,안전거리미확보,건조,맑음,단일로 - 기타,승용,남,37세,기타불명,승용,남,49세,경상
2021082300100405,2021년 8월 23일 18시,월요일,부산광역시 동래구 사직동,경상사고,0,0,1,0,차대차 - 측면충돌,차로위반,건조,맑음,단일로 - 기타,승용,남,33세,상해없음,승용,남,62세,경상
2021082300100489,2021년 8월 23일 20시,월요일,부산광역시 해운대구 반여동,경상사고,0,0,2,0,차대차 - 정면충돌,신호위반,젖음/습기,비,교차로 - 교차로안,승용,여,40세,상해없음,화물,남,49세,경상
2021082300100490,2021년 8월 23일 20시,월요일,부산광역시 부산진구 범천동,경상사고,0,0,4,0,차대차 - 기타,안전운전불이행,젖음/습기,비,교차로 - 교차로부근,승용,여,46세,상해없음,승용,여,34세,경상
2021082300100491,2021년 8월 23일 20시,월요일,부산광역시 기장군 정관읍,경상사고,0,0,1,0,차대차 - 기타,안전운전불이행,건조,맑음,교차로 - 교차로안,승용,여,28세,상해없음,이륜,남,28세,경상
2021082300100529,2021년 8월 23일 21시,월요일,부산광역시 남구 용호동,경상사고,0,0,1,0,차대차 - 기타,안전운전불이행,젖음/습기,비,교차로 - 교차로부근,승용,남,43세,상해없음,승용,여,24세,경상
2021082300100530,2021년 8월 23일 21시,월요일,부산광역시 연제구 거제동,경상사고,0,0,1,0,차대사람 - 기타,안전운전불이행,젖음/습기,비,단일로 - 기타,승용,여,49세,상해없음,보행자,남,47세,경상
2021082300100564,2021년 8월 23일 22시,월요일,부산광역시 수영구 광안동,중상사고,0,2,1,0,차대차 - 추돌,안전운전불이행,젖음/습기,비,교차로 - 교차로부근,승용,남,39세,상해없음,승용,남,57세,중상
2021082300100565,2021년 8월 23일 22시,월요일,부산광역시 북구 만덕동,중상사고,0,1,0,0,차대사람 - 횡단중,안전운전불이행,젖음/습기,맑음,단일로 - 기타,사륜오토바이(ATV),남,20세,상해없음,보행자,여,18세,중상
2021082300100591,2021년 8월 23일 23시,월요일,부산광역시 동래구 온천동,중상사고,0,1,0,0,차대사람 - 기타,안전운전불이행,젖음/습기,비,단일로 - 기타,승용,남,68세,상해없음,보행자,남,27세,중상
2021082400100003,2021년 8월 24일 00시,화요일,부산광역시 동구 초량동,경상사고,0,0,1,0,차대차 - 추돌,안전운전불이행,젖음/습기,비,단일로 - 기타,승용,남,37세,상해없음,승용,남,60세,경상
2021082400100030,2021년 8월 24일 06시,화요일,부산광역시 북구 덕천동,경상사고,0,0,1,0,차대차 - 측면충돌,안전거리미확보,젖음/습기,비,단일로 - 기타,승용,남,43세,상해없음,승용,남,37세,경상
2021082400100043,2021년 8월 24일 07시,화요일,부산광역시 동구 초량동,경상사고,0,0,1,0,차대차 - 측면충돌,안전거리미확보,젖음/습기,맑음,단일로 - 기타,승용,여,55세,상해없음,승용,여,51세,경상
2021082400100069,2021년 8월 24일 08시,화요일,부산광역시 남구 대연동,중상사고,0,1,0,0,차대차 - 측면충돌,안전거리미확보,젖음/습기,비,단일로 - 기타,화물,남,51세,상해없음,승용,여,41세,중상
2021082400100070,2021년 8월 24일 08시,화요일,부산광역시 금정구 부곡동,중상사고,0,1,2,0,차대차 - 추돌,안전거리미확보,젖음/습기,비,단일로 - 터널,승용,여,67세,상해없음,승용,여,56세,중상
2021082400100071,2021년 8월 24일 08시,화요일,부산광역시 금정구 금사동,경상사고,0,0,1,0,차대차 - 측면충돌,교차로운행방법위반,건조,맑음,교차로 - 교차로안,승합,남,62세,상해없음,승용,여,58세,상해없음
2021082400100072,2021년 8월 24일 08시,화요일,부산광역시 기장군 정관읍,경상사고,0,0,1,0,차대차 - 기타,신호위반,젖음/습기,비,교차로 - 교차로안,화물,남,60세,상해없음,승용,여,41세,경상
2021082400100098,2021년 8월 24일 09시,화요일,부산광역시 동구 초량동,경상사고,0,0,1,0,차대사람 - 차도통행중,안전운전불이행,젖음/습기,흐림,교차로 - 교차로부근,화물,남,60세,상해없음,보행자,남,30세,경상
2021082400100118,2021년 8월 24일 10시,화요일,부산광역시 부산진구 부전동,중상사고,0,1,0,0,차대차 - 기타,안전운전불이행,젖음/습기,비,단일로 - 기타,이륜,남,57세,상해없음,이륜,남,51세,중상
2021082400100119,2021년 8월 24일 10시,화요일,부산광역시 사하구 구평동,중상사고,0,1,0,0,차대차 - 추돌,신호위반,젖음/습기,비,교차로 - 교차로안,승합,남,70세,상해없음,승용,남,63세,중상
2021082400100202,2021년 8월 24일 13시,화요일,부산광역시 부산진구 연지동,경상사고,0,0,1,0,차대사람 - 기타,안전운전불이행,젖음/습기,비,단일로 - 기타,승용,남,64세,상해없음,보행자,여,25세,경상
2021082400100203,2021년 8월 24일 13시,화요일,부산광역시 사하구 다대동,중상사고,0,1,0,0,차대차 - 추돌,안전운전불이행,건조,맑음,교차로 - 교차로부근,승용,남,32세,상해없음,승용,여,51세,중상
2021082400100204,2021년 8월 24일 13시,화요일,부산광역시 연제구 연산동,경상사고,0,0,1,0,차대사람 - 기타,안전운전불이행,젖음/습기,비,단일로 - 기타,승용,여,63세,상해없음,보행자,여,72세,경상
2021082400100267,2021년 8월 24일 15시,화요일,부산광역시 수영구 광안동,중상사고,0,1,0,0,차대차 - 측면충돌,안전운전불이행,젖음/습기,비,교차로 - 교차로안,승용,남,27세,상해없음,자전거,남,63세,중상
2021082400100268,2021년 8월 24일 15시,화요일,부산광역시 사하구 당리동,경상사고,0,0,1,0,차대차 - 기타,안전운전불이행,젖음/습기,비,기타 - 기타,승용,남,42세,상해없음,이륜,남,35세,경상
2021082400100301,2021년 8월 24일 16시,화요일,부산광역시 연제구 거제동,중상사고,0,1,0,0,차대사람 - 횡단중,보행자보호의무위반,건조,맑음,교차로 - 교차로부근,화물,남,66세,상해없음,보행자,남,82세,중상
2021082400100302,2021년 8월 24일 16시,화요일,부산광역시 수영구 망미동,경상사고,0,0,1,0,차대차 - 기타,차로위반,건조,맑음,단일로 - 기타,승용,여,52세,상해없음,이륜,남,48세,경상
2021082400100303,2021년 8월 24일 16시,화요일,부산광역시 강서구 대저2동,중상사고,0,1,0,0,차대차 - 측면충돌,신호위반,젖음/습기,흐림,교차로 - 교차로부근,승용,남,52세,상해없음,승용,여,24세,중상
2021082400100338,2021년 8월 24일 17시,화요일,부산광역시 동구 범일동,부상신고사고,0,0,0,1,차대차 - 기타,안전거리미확보,건조,맑음,교차로 - 교차로안,승용,여,48세,상해없음,이륜,남,42세,부상신고
2021082400100339,2021년 8월 24일 17시,화요일,부산광역시 남구 문현동,경상사고,0,0,2,0,차대차 - 기타,안전거리미확보,건조,맑음,단일로 - 기타,승용,남,87세,상해없음,승합,남,41세,상해없음
2021082400100340,2021년 8월 24일 17시,화요일,부산광역시 수영구 망미동,경상사고,0,0,1,0,차대차 - 기타,안전운전불이행,젖음/습기,비,단일로 - 기타,승용,여,46세,상해없음,이륜,남,46세,경상
2021082400100375,2021년 8월 24일 18시,화요일,부산광역시 수영구 민락동,중상사고,0,1,0,0,차대차 - 기타,안전운전불이행,건조,맑음,교차로 - 교차로안,이륜,남,24세,중상,승용,여,34세,상해없음
2021082400100376,2021년 8월 24일 18시,화요일,부산광역시 해운대구 석대동,경상사고,0,0,1,0,차대차 - 기타,안전운전불이행,건조,맑음,단일로 - 기타,승용,남,19세,상해없음,승용,여,42세,경상
2021082400100377,2021년 8월 24일 18시,화요일,부산광역시 부산진구 범천동,경상사고,0,0,1,0,차대사람 - 기타,안전운전불이행,건조,맑음,교차로 - 교차로부근,승용,여,48세,상해없음,보행자,여,23세,경상
2021082400100417,2021년 8월 24일 19시,화요일,부산광역시 동구 범일동,중상사고,0,1,0,0,차대사람 - 길가장자리구역통행중,안전운전불이행,건조,맑음,교차로 - 교차로안,승용,남,60세,상해없음,보행자,여,63세,중상
2021082400100418,2021년 8월 24일 19시,화요일,부산광역시 남구 용호동,중상사고,0,1,0,0,차대차 - 측면충돌,안전운전불이행,건조,맑음,단일로 - 기타,승용,남,53세,상해없음,이륜,남,42세,중상
2021082400100419,2021년 8월 24일 19시,화요일,부산광역시 북구 만덕동,중상사고,0,1,1,0,차대차 - 기타,안전운전불이행,건조,맑음,교차로 - 교차로안,승용,남,50세,경상,이륜,남,19세,중상
2021082400100488,2021년 8월 24일 21시,화요일,부산광역시 남구 감만동,경상사고,0,0,1,0,차대사람 - 횡단중,안전운전불이행,건조,맑음,단일로 - 기타,승용,남,61세,상해없음,보행자,남,66세,경상
2021082400100489,2021년 8월 24일 21시,화요일,부산광역시 남구 우암동,경상사고,0,0,1,0,차량단독 - 기타,안전운전불이행,젖음/습기,맑음,단일로 - 기타,이륜,남,34세,경상,,,,
2021082400100490,2021년 8월 24일 21시,화요일,부산광역시 부산진구 연지동,경상사고,0,0,1,0,차대차 - 기타,안전운전불이행,건조,맑음,교차로 - 교차로부근,승용,남,52세,상해없음,승용,남,28세,경상
2021082500100023,2021년 8월 25일 03시,수요일,부산광역시 서구 서대신동1가,경상사고,0,0,2,0,차대차 - 정면충돌,신호위반,젖음/습기,비,교차로 - 교차로안,승용,여,62세,상해없음,승용,남,57세,경상
2021082500100024,2021년 8월 25일 03시,수요일,부산광역시 부산진구 범전동,중상사고,0,1,1,0,차대차 - 측면충돌,안전거리미확보,젖음/습기,비,단일로 - 기타,이륜,남,65세,중상,이륜,남,31세,경상
2021082500100025,2021년 8월 25일 03시,수요일,부산광역시 기장군 기장읍,경상사고,0,0,2,0,차대차 - 기타,신호위반,젖음/습기,흐림,교차로 - 교차로안,승합,남,61세,상해없음,승용,여,21세,경상
2021082500100050,2021년 8월 25일 07시,수요일,부산광역시 강서구 강동동,경상사고,0,0,1,0,차대차 - 기타,안전운전불이행,젖음/습기,맑음,단일로 - 기타,승용,남,61세,상해없음,승용,여,50세,경상
2021082500100068,2021년 8월 25일 08시,수요일,부산광역시 강서구 송정동,중상사고,0,1,0,0,차대차 - 측면충돌,신호위반,건조,맑음,교차로 - 교차로안,화물,남,60세,상해없음,승용,남,45세,중상
2021082500100069,2021년 8월 25일 08시,수요일,부산광역시 강서구 대저1동,경상사고,0,0,1,0,차대차 - 기타,안전운전불이행,젖음/습기,비,단일로 - 기타,화물,남,81세,상해없음,승용,여,31세,경상
2021082500100108,2021년 8월 25일 09시,수요일,부산광역시 남구 문현동,경상사고,0,0,1,0,차대차 - 기타,불법유턴,젖음/습기,비,단일로 - 기타,이륜,남,48세,경상,승용,여,55세,상해없음
2021082500100109,2021년 8월 25일 09시,수요일,부산광역시 부산진구 개금동,경상사고,0,0,1,0,차대차 - 측면충돌,안전운전불이행,젖음/습기,비,교차로 - 교차로부근,화물,남,55세,상해없음,승용,남,41세,경상
2021082500100133,2021년 8월 25일 10시,수요일,부산광역시 중구 중앙동4가,경상사고,0,0,1,0,차대차 - 측면충돌,교차로운행방법위반,젖음/습기,비,교차로 - 교차로안,승용,남,47세,상해없음,승용,남,44세,경상
2021082500100134,2021년 8월 25일 10시,수요일,부산광역시 강서구 녹산동,중상사고,0,1,0,0,차대차 - 측면충돌,신호위반,건조,맑음,교차로 - 교차로횡단보도내,화물,남,36세,상해없음,자전거,남,9세,중상
2021082500100182,2021년 8월 25일 12시,수요일,부산광역시 남구 대연동,중상사고,0,1,0,0,차대차 - 측면충돌,기타,건조,맑음,교차로 - 교차로안,승용,남,56세,상해없음,이륜,남,46세,중상
2021082500100183,2021년 8월 25일 12시,수요일,부산광역시 동래구 명륜동,경상사고,0,0,3,0,차대차 - 기타,안전운전불이행,젖음/습기,비,교차로 - 교차로부근,승합,여,45세,경상,승용,남,54세,경상
2021082500100184,2021년 8월 25일 12시,수요일,부산광역시 연제구 연산동,부상신고사고,0,0,0,1,차대사람 - 기타,안전운전불이행,건조,맑음,단일로 - 기타,승용,남,63세,상해없음,보행자,여,51세,부상신고
2021082500100221,2021년 8월 25일 13시,수요일,부산광역시 부산진구 양정동,경상사고,0,0,1,0,차대차 - 기타,신호위반,젖음/습기,비,교차로 - 교차로안,승용,남,21세,상해없음,승용,남,37세,경상
2021082500100294,2021년 8월 25일 15시,수요일,부산광역시 북구 화명동,중상사고,0,1,0,0,차대차 - 기타,직진우회전진행방해,젖음/습기,흐림,교차로 - 교차로안,승용,남,69세,상해없음,이륜,남,26세,중상
2021082500100295,2021년 8월 25일 15시,수요일,부산광역시 해운대구 반여동,경상사고,0,0,1,0,차대차 - 측면충돌,안전운전불이행,젖음/습기,비,단일로 - 기타,승용,남,66세,상해없음,승용,남,58세,상해없음
2021082500100364,2021년 8월 25일 17시,수요일,부산광역시 부산진구 부전동,경상사고,0,0,1,0,차대차 - 추돌,안전운전불이행,건조,맑음,단일로 - 기타,화물,남,56세,상해없음,승용,남,65세,경상
2021082500100365,2021년 8월 25일 17시,수요일,부산광역시 기장군 정관읍,경상사고,0,0,1,0,차대차 - 기타,안전거리미확보,젖음/습기,비,단일로 - 기타,화물,남,57세,상해없음,이륜,남,30세,경상
2021082500100405,2021년 8월 25일 18시,수요일,부산광역시 중구 신창동4가,경상사고,0,0,1,0,차대사람 - 기타,안전운전불이행,젖음/습기,비,단일로 - 기타,승용,여,62세,상해없음,보행자,여,67세,경상
2021082500100406,2021년 8월 25일 18시,수요일,부산광역시 동구 좌천동,경상사고,0,0,1,0,차대차 - 측면충돌,안전거리미확보,젖음/습기,비,단일로 - 기타,승용,여,65세,상해없음,승용,남,69세,경상
2021082500100407,2021년 8월 25일 18시,수요일,부산광역시 서구 동대신동3가,경상사고,0,0,1,0,차대차 - 기타,안전운전불이행,젖음/습기,비,단일로 - 기타,승용,남,55세,상해없음,승용,여,41세,경상
2021082500100408,2021년 8월 25일 18시,수요일,부산광역시 수영구 광안동,중상사고,0,1,0,0,차대사람 - 기타,안전운전불이행,젖음/습기,비,주차장 - 주차장,승용,여,63세,상해없음,보행자,남,79세,중상
2021082500100409,2021년 8월 25일 18시,수요일,부산광역시 사하구 신평동,경상사고,0,0,1,0,차대차 - 추돌,안전거리미확보,젖음/습기,흐림,단일로 - 지하차도(도로)내,승용,남,53세,기타불명,승용,남,56세,경상
2021082500100410,2021년 8월 25일 18시,수요일,부산광역시 기장군 정관읍,경상사고,0,0,1,0,차대차 - 기타,안전운전불이행,젖음/습기,흐림,교차로 - 교차로부근,승용,여,51세,상해없음,이륜,남,35세,경상
2021082500100456,2021년 8월 25일 19시,수요일,부산광역시 금정구 부곡동,중상사고,0,1,0,0,차대차 - 추돌,안전거리미확보,젖음/습기,비,단일로 - 터널,승용,여,31세,상해없음,승용,여,50세,중상
2021082500100489,2021년 8월 25일 20시,수요일,부산광역시 수영구 남천동,중상사고,0,1,0,0,차대사람 - 기타,보행자보호의무위반,젖음/습기,비,단일로 - 기타,이륜,남,42세,상해없음,보행자,여,75세,중상
2021082500100490,2021년 8월 25일 20시,수요일,부산광역시 동래구 수안동,경상사고,0,0,2,0,차대차 - 측면충돌,안전거리미확보,젖음/습기,비,교차로 - 교차로부근,승용,남,25세,상해없음,승용,남,35세,경상
2021082500100491,2021년 8월 25일 20시,수요일,부산광역시 부산진구 부전동,중상사고,0,1,0,0,차대사람 - 횡단중,안전운전불이행,젖음/습기,비,교차로 - 교차로부근,이륜,남,19세,상해없음,보행자,여,52세,중상
2021082500100492,2021년 8월 25일 20시,수요일,부산광역시 사하구 괴정동,중상사고,0,1,0,0,차대사람 - 기타,신호위반,젖음/습기,비,교차로 - 교차로부근,화물,남,39세,상해없음,보행자,남,17세,중상
2021082500100517,2021년 8월 25일 21시,수요일,부산광역시 동래구 안락동,중상사고,0,1,0,0,차량단독 - 공작물충돌,안전운전불이행,젖음/습기,비,단일로 - 기타,승용,남,63세,기타불명,,,,
2021082500100518,2021년 8월 25일 21시,수요일,부산광역시 부산진구 부암동,경상사고,0,0,1,0,차대차 - 기타,안전거리미확보,젖음/습기,비,단일로 - 기타,승용,남,64세,상해없음,승용,남,31세,경상
2021082500100519,2021년 8월 25일 21시,수요일,부산광역시 금정구 회동동,중상사고,0,1,0,0,차대차 - 추돌,안전거리미확보,젖음/습기,비,단일로 - 기타,화물,남,56세,상해없음,승용,남,32세,중상
2021082500100537,2021년 8월 25일 22시,수요일,부산광역시 서구 토성동5가,경상사고,0,0,1,0,차대사람 - 길가장자리구역통행중,안전운전불이행,젖음/습기,비,단일로 - 기타,기타불명,기타불명,미분류,기타불명,보행자,남,39세,경상
2021082600100054,2021년 8월 26일 07시,목요일,부산광역시 강서구 신호동,경상사고,0,0,2,0,차대차 - 기타,중앙선침범,젖음/습기,맑음,단일로 - 기타,승용,남,62세,상해없음,승용,남,60세,경상
2021082600100076,2021년 8월 26일 08시,목요일,부산광역시 남구 대연동,중상사고,0,1,0,0,차대사람 - 기타,안전운전불이행,건조,맑음,단일로 - 기타,건설기계,남,65세,상해없음,보행자,여,78세,중상
2021082600100077,2021년 8월 26일 08시,목요일,부산광역시 남구 우암동,중상사고,0,1,0,0,차대차 - 추돌,안전운전불이행,건조,맑음,기타 - 기타,승용,여,27세,상해없음,승용,남,43세,중상
2021082600100078,2021년 8월 26일 08시,목요일,부산광역시 기장군 일광면,중상사고,0,1,0,0,차대차 - 측면충돌,안전운전불이행,건조,맑음,교차로 - 교차로부근,승용,남,30세,상해없음,자전거,남,70세,중상
2021082600100112,2021년 8월 26일 09시,목요일,부산광역시 금정구 구서동,경상사고,0,0,1,0,차대사람 - 차도통행중,안전운전불이행,건조,맑음,교차로 - 교차로안,승용,남,65세,상해없음,보행자,여,61세,경상
2021082600100237,2021년 8월 26일 13시,목요일,부산광역시 남구 대연동,중상사고,0,2,0,0,차대차 - 추돌,안전운전불이행,건조,맑음,단일로 - 기타,화물,남,43세,상해없음,승용,남,63세,상해없음
2021082600100238,2021년 8월 26일 13시,목요일,부산광역시 동래구 명륜동,경상사고,0,0,1,0,차대차 - 후진중충돌,안전운전불이행,건조,맑음,교차로 - 교차로안,승용,여,42세,상해없음,승용,남,62세,경상
2021082600100239,2021년 8월 26일 13시,목요일,부산광역시 금정구 부곡동,중상사고,0,1,0,0,차대사람 - 차도통행중,안전운전불이행,건조,맑음,단일로 - 기타,이륜,남,32세,상해없음,보행자,여,68세,중상
2021082600100269,2021년 8월 26일 14시,목요일,부산광역시 중구 남포동6가,경상사고,0,0,1,0,차대차 - 측면충돌,안전거리미확보,건조,맑음,교차로 - 교차로부근,승용,여,58세,상해없음,이륜,남,23세,경상
2021082600100270,2021년 8월 26일 14시,목요일,부산광역시 부산진구 범천동,경상사고,0,0,1,0,차대차 - 추돌,안전운전불이행,건조,맑음,기타 - 기타,승용,남,30세,상해없음,승용,남,35세,상해없음
2021082600100271,2021년 8월 26일 14시,목요일,부산광역시 남구 대연동,경상사고,0,0,1,0,차대차 - 기타,안전운전불이행,건조,맑음,기타 - 기타,승용,남,25세,상해없음,이륜,남,23세,상해없음
2021082600100272,2021년 8월 26일 14시,목요일,부산광역시 영도구 봉래동4가,중상사고,0,3,0,0,차대차 - 측면충돌,안전거리미확보,건조,맑음,단일로 - 기타,건설기계,남,45세,상해없음,승용,여,52세,중상
2021082600100273,2021년 8월 26일 14시,목요일,부산광역시 부산진구 양정동,중상사고,0,1,0,0,차대사람 - 횡단중,보행자보호의무위반,건조,맑음,교차로 - 교차로횡단보도내,화물,남,59세,상해없음,보행자,여,76세,중상
2021082600100274,2021년 8월 26일 14시,목요일,부산광역시 사상구 학장동,경상사고,0,0,1,0,차대차 - 후진중충돌,안전운전불이행,건조,맑음,단일로 - 지하차도(도로)내,승용,남,72세,상해없음,승용,남,29세,경상
2021082600100352,2021년 8월 26일 16시,목요일,부산광역시 강서구 범방동,중상사고,0,1,0,0,차대차 - 기타,안전운전불이행,건조,맑음,단일로 - 기타,승용,남,57세,기타불명,특수,남,58세,중상
2021082600100394,2021년 8월 26일 17시,목요일,부산광역시 남구 대연동,경상사고,0,0,3,0,차대차 - 측면충돌,안전운전불이행,건조,맑음,기타 - 기타,승용,남,57세,상해없음,승용,남,29세,경상
2021082600100431,2021년 8월 26일 18시,목요일,부산광역시 영도구 대교동2가,경상사고,0,0,1,0,차대차 - 기타,기타,건조,맑음,교차로 - 교차로안,승용,남,56세,상해없음,이륜,남,20세,경상
2021082600100432,2021년 8월 26일 18시,목요일,부산광역시 영도구 봉래동4가,중상사고,0,1,0,0,차량단독 - 기타,안전운전불이행,건조,맑음,교차로 - 교차로안,승합,남,64세,상해없음,,,,
2021082600100433,2021년 8월 26일 18시,목요일,부산광역시 사하구 다대동,경상사고,0,0,1,0,차대차 - 기타,차로위반,건조,맑음,단일로 - 기타,승용,여,59세,상해없음,승합,남,39세,경상
2021082600100470,2021년 8월 26일 19시,목요일,부산광역시 부산진구 범전동,경상사고,0,0,2,0,차대차 - 측면충돌,안전운전불이행,건조,맑음,기타 - 기타,승용,남,34세,상해없음,이륜,남,34세,경상
2021082600100494,2021년 8월 26일 20시,목요일,부산광역시 수영구 남천동,경상사고,0,0,1,0,차대차 - 측면충돌,안전운전불이행,건조,맑음,교차로 - 교차로안,이륜,남,25세,상해없음,이륜,남,25세,경상
2021082600100495,2021년 8월 26일 20시,목요일,부산광역시 동래구 복천동,경상사고,0,0,1,0,차대차 - 추돌,안전운전불이행,건조,맑음,단일로 - 기타,승용,남,54세,상해없음,승용,여,70세,경상
2021082600100496,2021년 8월 26일 20시,목요일,부산광역시 연제구 연산동,경상사고,0,0,3,0,차대차 - 정면충돌,중앙선침범,건조,맑음,단일로 - 기타,승용,남,49세,상해없음,승용,남,69세,경상
2021082600100533,2021년 8월 26일 21시,목요일,부산광역시 서구 충무동2가,경상사고,0,0,1,0,차대사람 - 길가장자리구역통행중,안전운전불이행,건조,맑음,단일로 - 기타,승용,남,55세,상해없음,보행자,여,51세,경상
2021082700100003,2021년 8월 27일 00시,금요일,부산광역시 동래구 안락동,중상사고,0,1,0,0,차대차 - 측면충돌,신호위반,건조,맑음,교차로 - 교차로안,승용,남,23세,상해없음,승용,남,53세,중상
2021082700100027,2021년 8월 27일 05시,금요일,부산광역시 해운대구 우동,중상사고,0,1,1,0,차대차 - 추돌,신호위반,건조,맑음,단일로 - 기타,승합,남,71세,상해없음,승용,남,29세,경상
2021082700100028,2021년 8월 27일 05시,금요일,부산광역시 부산진구 전포동,중상사고,0,1,0,0,차대차 - 측면충돌,기타,건조,맑음,단일로 - 터널,화물,남,63세,상해없음,자전거,남,57세,중상
2021082700100037,2021년 8월 27일 06시,금요일,부산광역시 해운대구 재송동,중상사고,0,1,0,0,차대차 - 측면충돌,기타,건조,맑음,기타 - 기타,자전거,남,69세,상해없음,자전거,남,69세,중상
2021082700100045,2021년 8월 27일 07시,금요일,부산광역시 금정구 구서동,경상사고,0,0,1,0,차대차 - 기타,안전운전불이행,건조,맑음,교차로 - 교차로안,승용,남,56세,상해없음,승용,여,48세,경상
2021082700100067,2021년 8월 27일 08시,금요일,부산광역시 동래구 온천동,중상사고,0,1,0,0,차대차 - 추돌,안전운전불이행,건조,맑음,단일로 - 기타,이륜,남,45세,중상,승용,남,70세,상해없음
2021082700100068,2021년 8월 27일 08시,금요일,부산광역시 금정구 금사동,경상사고,0,0,1,0,차대차 - 측면충돌,안전운전불이행,건조,맑음,교차로 - 교차로안,승용,남,36세,상해없음,이륜,남,37세,경상
2021082700100069,2021년 8월 27일 08시,금요일,부산광역시 금정구 부곡동,경상사고,0,0,1,0,차대차 - 기타,교차로운행방법위반,건조,맑음,교차로 - 교차로안,화물,남,55세,상해없음,승용,남,63세,경상