사고번호,사고일시,요일,시군구,사고내용,사망자수,중상자수,경상자수,부상신고자수,사고유형,법규위반,노면상태,기상상태,도로형태,가해운전자 차종,가해운전자 성별,가해운전자 연령,가해운전자 상해정도,피해운전자 차종,피해운전자 성별,피해운전자 연령,피해운전자 상해정도
2021083100100197,2021년 8월 31일 12시,화요일,부산광역시 연제구 연산동,부상신고사고,0,0,0,1,차대차 - 추돌,안전운전불이행,건조,맑음,교차로 - 교차로안,이륜,남,64세,부상신고,승용,남,53세,상해없음
2021083100100198,2021년 8월 31일 12시,화요일,부산광역시 연제구 연산동,부상신고사고,0,0,0,1,차대사람 - 차도통행중,안전운전불이행,건조,맑음,단일로 - 기타,승용,남,74세,상해없음,보행자,여,39세,부상신고
2021083100100199,2021년 8월 31일 12시,화요일,부산광역시 연제구 연산동,경상사고,0,0,1,0,차대차 - 측면충돌,안전거리미확보,건조,맑음,단일로 - 기타,화물,남,62세,상해없음,화물,남,35세,경상
2021083100100200,2021년 8월 31일 12시,화요일,부산광역시 사상구 주례동,부상신고사고,0,0,0,1,차대차 - 측면충돌,안전운전불이행,건조,맑음,교차로 - 교차로부근,승용,남,69세,상해없음,승용,남,32세,상해없음
2021083100100238,2021년 8월 31일 13시,화요일,부산광역시 동구 초량동,경상사고,0,0,1,0,차대차 - 측면충돌,안전운전불이행,건조,맑음,단일로 - 기타,승용,남,76세,상해없음,승용,남,44세,경상
2021083100100239,2021년 8월 31일 13시,화요일,부산광역시 해운대구 송정동,부상신고사고,0,0,0,1,차대사람 - 기타,안전운전불이행,건조,맑음,단일로 - 기타,승용,남,31세,상해없음,보행자,남,20세,부상신고
2021083100100273,2021년 8월 31일 14시,화요일,부산광역시 동구 범일동,경상사고,0,0,1,0,차대차 - 측면충돌,안전거리미확보,건조,맑음,단일로 - 기타,승용,남,34세,상해없음,승용,남,34세,경상
2021083100100274,2021년 8월 31일 14시,화요일,부산광역시 강서구 천성동,중상사고,0,2,0,0,차대차 - 추돌,안전운전불이행,건조,맑음,단일로 - 터널,화물,남,39세,기타불명,화물,남,65세,중상
2021083100100275,2021년 8월 31일 14시,화요일,부산광역시 강서구 대저1동,경상사고,0,0,1,0,차대차 - 기타,신호위반,건조,맑음,교차로 - 교차로안,화물,남,76세,상해없음,승용,남,40세,경상
2021083100100276,2021년 8월 31일 14시,화요일,부산광역시 사상구 괘법동,경상사고,0,0,1,0,차대차 - 기타,안전운전불이행,건조,맑음,기타 - 기타,화물,남,52세,상해없음,승용,남,26세,경상
2021083100100322,2021년 8월 31일 15시,화요일,부산광역시 강서구 명지동,중상사고,0,1,0,0,차대차 - 기타,신호위반,건조,맑음,교차로 - 교차로안,화물,남,60세,상해없음,이륜,남,29세,중상
2021083100100323,2021년 8월 31일 15시,화요일,부산광역시 사상구 괘법동,중상사고,0,1,0,0,차대차 - 기타,안전운전불이행,건조,맑음,단일로 - 기타,기타불명,여,73세,중상,승용,남,35세,상해없음
2021083100100375,2021년 8월 31일 16시,화요일,부산광역시 북구 구포동,경상사고,0,0,1,0,차대차 - 추돌,안전거리미확보,건조,맑음,단일로 - 기타,이륜,남,28세,상해없음,승용,남,35세,경상
2021083100100376,2021년 8월 31일 16시,화요일,부산광역시 부산진구 양정동,경상사고,0,0,1,0,차대차 - 추돌,안전운전불이행,건조,맑음,단일로 - 기타,이륜,남,21세,상해없음,승용,남,74세,경상
2021083100100377,2021년 8월 31일 16시,화요일,부산광역시 부산진구 부전동,경상사고,0,0,1,0,차대차 - 추돌,안전운전불이행,건조,맑음,단일로 - 기타,승합,남,45세,상해없음,화물,남,54세,경상
2021083100100379,2021년 8월 31일 16시,화요일,부산광역시 사상구 덕포동,사망사고,1,0,0,0,차대사람 - 기타,안전운전불이행,건조,맑음,단일로 - 기타,승용,남,80세,기타불명,보행자,남,74세,사망
2021083100100380,2021년 8월 31일 16시,화요일,부산광역시 사상구 감전동,부상신고사고,0,0,0,1,차대차 - 측면충돌,신호위반,건조,맑음,교차로 - 교차로안,이륜,남,66세,부상신고,승용,남,54세,기타불명
2021083100100405,2021년 8월 31일 17시,화요일,부산광역시 사하구 괴정동,경상사고,0,0,1,0,차대차 - 기타,안전운전불이행,건조,맑음,교차로 - 교차로안,승용,남,61세,상해없음,화물,남,32세,경상
2021083100100406,2021년 8월 31일 17시,화요일,부산광역시 연제구 연산동,경상사고,0,0,1,0,차대차 - 기타,중앙선침범,건조,맑음,단일로 - 기타,이륜,남,41세,상해없음,승용,여,45세,경상
2021083100100407,2021년 8월 31일 17시,화요일,부산광역시 기장군 정관읍,중상사고,0,1,0,0,차대차 - 기타,신호위반,건조,맑음,교차로 - 교차로안,승합,남,31세,상해없음,이륜,남,37세,중상
2021083100100449,2021년 8월 31일 18시,화요일,부산광역시 사하구 감천동,경상사고,0,0,1,0,차대차 - 기타,신호위반,건조,맑음,단일로 - 기타,승용,남,57세,상해없음,이륜,남,60세,경상
2021083100100494,2021년 8월 31일 19시,화요일,부산광역시 연제구 거제동,부상신고사고,0,0,0,1,차대차 - 기타,차로위반,건조,맑음,단일로 - 기타,승용,남,56세,부상신고,승용,여,48세,상해없음
2021083100100495,2021년 8월 31일 19시,화요일,부산광역시 사상구 감전동,중상사고,0,1,0,0,차대사람 - 기타,기타,건조,맑음,기타 - 기타,승용,남,73세,상해없음,보행자,남,36세,중상
2021083100100551,2021년 8월 31일 20시,화요일,부산광역시 영도구 대교동1가,경상사고,0,0,2,0,차대차 - 기타,안전운전불이행,건조,맑음,단일로 - 기타,승용,남,66세,상해없음,승용,남,61세,상해없음
2021083100100552,2021년 8월 31일 20시,화요일,부산광역시 수영구 망미동,중상사고,0,1,0,0,차대차 - 기타,직진우회전진행방해,건조,맑음,교차로 - 교차로부근,승용,여,39세,상해없음,이륜,남,37세,중상
2021083100100603,2021년 8월 31일 21시,화요일,부산광역시 연제구 연산동,경상사고,0,0,1,0,차대차 - 정면충돌,안전운전불이행,건조,맑음,교차로 - 교차로부근,이륜,남,27세,상해없음,승용,남,50세,경상
2021090100100008,2021년 9월 1일 01시,수요일,부산광역시 부산진구 범천동,경상사고,0,0,1,0,차대차 - 기타,기타,건조,맑음,단일로 - 기타,승용,남,34세,상해없음,개인형이동수단(PM),남,24세,경상
2021090100100037,2021년 9월 1일 07시,수요일,부산광역시 부산진구 전포동,경상사고,0,0,1,0,차대차 - 추돌,안전운전불이행,젖음/습기,비,교차로 - 교차로안,승용,남,69세,상해없음,승용,남,37세,경상
2021090100100059,2021년 9월 1일 08시,수요일,부산광역시 영도구 대교동1가,경상사고,0,0,1,0,차대사람 - 횡단중,안전운전불이행,건조,맑음,교차로 - 교차로안,승용,남,35세,상해없음,보행자,남,28세,경상
2021090100100060,2021년 9월 1일 08시,수요일,부산광역시 해운대구 우동,경상사고,0,0,1,0,차대차 - 측면충돌,신호위반,건조,맑음,교차로 - 교차로안,승용,여,59세,상해없음,승용,여,53세,경상
2021090100100061,2021년 9월 1일 08시,수요일,부산광역시 사상구 감전동,경상사고,0,0,1,0,차대사람 - 횡단중,안전운전불이행,건조,맑음,단일로 - 기타,승용,남,64세,상해없음,보행자,여,57세,경상
2021090100100111,2021년 9월 1일 10시,수요일,부산광역시 수영구 광안동,경상사고,0,0,1,0,차대차 - 측면충돌,안전운전불이행,건조,맑음,기타 - 기타,원동기,남,46세,경상,화물,남,67세,상해없음
2021090100100112,2021년 9월 1일 10시,수요일,부산광역시 사하구 다대동,중상사고,0,1,0,0,차대사람 - 횡단중,안전운전불이행,건조,맑음,단일로 - 기타,승용,여,38세,상해없음,보행자,여,80세,중상
2021090100100139,2021년 9월 1일 11시,수요일,부산광역시 금정구 노포동,경상사고,0,0,1,0,차대사람 - 기타,안전운전불이행,건조,맑음,단일로 - 기타,기타불명,기타불명,미분류,기타불명,보행자,여,76세,경상
2021090100100140,2021년 9월 1일 11시,수요일,부산광역시 금정구 부곡동,경상사고,0,0,1,0,차대차 - 측면충돌,교차로운행방법위반,젖음/습기,비,교차로 - 교차로안,승용,여,58세,상해없음,화물,남,49세,경상
2021090100100141,2021년 9월 1일 11시,수요일,부산광역시 연제구 연산동,중상사고,0,1,0,0,차대차 - 기타,안전운전불이행,건조,맑음,단일로 - 기타,승용,여,63세,상해없음,개인형이동수단(PM),여,87세,중상
2021090100100170,2021년 9월 1일 12시,수요일,부산광역시 서구 암남동,경상사고,0,0,1,0,차대차 - 측면충돌,신호위반,젖음/습기,흐림,교차로 - 교차로안,이륜,남,40세,경상,승용,여,48세,상해없음
2021090100100171,2021년 9월 1일 12시,수요일,부산광역시 사하구 하단동,경상사고,0,0,1,0,차대차 - 추돌,안전거리미확보,건조,맑음,단일로 - 기타,승용,여,59세,상해없음,승용,여,42세,경상
2021090100100207,2021년 9월 1일 13시,수요일,부산광역시 사하구 신평동,경상사고,0,0,1,0,차대차 - 기타,안전거리미확보,건조,맑음,단일로 - 기타,승용,여,55세,상해없음,이륜,남,38세,경상
2021090100100278,2021년 9월 1일 15시,수요일,부산광역시 서구 서대신동2가,경상사고,0,0,1,0,차대차 - 측면충돌,안전운전불이행,젖음/습기,흐림,교차로 - 교차로안,승용,남,51세,상해없음,자전거,남,12세,경상
2021090100100279,2021년 9월 1일 15시,수요일,부산광역시 해운대구 우동,경상사고,0,0,2,0,차대차 - 추돌,안전운전불이행,건조,맑음,교차로 - 교차로부근,승용,여,68세,상해없음,승용,남,49세,경상
2021090100100343,2021년 9월 1일 17시,수요일,부산광역시 부산진구 초읍동,경상사고,0,0,1,0,차대사람 - 기타,안전운전불이행,건조,맑음,단일로 - 기타,승용,남,35세,상해없음,보행자,남,59세,경상
2021090100100344,2021년 9월 1일 17시,수요일,부산광역시 연제구 연산동,경상사고,0,0,1,0,차대사람 - 횡단중,신호위반,건조,맑음,교차로 - 교차로부근,승용,여,38세,상해없음,보행자,여,40세,경상
2021090100100345,2021년 9월 1일 17시,수요일,부산광역시 강서구 강동동,부상신고사고,0,0,0,1,차대차 - 기타,안전운전불이행,건조,맑음,교차로 - 교차로안,화물,남,51세,상해없음,이륜,남,73세,부상신고
2021090100100374,2021년 9월 1일 18시,수요일,부산광역시 동구 초량동,경상사고,0,0,1,0,차대차 - 측면충돌,안전운전불이행,건조,맑음,단일로 - 기타,승용,남,30세,경상,화물,남,57세,상해없음
2021090100100375,2021년 9월 1일 18시,수요일,부산광역시 남구 대연동,경상사고,0,0,1,0,차대사람 - 기타,안전운전불이행,건조,맑음,단일로 - 기타,이륜,남,50세,상해없음,보행자,여,82세,경상
2021090100100376,2021년 9월 1일 18시,수요일,부산광역시 남구 대연동,부상신고사고,0,0,0,1,차대차 - 추돌,안전거리미확보,건조,맑음,단일로 - 기타,화물,남,29세,상해없음,승용,여,24세,부상신고
2021090100100404,2021년 9월 1일 19시,수요일,부산광역시 동래구 온천동,중상사고,0,1,0,0,차대사람 - 기타,안전운전불이행,젖음/습기,비,단일로 - 기타,승용,남,32세,상해없음,보행자,남,87세,중상
2021090100100405,2021년 9월 1일 19시,수요일,부산광역시 부산진구 초읍동,경상사고,0,0,1,0,차대사람 - 횡단중,보행자보호의무위반,젖음/습기,비,교차로 - 교차로횡단보도내,승용,남,59세,상해없음,보행자,남,67세,경상
2021090100100406,2021년 9월 1일 19시,수요일,부산광역시 금정구 부곡동,경상사고,0,0,1,0,차대차 - 기타,직진우회전진행방해,건조,맑음,교차로 - 교차로안,승용,여,32세,상해없음,승용,여,72세,상해없음
2021090100100450,2021년 9월 1일 20시,수요일,부산광역시 해운대구 재송동,경상사고,0,0,2,0,차대차 - 측면충돌,중앙선침범,젖음/습기,비,단일로 - 기타,승용,남,53세,상해없음,승용,여,56세,경상
2021090100100481,2021년 9월 1일 21시,수요일,부산광역시 해운대구 우동,경상사고,0,0,1,0,차대사람 - 횡단중,신호위반,젖음/습기,비,교차로 - 교차로안,이륜,남,67세,상해없음,보행자,여,17세,경상
2021090100100482,2021년 9월 1일 21시,수요일,부산광역시 해운대구 좌동,경상사고,0,0,1,0,차대사람 - 횡단중,신호위반,젖음/습기,비,교차로 - 교차로안,승용,남,48세,상해없음,보행자,여,15세,경상
2021090100100483,2021년 9월 1일 21시,수요일,부산광역시 부산진구 범천동,중상사고,0,1,0,0,차대차 - 추돌,안전운전불이행,젖음/습기,비,교차로 - 교차로부근,승용,남,37세,상해없음,승용,여,32세,중상
2021090100100484,2021년 9월 1일 21시,수요일,부산광역시 수영구 망미동,경상사고,0,0,1,0,차대사람 - 기타,안전운전불이행,젖음/습기,맑음,단일로 - 기타,승합,남,48세,상해없음,보행자,남,30세,경상
2021090100100515,2021년 9월 1일 22시,수요일,부산광역시 서구 남부민동,중상사고,0,1,0,0,차대사람 - 횡단중,안전운전불이행,젖음/습기,비,단일로 - 기타,승용,남,63세,상해없음,보행자,남,82세,중상
2021090100100516,2021년 9월 1일 22시,수요일,부산광역시 금정구 금사동,경상사고,0,0,1,0,차대차 - 측면충돌,안전운전불이행,젖음/습기,비,기타 - 기타,승용,남,55세,상해없음,승용,남,21세,경상
2021090100100517,2021년 9월 1일 22시,수요일,부산광역시 강서구 명지동,중상사고,0,1,1,3,차대차 - 추돌,안전운전불이행,젖음/습기,비,단일로 - 기타,화물,남,57세,중상,승용,남,61세,경상
2021090100100518,2021년 9월 1일 22시,수요일,부산광역시 사상구 덕포동,중상사고,0,1,0,0,차대사람 - 차도통행중,안전운전불이행,젖음/습기,비,단일로 - 기타,승합,남,60세,상해없음,보행자,남,55세,중상
2021090200100039,2021년 9월 2일 07시,목요일,부산광역시 남구 대연동,경상사고,0,0,1,0,차대차 - 추돌,안전운전불이행,건조,맑음,교차로 - 교차로안,승합,남,65세,상해없음,화물,남,43세,경상
2021090200100124,2021년 9월 2일 10시,목요일,부산광역시 부산진구 범천동,중상사고,0,2,1,0,차대차 - 추돌,안전거리미확보,건조,맑음,단일로 - 기타,승용,남,64세,상해없음,화물,남,63세,상해없음
2021090200100156,2021년 9월 2일 11시,목요일,부산광역시 동래구 명륜동,중상사고,0,1,1,0,차대차 - 측면충돌,교차로운행방법위반,건조,맑음,교차로 - 교차로안,승용,남,68세,중상,승용,남,29세,경상
2021090200100179,2021년 9월 2일 12시,목요일,부산광역시 연제구 연산동,경상사고,0,0,1,0,차대차 - 측면충돌,안전운전불이행,젖음/습기,비,단일로 - 기타,이륜,남,27세,상해없음,화물,남,33세,경상
2021090200100180,2021년 9월 2일 12시,목요일,부산광역시 강서구 화전동,중상사고,0,2,2,0,차대차 - 기타,신호위반,건조,맑음,교차로 - 교차로안,화물,남,60세,상해없음,승용,남,44세,중상
2021090200100181,2021년 9월 2일 12시,목요일,부산광역시 기장군 정관읍,경상사고,0,0,1,0,차대차 - 측면충돌,중앙선침범,젖음/습기,흐림,단일로 - 기타,이륜,남,68세,상해없음,이륜,남,29세,경상
2021090200100182,2021년 9월 2일 12시,목요일,부산광역시 기장군 정관읍,경상사고,0,0,2,0,차대차 - 기타,안전운전불이행,건조,맑음,교차로 - 교차로안,승용,남,55세,상해없음,승용,남,40세,경상
2021090200100208,2021년 9월 2일 13시,목요일,부산광역시 동래구 명륜동,경상사고,0,0,1,0,차대차 - 기타,안전거리미확보,젖음/습기,맑음,단일로 - 기타,승용,남,43세,상해없음,이륜,남,31세,경상
2021090200100209,2021년 9월 2일 13시,목요일,부산광역시 사상구 주례동,경상사고,0,0,1,0,차대차 - 측면충돌,중앙선침범,건조,맑음,단일로 - 기타,승용,여,56세,상해없음,승용,남,26세,경상
2021090200100235,2021년 9월 2일 14시,목요일,부산광역시 서구 암남동,경상사고,0,0,1,0,차대차 - 측면충돌,신호위반,젖음/습기,흐림,교차로 - 교차로안,승용,남,66세,상해없음,자전거,남,84세,경상
2021090200100236,2021년 9월 2일 14시,목요일,부산광역시 수영구 광안동,중상사고,0,1,0,0,차대차 - 측면충돌,기타,건조,흐림,교차로 - 교차로안,승용,남,39세,상해없음,이륜,남,38세,중상
2021090200100265,2021년 9월 2일 15시,목요일,부산광역시 강서구 명지동,경상사고,0,0,3,0,차대차 - 기타,안전운전불이행,건조,맑음,단일로 - 기타,승용,여,49세,상해없음,승용,여,41세,경상
2021090200100266,2021년 9월 2일 15시,목요일,부산광역시 사상구 주례동,경상사고,0,0,1,0,차대사람 - 횡단중,안전운전불이행,건조,맑음,단일로 - 기타,승용,남,37세,상해없음,보행자,여,8세,경상
2021090200100311,2021년 9월 2일 16시,목요일,부산광역시 금정구 노포동,경상사고,0,0,1,0,차대차 - 추돌,안전운전불이행,건조,맑음,단일로 - 기타,승용,여,60세,상해없음,승용,남,67세,경상
2021090200100312,2021년 9월 2일 16시,목요일,부산광역시 연제구 연산동,경상사고,0,0,1,0,차량단독 - 기타,안전운전불이행,젖음/습기,비,교차로 - 교차로안,이륜,남,26세,경상,,,,
2021090200100342,2021년 9월 2일 17시,목요일,부산광역시 해운대구 반여동,경상사고,0,0,1,0,차대차 - 기타,안전운전불이행,건조,맑음,단일로 - 기타,승합,남,73세,상해없음,승용,남,33세,경상
2021090200100343,2021년 9월 2일 17시,목요일,부산광역시 부산진구 양정동,중상사고,0,1,0,0,차대사람 - 기타,안전운전불이행,젖음/습기,비,단일로 - 기타,승용,남,66세,상해없음,보행자,여,54세,중상
2021090200100392,2021년 9월 2일 18시,목요일,부산광역시 부산진구 범천동,경상사고,0,0,1,0,차대차 - 측면충돌,안전거리미확보,젖음/습기,비,단일로 - 기타,승용,여,24세,경상,특수,남,66세,상해없음
2021090200100393,2021년 9월 2일 18시,목요일,부산광역시 금정구 노포동,경상사고,0,0,2,0,차대차 - 추돌,안전운전불이행,젖음/습기,비,교차로 - 교차로부근,승용,여,52세,상해없음,승용,남,39세,경상
2021090200100394,2021년 9월 2일 18시,목요일,부산광역시 사하구 당리동,부상신고사고,0,0,0,1,차대차 - 기타,안전운전불이행,젖음/습기,비,단일로 - 기타,승용,남,62세,상해없음,이륜,남,20세,부상신고
2021090200100395,2021년 9월 2일 18시,목요일,부산광역시 사상구 학장동,중상사고,0,1,0,0,차대차 - 정면충돌,신호위반,젖음/습기,맑음,교차로 - 교차로안,승용,남,26세,상해없음,이륜,남,33세,중상
2021090200100396,2021년 9월 2일 18시,목요일,부산광역시 기장군 일광면,경상사고,0,0,1,0,차대차 - 추돌,안전운전불이행,건조,맑음,단일로 - 기타,승용,남,63세,상해없음,승용,남,33세,경상
2021090200100447,2021년 9월 2일 19시,목요일,부산광역시 해운대구 좌동,경상사고,0,0,1,0,차대사람 - 횡단중,보행자보호의무위반,젖음/습기,비,단일로 - 기타,승용,여,49세,상해없음,보행자,여,24세,경상
2021090200100478,2021년 9월 2일 20시,목요일,부산광역시 북구 만덕동,경상사고,0,0,2,0,차대차 - 측면충돌,교차로운행방법위반,건조,맑음,교차로 - 교차로안,승용,남,51세,상해없음,승용,여,43세,경상
2021090200100512,2021년 9월 2일 21시,목요일,부산광역시 사하구 당리동,경상사고,0,0,2,0,차대차 - 기타,안전거리미확보,건조,맑음,교차로 - 교차로부근,승용,남,57세,상해없음,승용,남,46세,경상
2021090200100551,2021년 9월 2일 23시,목요일,부산광역시 북구 화명동,경상사고,0,0,2,0,차대차 - 기타,신호위반,건조,맑음,교차로 - 교차로안,원동기,남,29세,상해없음,승용,남,50세,경상
2021090300100012,2021년 9월 3일 01시,금요일,부산광역시 부산진구 양정동,중상사고,0,1,0,0,차량단독 - 전도전복 - 전도,안전운전불이행,젖음/습기,비,단일로 - 기타,원동기,남,61세,중상,,,,
2021090300100018,2021년 9월 3일 03시,금요일,부산광역시 사상구 엄궁동,중상사고,0,1,0,0,차대차 - 측면충돌,안전운전불이행,건조,맑음,단일로 - 기타,승용,남,41세,상해없음,화물,남,42세,중상
2021090300100045,2021년 9월 3일 07시,금요일,부산광역시 남구 대연동,경상사고,0,0,1,0,차대차 - 기타,안전운전불이행,건조,맑음,교차로 - 교차로안,승용,여,39세,상해없음,승용,남,35세,경상
2021090300100046,2021년 9월 3일 07시,금요일,부산광역시 해운대구 중동,경상사고,0,0,1,0,차대차 - 추돌,안전운전불이행,건조,맑음,교차로 - 교차로안,화물,남,32세,상해없음,승용,남,57세,경상
2021090300100047,2021년 9월 3일 07시,금요일,부산광역시 강서구 범방동,중상사고,0,1,0,0,차대차 - 정면충돌,안전운전불이행,건조,맑음,교차로 - 교차로안,승용,남,60세,기타불명,승용,남,29세,중상
2021090300100069,2021년 9월 3일 08시,금요일,부산광역시 중구 보수동1가,경상사고,0,0,1,0,차대사람 - 횡단중,보행자보호의무위반,건조,맑음,단일로 - 기타,승용,여,56세,상해없음,보행자,남,41세,경상
2021090300100070,2021년 9월 3일 08시,금요일,부산광역시 부산진구 범전동,경상사고,0,0,3,0,차대차 - 추돌,안전운전불이행,건조,맑음,교차로 - 교차로안,승용,남,51세,상해없음,승합,남,70세,경상
2021090300100110,2021년 9월 3일 09시,금요일,부산광역시 남구 대연동,중상사고,0,1,0,0,차대차 - 기타,교차로운행방법위반,건조,맑음,교차로 - 교차로안,승용,남,44세,상해없음,이륜,남,31세,중상
2021090300100111,2021년 9월 3일 09시,금요일,부산광역시 연제구 연산동,중상사고,0,1,0,0,차대사람 - 횡단중,보행자보호의무위반,건조,맑음,단일로 - 기타,승용,여,33세,상해없음,보행자,남,79세,중상
2021090300100135,2021년 9월 3일 10시,금요일,부산광역시 부산진구 양정동,경상사고,0,0,1,0,차대사람 - 차도통행중,안전운전불이행,건조,맑음,단일로 - 기타,승용,여,32세,상해없음,보행자,여,42세,경상
2021090300100155,2021년 9월 3일 11시,금요일,부산광역시 해운대구 좌동,경상사고,0,0,1,0,차대사람 - 횡단중,보행자보호의무위반,건조,맑음,교차로 - 교차로안,화물,남,57세,상해없음,보행자,남,83세,경상
2021090300100156,2021년 9월 3일 11시,금요일,부산광역시 부산진구 당감동,경상사고,0,0,1,0,차대차 - 기타,안전거리미확보,건조,맑음,단일로 - 기타,승용,남,77세,상해없음,승용,남,61세,경상
2021090300100157,2021년 9월 3일 11시,금요일,부산광역시 강서구 신호동,경상사고,0,0,2,0,차대차 - 기타,중앙선침범,건조,맑음,단일로 - 기타,승용,남,46세,상해없음,승용,남,60세,경상
2021090300100177,2021년 9월 3일 12시,금요일,부산광역시 연제구 거제동,중상사고,0,1,0,0,차대차 - 추돌,직진우회전진행방해,건조,맑음,교차로 - 교차로부근,이륜,남,50세,중상,화물,남,33세,상해없음
2021090300100178,2021년 9월 3일 12시,금요일,부산광역시 강서구 명지동,경상사고,0,0,1,0,차대차 - 측면충돌,안전운전불이행,건조,맑음,교차로 - 교차로부근,승용,남,40세,상해없음,화물,남,53세,경상
2021090300100204,2021년 9월 3일 13시,금요일,부산광역시 동래구 온천동,중상사고,0,1,0,0,차대차 - 후진중충돌,안전운전불이행,건조,기타,단일로 - 기타,승용,여,79세,상해없음,승합,남,51세,중상
2021090300100205,2021년 9월 3일 13시,금요일,부산광역시 부산진구 범천동,경상사고,0,0,1,0,차대차 - 기타,안전운전불이행,건조,흐림,단일로 - 기타,승용,남,78세,상해없음,이륜,남,27세,경상
2021090300100303,2021년 9월 3일 16시,금요일,부산광역시 동래구 명륜동,경상사고,0,0,1,0,차대차 - 추돌,안전운전불이행,건조,맑음,단일로 - 기타,승용,남,30세,상해없음,원동기,남,71세,경상
2021090300100304,2021년 9월 3일 16시,금요일,부산광역시 연제구 연산동,경상사고,0,0,1,0,차대사람 - 횡단중,안전운전불이행,건조,맑음,단일로 - 기타,자전거,남,56세,상해없음,보행자,여,62세,경상
2021090300100349,2021년 9월 3일 17시,금요일,부산광역시 영도구 청학동,경상사고,0,0,2,0,차대차 - 측면충돌,직진우회전진행방해,건조,맑음,교차로 - 교차로안,승용,남,61세,상해없음,승용,여,31세,경상
2021090300100350,2021년 9월 3일 17시,금요일,부산광역시 부산진구 개금동,경상사고,0,0,2,0,차대차 - 정면충돌,신호위반,건조,맑음,단일로 - 기타,승용,남,59세,상해없음,승용,남,28세,경상
2021090300100351,2021년 9월 3일 17시,금요일,부산광역시 부산진구 부전동,경상사고,0,0,1,0,차대차 - 기타,신호위반,건조,맑음,단일로 - 기타,이륜,남,22세,상해없음,승합,남,47세,상해없음
2021090300100403,2021년 9월 3일 18시,금요일,부산광역시 강서구 명지동,중상사고,0,1,0,0,차대사람 - 기타,보행자보호의무위반,건조,맑음,단일로 - 기타,승용,여,61세,상해없음,보행자,여,9세,중상
2021090300100404,2021년 9월 3일 18시,금요일,부산광역시 기장군 정관읍,경상사고,0,0,1,0,차대차 - 기타,안전운전불이행,건조,맑음,단일로 - 기타,승용,여,41세,상해없음,이륜,남,19세,경상
2021090300100405,2021년 9월 3일 18시,금요일,부산광역시 기장군 정관읍,경상사고,0,0,1,0,차대차 - 기타,안전운전불이행,건조,맑음,기타 - 기타,승용,여,50세,상해없음,승용,남,45세,경상
2021090300100458,2021년 9월 3일 19시,금요일,부산광역시 남구 우암동,경상사고,0,0,1,0,차대차 - 측면충돌,안전거리미확보,건조,맑음,단일로 - 기타,특수,남,61세,상해없음,승용,남,35세,경상
2021090300100459,2021년 9월 3일 19시,금요일,부산광역시 북구 화명동,부상신고사고,0,0,0,1,차대차 - 기타,안전거리미확보,건조,맑음,단일로 - 기타,승용,여,26세,상해없음,이륜,남,25세,부상신고
2021090300100460,2021년 9월 3일 19시,금요일,부산광역시 해운대구 우동,중상사고,0,1,0,0,차대사람 - 횡단중,보행자보호의무위반,건조,맑음,교차로 - 교차로횡단보도내,승용,남,74세,상해없음,보행자,남,76세,중상
2021090300100461,2021년 9월 3일 19시,금요일,부산광역시 부산진구 부전동,경상사고,0,0,2,0,차대차 - 측면충돌,중앙선침범,건조,맑음,단일로 - 기타,이륜,남,22세,경상,승용,남,68세,경상
2021090300100462,2021년 9월 3일 19시,금요일,부산광역시 금정구 두구동,경상사고,0,0,1,0,차대차 - 측면충돌,안전거리미확보,건조,맑음,단일로 - 고가도로위,승용,남,82세,상해없음,승용,남,61세,경상
2021090300100502,2021년 9월 3일 20시,금요일,부산광역시 북구 구포동,경상사고,0,0,1,0,차대차 - 추돌,안전운전불이행,건조,맑음,단일로 - 기타,승용,남,56세,상해없음,승용,남,42세,경상
2021090300100503,2021년 9월 3일 20시,금요일,부산광역시 부산진구 전포동,중상사고,0,1,0,0,차대차 - 측면충돌,직진우회전진행방해,건조,맑음,교차로 - 교차로안,승용,남,52세,상해없음,이륜,남,34세,중상
2021090300100543,2021년 9월 3일 21시,금요일,부산광역시 동구 범일동,경상사고,0,0,1,0,차대차 - 측면충돌,교차로운행방법위반,건조,맑음,교차로 - 교차로안,승용,남,77세,상해없음,승용,남,34세,경상
2021090300100544,2021년 9월 3일 21시,금요일,부산광역시 남구 대연동,경상사고,0,0,1,0,차대차 - 측면충돌,안전운전불이행,건조,맑음,교차로 - 교차로안,승용,남,47세,상해없음,승용,여,35세,경상
2021090300100545,2021년 9월 3일 21시,금요일,부산광역시 부산진구 전포동,경상사고,0,0,1,0,차대차 - 측면충돌,안전운전불이행,건조,맑음,단일로 - 기타,승용,남,49세,상해없음,원동기,남,40세,경상
2021090400100005,2021년 9월 4일 00시,토요일,부산광역시 사하구 당리동,사망사고,1,0,0,0,차대차 - 측면충돌,교차로운행방법위반,건조,맑음,교차로 - 교차로안,승용,남,28세,상해없음,이륜,남,28세,사망
2021090400100026,2021년 9월 4일 02시,토요일,부산광역시 부산진구 범천동,중상사고,0,3,2,0,차대차 - 측면충돌,안전운전불이행,건조,맑음,단일로 - 기타,승용,남,17세,기타불명,승용,남,49세,기타불명
2021090400100078,2021년 9월 4일 09시,토요일,부산광역시 남구 대연동,중상사고,0,1,0,0,차대사람 - 횡단중,보행자보호의무위반,건조,맑음,교차로 - 교차로횡단보도내,승용,남,46세,상해없음,보행자,여,63세,중상
2021090400100102,2021년 9월 4일 10시,토요일,부산광역시 동래구 안락동,경상사고,0,0,1,0,차대차 - 추돌,안전운전불이행,건조,맑음,교차로 - 교차로안,건설기계,여,55세,상해없음,승용,여,43세,경상