사고번호,사고일시,요일,시군구,사고내용,사망자수,중상자수,경상자수,부상신고자수,사고유형,법규위반,노면상태,기상상태,도로형태,가해운전자 차종,가해운전자 성별,가해운전자 연령,가해운전자 상해정도,피해운전자 차종,피해운전자 성별,피해운전자 연령,피해운전자 상해정도
2021090800100541,2021년 9월 8일 19시,수요일,부산광역시 동래구 안락동,경상사고,0,0,1,0,차대사람 - 차도통행중,안전운전불이행,건조,맑음,교차로 - 교차로안,승용,남,54세,상해없음,보행자,여,57세,경상
2021090800100578,2021년 9월 8일 20시,수요일,부산광역시 중구 중앙동6가,경상사고,0,0,3,0,차대차 - 추돌,안전운전불이행,건조,맑음,단일로 - 지하차도(도로)내,승용,남,62세,상해없음,승용,남,28세,경상
2021090800100606,2021년 9월 8일 21시,수요일,부산광역시 남구 용당동,경상사고,0,0,1,0,차대차 - 추돌,안전운전불이행,건조,맑음,단일로 - 기타,승용,남,53세,상해없음,승용,남,52세,경상
2021090800100629,2021년 9월 8일 22시,수요일,부산광역시 남구 대연동,중상사고,0,1,0,0,차대사람 - 기타,안전운전불이행,건조,맑음,교차로 - 교차로부근,승용,남,66세,상해없음,보행자,여,67세,중상
2021090800100630,2021년 9월 8일 22시,수요일,부산광역시 부산진구 개금동,경상사고,0,0,4,0,차대차 - 기타,신호위반,건조,맑음,교차로 - 교차로안,승용,남,51세,상해없음,승용,남,59세,경상
2021090900100017,2021년 9월 9일 03시,목요일,부산광역시 서구 초장동,중상사고,0,1,0,0,차대차 - 측면충돌,기타,건조,맑음,교차로 - 교차로부근,승용,남,20세,상해없음,승용,남,64세,중상
2021090900100018,2021년 9월 9일 03시,목요일,부산광역시 금정구 노포동,경상사고,0,0,1,0,차대차 - 후진중충돌,안전운전불이행,건조,맑음,단일로 - 기타,건설기계,남,32세,상해없음,승용,남,62세,경상
2021090900100024,2021년 9월 9일 05시,목요일,부산광역시 북구 구포동,경상사고,0,0,1,0,차대차 - 측면충돌,안전거리미확보,건조,맑음,단일로 - 지하차도(도로)내,승용,남,68세,상해없음,승용,남,59세,경상
2021090900100042,2021년 9월 9일 07시,목요일,부산광역시 동래구 사직동,경상사고,0,0,1,0,차대차 - 측면충돌,안전운전불이행,건조,맑음,단일로 - 기타,원동기,남,24세,상해없음,승용,남,58세,경상
2021090900100043,2021년 9월 9일 07시,목요일,부산광역시 수영구 망미동,경상사고,0,0,1,0,차대차 - 기타,차로위반,건조,맑음,기타 - 기타,승용,여,66세,상해없음,이륜,남,32세,경상
2021090900100074,2021년 9월 9일 08시,목요일,부산광역시 동래구 명륜동,중상사고,0,1,0,0,차대사람 - 기타,안전운전불이행,건조,맑음,단일로 - 기타,승용,남,66세,상해없음,보행자,여,21세,중상
2021090900100075,2021년 9월 9일 08시,목요일,부산광역시 금정구 남산동,경상사고,0,0,1,0,차대차 - 기타,안전운전불이행,건조,맑음,교차로 - 교차로안,승합,남,69세,상해없음,승용,여,25세,경상
2021090900100076,2021년 9월 9일 08시,목요일,부산광역시 연제구 연산동,경상사고,0,0,1,0,차대차 - 기타,안전거리미확보,건조,맑음,단일로 - 기타,승용,남,47세,상해없음,이륜,남,39세,경상
2021090900100144,2021년 9월 9일 10시,목요일,부산광역시 남구 대연동,경상사고,0,0,1,0,차대사람 - 보도통행중,보행자보호의무위반,건조,맑음,단일로 - 기타,화물,남,76세,상해없음,보행자,남,79세,경상
2021090900100177,2021년 9월 9일 11시,목요일,부산광역시 부산진구 당감동,경상사고,0,0,1,0,차대사람 - 보도통행중,기타,건조,맑음,단일로 - 기타,이륜,남,74세,상해없음,보행자,여,27세,경상
2021090900100178,2021년 9월 9일 11시,목요일,부산광역시 부산진구 양정동,경상사고,0,0,1,0,차대차 - 측면충돌,안전운전불이행,건조,맑음,교차로 - 교차로안,승용,여,34세,상해없음,승용,여,50세,경상
2021090900100179,2021년 9월 9일 11시,목요일,부산광역시 연제구 거제동,경상사고,0,0,3,0,차대차 - 측면충돌,교차로운행방법위반,건조,맑음,교차로 - 교차로안,승용,남,48세,경상,승용,남,64세,경상
2021090900100218,2021년 9월 9일 12시,목요일,부산광역시 중구 남포동6가,경상사고,0,0,1,0,차대차 - 측면충돌,교차로운행방법위반,건조,맑음,교차로 - 교차로안,특수,남,49세,상해없음,자전거,남,85세,경상
2021090900100219,2021년 9월 9일 12시,목요일,부산광역시 기장군 정관읍,중상사고,0,1,0,0,차대차 - 기타,교차로운행방법위반,건조,맑음,교차로 - 교차로안,승용,남,37세,상해없음,자전거,남,50세,중상
2021090900100251,2021년 9월 9일 13시,목요일,부산광역시 해운대구 우동,중상사고,0,1,0,0,차대차 - 측면충돌,안전거리미확보,건조,맑음,교차로 - 교차로부근,승용,남,63세,상해없음,원동기,남,40세,중상
2021090900100252,2021년 9월 9일 13시,목요일,부산광역시 영도구 청학동,경상사고,0,0,2,0,차대차 - 측면충돌,안전운전불이행,건조,맑음,단일로 - 기타,화물,남,66세,기타불명,승용,여,54세,경상
2021090900100253,2021년 9월 9일 13시,목요일,부산광역시 해운대구 반송동,중상사고,0,1,0,0,차대사람 - 길가장자리구역통행중,안전운전불이행,건조,맑음,단일로 - 기타,승용,남,58세,상해없음,보행자,남,87세,중상
2021090900100254,2021년 9월 9일 13시,목요일,부산광역시 해운대구 우동,경상사고,0,0,2,0,차대차 - 기타,안전운전불이행,건조,맑음,교차로 - 교차로안,승용,여,75세,기타불명,승용,남,28세,경상
2021090900100290,2021년 9월 9일 14시,목요일,부산광역시 수영구 민락동,경상사고,0,0,1,0,차대사람 - 기타,안전운전불이행,건조,맑음,단일로 - 기타,화물,남,40세,상해없음,보행자,남,51세,경상
2021090900100291,2021년 9월 9일 14시,목요일,부산광역시 기장군 정관읍,사망사고,1,0,0,0,차대차 - 추돌,안전운전불이행,건조,맑음,단일로 - 기타,이륜,여,29세,사망,승용,남,47세,기타불명
2021090900100292,2021년 9월 9일 14시,목요일,부산광역시 기장군 기장읍,경상사고,0,0,1,0,차대차 - 측면충돌,안전거리미확보,건조,맑음,단일로 - 기타,승용,남,66세,상해없음,승용,남,31세,경상
2021090900100326,2021년 9월 9일 15시,목요일,부산광역시 남구 용호동,부상신고사고,0,0,0,1,차대차 - 추돌,안전거리미확보,건조,맑음,교차로 - 교차로안,화물,남,62세,상해없음,승용,남,29세,부상신고
2021090900100327,2021년 9월 9일 15시,목요일,부산광역시 수영구 민락동,경상사고,0,0,2,0,차대차 - 추돌,안전운전불이행,건조,맑음,단일로 - 기타,승용,남,19세,상해없음,화물,남,36세,경상
2021090900100328,2021년 9월 9일 15시,목요일,부산광역시 남구 용당동,경상사고,0,0,1,0,차대차 - 기타,안전거리미확보,건조,맑음,단일로 - 기타,승용,여,43세,기타불명,승용,남,49세,경상
2021090900100329,2021년 9월 9일 15시,목요일,부산광역시 북구 구포동,경상사고,0,0,1,0,차대차 - 기타,안전거리미확보,젖음/습기,맑음,단일로 - 기타,화물,남,47세,상해없음,승용,남,65세,경상
2021090900100330,2021년 9월 9일 15시,목요일,부산광역시 해운대구 좌동,경상사고,0,0,2,0,차대차 - 측면충돌,안전거리미확보,건조,맑음,단일로 - 기타,승용,남,25세,상해없음,승용,여,42세,경상
2021090900100331,2021년 9월 9일 15시,목요일,부산광역시 수영구 망미동,경상사고,0,0,2,0,차대차 - 추돌,안전운전불이행,건조,맑음,단일로 - 고가도로위,화물,남,69세,상해없음,승용,남,27세,경상
2021090900100361,2021년 9월 9일 16시,목요일,부산광역시 수영구 민락동,경상사고,0,0,1,0,차대차 - 기타,안전운전불이행,건조,맑음,단일로 - 기타,승용,여,45세,상해없음,승합,남,46세,상해없음
2021090900100362,2021년 9월 9일 16시,목요일,부산광역시 강서구 명지동,경상사고,0,0,1,0,차대차 - 기타,안전운전불이행,건조,맑음,교차로 - 교차로안,승용,여,40세,상해없음,자전거,남,9세,경상
2021090900100401,2021년 9월 9일 17시,목요일,부산광역시 동래구 온천동,경상사고,0,0,1,0,차대차 - 측면충돌,안전운전불이행,건조,맑음,단일로 - 기타,승용,남,78세,상해없음,승용,남,37세,경상
2021090900100440,2021년 9월 9일 18시,목요일,부산광역시 동구 범일동,경상사고,0,0,1,0,차대차 - 측면충돌,신호위반,건조,맑음,교차로 - 교차로안,이륜,남,68세,상해없음,이륜,남,42세,경상
2021090900100441,2021년 9월 9일 18시,목요일,부산광역시 금정구 금사동,경상사고,0,0,1,0,차대차 - 기타,안전운전불이행,건조,맑음,교차로 - 교차로안,이륜,남,32세,경상,승용,남,65세,상해없음
2021090900100519,2021년 9월 9일 20시,목요일,부산광역시 동래구 온천동,경상사고,0,0,1,0,차대차 - 기타,안전운전불이행,건조,맑음,단일로 - 기타,자전거,남,40세,경상,승용,여,64세,상해없음
2021090900100520,2021년 9월 9일 20시,목요일,부산광역시 해운대구 재송동,중상사고,0,2,1,0,차대차 - 측면충돌,안전거리미확보,건조,맑음,단일로 - 기타,승용,여,30세,경상,이륜,남,26세,중상
2021090900100521,2021년 9월 9일 20시,목요일,부산광역시 강서구 동선동,경상사고,0,0,1,0,차대차 - 기타,안전운전불이행,건조,맑음,단일로 - 기타,특수,남,51세,상해없음,승용,남,55세,경상
2021090900100583,2021년 9월 9일 23시,목요일,부산광역시 사하구 당리동,경상사고,0,0,1,0,차대차 - 기타,안전운전불이행,건조,맑음,교차로 - 교차로안,승용,남,27세,기타불명,승합,남,64세,경상
2021091000100044,2021년 9월 10일 06시,금요일,부산광역시 금정구 부곡동,중상사고,0,1,1,2,차대차 - 추돌,안전운전불이행,젖음/습기,흐림,단일로 - 기타,승용,여,47세,부상신고,승용,남,33세,부상신고
2021091000100057,2021년 9월 10일 07시,금요일,부산광역시 동구 초량동,경상사고,0,0,1,0,차대차 - 측면충돌,안전운전불이행,건조,맑음,교차로 - 교차로안,승용,여,51세,경상,승합,남,59세,상해없음
2021091000100058,2021년 9월 10일 07시,금요일,부산광역시 남구 감만동,경상사고,0,0,1,0,차대차 - 측면충돌,안전운전불이행,건조,맑음,교차로 - 교차로안,승용,여,54세,상해없음,이륜,남,33세,경상
2021091000100080,2021년 9월 10일 08시,금요일,부산광역시 금정구 부곡동,경상사고,0,0,1,0,차대차 - 기타,기타,건조,맑음,교차로 - 교차로안,승용,남,66세,상해없음,승합,남,38세,상해없음
2021091000100115,2021년 9월 10일 09시,금요일,부산광역시 동래구 낙민동,경상사고,0,0,1,0,차대차 - 측면충돌,신호위반,건조,맑음,교차로 - 교차로안,승용,여,51세,상해없음,특수,남,46세,경상
2021091000100116,2021년 9월 10일 09시,금요일,부산광역시 연제구 연산동,경상사고,0,0,1,0,차대차 - 측면충돌,안전운전불이행,건조,맑음,교차로 - 교차로안,승용,여,60세,상해없음,승용,남,57세,경상
2021091000100149,2021년 9월 10일 10시,금요일,부산광역시 남구 대연동,경상사고,0,0,1,0,차대차 - 추돌,안전운전불이행,건조,맑음,단일로 - 기타,승용,남,46세,기타불명,승용,남,71세,경상
2021091000100150,2021년 9월 10일 10시,금요일,부산광역시 기장군 정관읍,경상사고,0,0,1,0,차대차 - 추돌,안전운전불이행,건조,맑음,단일로 - 기타,승용,여,21세,상해없음,승용,남,50세,경상
2021091000100182,2021년 9월 10일 11시,금요일,부산광역시 금정구 부곡동,경상사고,0,0,1,0,차대차 - 정면충돌,안전운전불이행,건조,맑음,기타 - 기타,승용,여,48세,상해없음,승용,남,44세,경상
2021091000100215,2021년 9월 10일 12시,금요일,부산광역시 해운대구 좌동,경상사고,0,0,1,0,차대사람 - 기타,안전운전불이행,건조,맑음,단일로 - 기타,승용,여,60세,상해없음,보행자,남,38세,경상
2021091000100216,2021년 9월 10일 12시,금요일,부산광역시 해운대구 좌동,경상사고,0,0,1,0,차대차 - 측면충돌,안전거리미확보,건조,맑음,교차로 - 교차로부근,승용,남,77세,상해없음,승용,여,69세,경상
2021091000100240,2021년 9월 10일 13시,금요일,부산광역시 동구 초량동,경상사고,0,0,3,0,차대차 - 기타,안전거리미확보,건조,맑음,단일로 - 기타,승용,여,26세,상해없음,승용,여,39세,경상
2021091000100241,2021년 9월 10일 13시,금요일,부산광역시 동구 범일동,경상사고,0,0,1,0,차대차 - 측면충돌,안전운전불이행,건조,맑음,단일로 - 기타,화물,남,39세,상해없음,승용,여,43세,경상
2021091000100272,2021년 9월 10일 14시,금요일,부산광역시 서구 동대신동3가,경상사고,0,0,1,0,차대차 - 추돌,안전운전불이행,건조,맑음,교차로 - 교차로부근,승합,남,63세,상해없음,승용,여,54세,상해없음
2021091000100273,2021년 9월 10일 14시,금요일,부산광역시 남구 감만동,경상사고,0,0,1,0,차대차 - 추돌,안전운전불이행,건조,맑음,단일로 - 기타,승용,남,65세,상해없음,승용,여,40세,경상
2021091000100274,2021년 9월 10일 14시,금요일,부산광역시 금정구 노포동,경상사고,0,0,1,0,차대차 - 추돌,안전운전불이행,건조,맑음,교차로 - 교차로부근,화물,남,52세,상해없음,승용,여,53세,경상
2021091000100310,2021년 9월 10일 15시,금요일,부산광역시 부산진구 부전동,중상사고,0,1,0,0,차대차 - 기타,안전운전불이행,건조,맑음,교차로 - 교차로안,승용,남,75세,상해없음,승용,남,28세,중상
2021091000100311,2021년 9월 10일 15시,금요일,부산광역시 부산진구 전포동,경상사고,0,0,1,0,차대차 - 기타,기타,건조,맑음,단일로 - 기타,승용,남,36세,상해없음,이륜,남,36세,경상
2021091000100312,2021년 9월 10일 15시,금요일,부산광역시 금정구 부곡동,중상사고,0,1,0,0,차대차 - 정면충돌,중앙선침범,건조,맑음,교차로 - 교차로부근,승용,남,64세,상해없음,이륜,남,34세,중상
2021091000100313,2021년 9월 10일 15시,금요일,부산광역시 금정구 구서동,경상사고,0,0,1,0,차대차 - 후진중충돌,안전운전불이행,건조,맑음,단일로 - 기타,승용,여,52세,상해없음,승용,여,49세,경상
2021091000100314,2021년 9월 10일 15시,금요일,부산광역시 기장군 기장읍,중상사고,0,1,0,0,차대사람 - 기타,보행자보호의무위반,건조,맑음,교차로 - 교차로부근,기타불명,기타불명,미분류,기타불명,보행자,여,85세,중상
2021091000100351,2021년 9월 10일 16시,금요일,부산광역시 동래구 사직동,경상사고,0,0,1,0,차대사람 - 기타,안전운전불이행,건조,맑음,단일로 - 기타,승용,남,54세,상해없음,보행자,여,41세,경상
2021091000100397,2021년 9월 10일 17시,금요일,부산광역시 서구 서대신동2가,경상사고,0,0,1,0,차대차 - 측면충돌,안전운전불이행,건조,맑음,교차로 - 교차로안,승용,남,48세,경상,승용,남,73세,상해없음
2021091000100398,2021년 9월 10일 17시,금요일,부산광역시 연제구 거제동,경상사고,0,0,1,0,차대차 - 측면충돌,안전운전불이행,건조,맑음,교차로 - 교차로안,승용,여,60세,상해없음,이륜,남,43세,경상
2021091000100399,2021년 9월 10일 17시,금요일,부산광역시 수영구 수영동,부상신고사고,0,0,0,2,차대차 - 추돌,안전거리미확보,건조,맑음,단일로 - 기타,승용,남,60세,상해없음,승용,남,40세,부상신고
2021091000100458,2021년 9월 10일 18시,금요일,부산광역시 동래구 온천동,중상사고,0,1,1,0,차대차 - 기타,차로위반,건조,맑음,단일로 - 기타,특수,남,67세,상해없음,승용,남,71세,경상
2021091000100459,2021년 9월 10일 18시,금요일,부산광역시 부산진구 당감동,중상사고,0,1,0,0,차대사람 - 횡단중,보행자보호의무위반,건조,맑음,단일로 - 기타,이륜,남,31세,상해없음,보행자,여,46세,중상
2021091000100460,2021년 9월 10일 18시,금요일,부산광역시 강서구 대저1동,경상사고,0,0,1,0,차대차 - 기타,중앙선침범,건조,맑음,단일로 - 기타,승용,여,56세,상해없음,승용,여,65세,경상
2021091000100510,2021년 9월 10일 19시,금요일,부산광역시 수영구 민락동,중상사고,0,2,2,0,차대차 - 추돌,안전운전불이행,건조,맑음,기타 - 기타,승용,남,52세,상해없음,승용,남,32세,경상
2021091000100511,2021년 9월 10일 19시,금요일,부산광역시 금정구 구서동,경상사고,0,0,2,0,차대차 - 기타,직진우회전진행방해,건조,맑음,교차로 - 교차로안,승용,남,64세,경상,승용,여,41세,경상
2021091000100593,2021년 9월 10일 21시,금요일,부산광역시 부산진구 가야동,경상사고,0,0,1,0,차대차 - 측면충돌,신호위반,건조,맑음,교차로 - 교차로부근,이륜,남,26세,상해없음,승용,여,59세,경상
2021091000100594,2021년 9월 10일 21시,금요일,부산광역시 사하구 구평동,경상사고,0,0,1,0,차대차 - 추돌,신호위반,건조,맑음,교차로 - 교차로안,승용,여,24세,상해없음,이륜,남,16세,경상
2021091000100622,2021년 9월 10일 22시,금요일,부산광역시 금정구 금사동,경상사고,0,0,2,0,차대차 - 측면충돌,교차로운행방법위반,건조,맑음,교차로 - 교차로안,승용,여,24세,경상,이륜,남,35세,경상
2021091000100623,2021년 9월 10일 22시,금요일,부산광역시 기장군 정관읍,경상사고,0,0,1,0,차대차 - 추돌,안전운전불이행,건조,맑음,교차로 - 교차로부근,승용,남,41세,상해없음,승용,남,36세,경상
2021091000100657,2021년 9월 10일 23시,금요일,부산광역시 남구 문현동,경상사고,0,0,1,0,차대차 - 기타,안전운전불이행,건조,맑음,단일로 - 기타,이륜,남,40세,기타불명,승용,남,58세,경상
2021091000100658,2021년 9월 10일 23시,금요일,부산광역시 해운대구 우동,경상사고,0,0,1,0,차대사람 - 기타,기타,건조,맑음,단일로 - 기타,이륜,남,22세,상해없음,보행자,남,50세,경상
2021091000100659,2021년 9월 10일 23시,금요일,부산광역시 금정구 장전동,중상사고,0,1,0,1,차대차 - 측면충돌,직진우회전진행방해,건조,맑음,교차로 - 교차로안,승용,남,60세,상해없음,승용,남,56세,상해없음
2021091100100003,2021년 9월 11일 00시,토요일,부산광역시 강서구 명지동,중상사고,0,1,0,0,차대차 - 측면충돌,신호위반,건조,맑음,교차로 - 교차로안,승용,남,42세,상해없음,이륜,남,16세,중상
2021091100100012,2021년 9월 11일 01시,토요일,부산광역시 강서구 대저2동,경상사고,0,0,1,0,차대차 - 추돌,안전거리미확보,건조,맑음,교차로 - 교차로부근,승용,여,47세,상해없음,승용,남,38세,경상
2021091100100034,2021년 9월 11일 05시,토요일,부산광역시 동래구 낙민동,경상사고,0,0,1,0,차대차 - 측면충돌,신호위반,건조,맑음,교차로 - 교차로부근,화물,남,70세,상해없음,승합,남,37세,경상
2021091100100037,2021년 9월 11일 06시,토요일,부산광역시 사상구 덕포동,경상사고,0,0,1,0,차대차 - 추돌,안전거리미확보,건조,맑음,교차로 - 교차로부근,화물,남,37세,상해없음,승용,남,62세,경상
2021091100100056,2021년 9월 11일 07시,토요일,부산광역시 부산진구 가야동,경상사고,0,0,2,0,차대차 - 기타,기타,건조,맑음,단일로 - 기타,이륜,남,39세,경상,승용,남,67세,경상
2021091100100070,2021년 9월 11일 08시,토요일,부산광역시 부산진구 범천동,경상사고,0,0,1,0,차대차 - 측면충돌,안전거리미확보,건조,맑음,단일로 - 기타,승용,여,54세,상해없음,승용,여,30세,경상
2021091100100071,2021년 9월 11일 08시,토요일,부산광역시 사상구 덕포동,사망사고,1,0,0,0,차대사람 - 횡단중,보행자보호의무위반,건조,맑음,교차로 - 교차로횡단보도내,건설기계,남,66세,상해없음,보행자,여,64세,사망
2021091100100093,2021년 9월 11일 09시,토요일,부산광역시 강서구 녹산동,중상사고,0,1,0,0,차대사람 - 기타,기타,건조,맑음,단일로 - 기타,승합,남,62세,상해없음,보행자,여,68세,중상
2021091100100126,2021년 9월 11일 10시,토요일,부산광역시 부산진구 양정동,경상사고,0,0,1,0,차대사람 - 기타,안전운전불이행,건조,맑음,단일로 - 터널,승용,여,24세,상해없음,보행자,남,51세,경상
2021091100100127,2021년 9월 11일 10시,토요일,부산광역시 사상구 괘법동,경상사고,0,0,2,0,차대차 - 측면충돌,안전운전불이행,건조,맑음,단일로 - 기타,승용,남,65세,상해없음,승용,여,25세,경상
2021091100100160,2021년 9월 11일 11시,토요일,부산광역시 동래구 낙민동,경상사고,0,0,2,0,차대차 - 기타,안전운전불이행,건조,맑음,단일로 - 기타,승용,여,59세,상해없음,승용,남,28세,경상
2021091100100161,2021년 9월 11일 11시,토요일,부산광역시 부산진구 부전동,중상사고,0,1,0,0,차대사람 - 기타,안전운전불이행,건조,맑음,단일로 - 기타,승용,남,36세,상해없음,보행자,남,69세,중상
2021091100100162,2021년 9월 11일 11시,토요일,부산광역시 부산진구 부전동,경상사고,0,0,1,0,차대차 - 기타,중앙선침범,건조,맑음,단일로 - 기타,승용,여,49세,상해없음,개인형이동수단(PM),남,29세,경상
2021091100100163,2021년 9월 11일 11시,토요일,부산광역시 부산진구 부전동,경상사고,0,0,1,0,차대차 - 측면충돌,신호위반,건조,맑음,교차로 - 교차로안,승용,여,42세,상해없음,승용,남,75세,상해없음
2021091100100213,2021년 9월 11일 12시,토요일,부산광역시 해운대구 우동,중상사고,0,1,0,0,차대차 - 기타,안전거리미확보,건조,맑음,단일로 - 기타,이륜,여,24세,상해없음,이륜,남,76세,중상
2021091100100214,2021년 9월 11일 12시,토요일,부산광역시 부산진구 전포동,중상사고,0,1,0,0,차대차 - 측면충돌,기타,건조,맑음,단일로 - 기타,승용,남,31세,상해없음,이륜,남,57세,중상
2021091100100215,2021년 9월 11일 12시,토요일,부산광역시 사하구 신평동,경상사고,0,0,1,0,차대차 - 기타,직진우회전진행방해,건조,맑음,교차로 - 교차로안,승용,남,51세,기타불명,승용,남,60세,경상
2021091100100272,2021년 9월 11일 13시,토요일,부산광역시 해운대구 좌동,경상사고,0,0,1,0,차대차 - 측면충돌,안전거리미확보,건조,맑음,단일로 - 기타,이륜,남,29세,상해없음,이륜,남,40세,경상
2021091100100273,2021년 9월 11일 13시,토요일,부산광역시 부산진구 연지동,경상사고,0,0,1,0,차대사람 - 횡단중,신호위반,건조,맑음,단일로 - 기타,승용,여,60세,상해없음,보행자,여,19세,경상
2021091100100274,2021년 9월 11일 13시,토요일,부산광역시 강서구 대저1동,중상사고,0,1,0,0,차대차 - 측면충돌,신호위반,건조,맑음,단일로 - 기타,화물,남,51세,상해없음,승용,남,72세,중상
2021091100100322,2021년 9월 11일 14시,토요일,부산광역시 영도구 대교동1가,중상사고,0,1,0,0,차대차 - 추돌,안전거리미확보,건조,맑음,단일로 - 기타,승용,남,70세,상해없음,이륜,남,56세,중상
2021091100100323,2021년 9월 11일 14시,토요일,부산광역시 영도구 영선동4가,중상사고,0,1,1,0,차대차 - 추돌,안전거리미확보,건조,맑음,교차로 - 교차로부근,승합,남,38세,상해없음,승용,여,50세,중상
2021091100100324,2021년 9월 11일 14시,토요일,부산광역시 부산진구 개금동,중상사고,0,1,0,0,차량단독 - 기타,기타,건조,맑음,단일로 - 기타,승합,남,39세,상해없음,,,,
2021091100100325,2021년 9월 11일 14시,토요일,부산광역시 사하구 신평동,중상사고,0,1,0,0,차대사람 - 기타,안전운전불이행,건조,맑음,단일로 - 기타,승용,여,45세,상해없음,보행자,여,61세,중상
2021091100100373,2021년 9월 11일 15시,토요일,부산광역시 남구 대연동,경상사고,0,0,1,0,차대사람 - 보도통행중,안전운전불이행,건조,맑음,단일로 - 기타,승용,남,45세,상해없음,보행자,여,19세,경상
2021091100100374,2021년 9월 11일 15시,토요일,부산광역시 동래구 온천동,중상사고,0,1,1,0,차대차 - 측면충돌,안전운전불이행,건조,맑음,단일로 - 기타,승용,여,56세,상해없음,승용,남,62세,중상
2021091100100375,2021년 9월 11일 15시,토요일,부산광역시 동래구 온천동,중상사고,0,2,1,0,차대차 - 측면충돌,교차로운행방법위반,건조,맑음,교차로 - 교차로안,승용,여,69세,경상,승용,여,47세,중상
2021091100100376,2021년 9월 11일 15시,토요일,부산광역시 연제구 연산동,중상사고,0,1,4,1,차대차 - 추돌,안전운전불이행,건조,맑음,단일로 - 기타,화물,남,40세,상해없음,승합,남,69세,경상
2021091100100423,2021년 9월 11일 16시,토요일,부산광역시 수영구 광안동,경상사고,0,0,1,0,차대차 - 측면충돌,신호위반,건조,맑음,교차로 - 교차로안,승용,남,45세,상해없음,이륜,남,26세,경상
2021091100100424,2021년 9월 11일 16시,토요일,부산광역시 남구 대연동,경상사고,0,0,2,0,차대차 - 기타,안전거리미확보,건조,맑음,단일로 - 기타,승용,여,23세,상해없음,승용,남,24세,경상
2021091100100460,2021년 9월 11일 17시,토요일,부산광역시 해운대구 석대동,경상사고,0,0,2,0,차대차 - 추돌,안전운전불이행,건조,맑음,단일로 - 고가도로위,승용,남,62세,기타불명,승용,남,63세,상해없음
2021091100100461,2021년 9월 11일 17시,토요일,부산광역시 강서구 명지동,경상사고,0,0,3,0,차대차 - 기타,안전운전불이행,건조,맑음,단일로 - 기타,화물,남,28세,상해없음,승용,남,67세,경상
2021091100100506,2021년 9월 11일 18시,토요일,부산광역시 부산진구 전포동,경상사고,0,0,1,0,차대차 - 측면충돌,신호위반,건조,맑음,교차로 - 교차로안,승용,남,60세,상해없음,이륜,남,52세,경상
2021091100100548,2021년 9월 11일 19시,토요일,부산광역시 서구 동대신동1가,경상사고,0,0,2,0,차량단독 - 기타,안전운전불이행,건조,맑음,교차로 - 교차로부근,승용,남,64세,상해없음,,,,
2021091100100549,2021년 9월 11일 19시,토요일,부산광역시 연제구 연산동,경상사고,0,0,3,0,차대차 - 추돌,안전운전불이행,건조,맑음,단일로 - 기타,이륜,남,24세,상해없음,승용,여,31세,경상
2021091100100550,2021년 9월 11일 19시,토요일,부산광역시 연제구 연산동,경상사고,0,0,3,0,차대차 - 기타,안전거리미확보,건조,맑음,단일로 - 기타,승용,남,67세,상해없음,승용,남,38세,경상
2021091100100551,2021년 9월 11일 19시,토요일,부산광역시 사상구 감전동,중상사고,0,2,0,0,차대차 - 기타,신호위반,건조,맑음,교차로 - 교차로안,승용,남,64세,중상,승용,남,39세,상해없음
2021091100100596,2021년 9월 11일 20시,토요일,부산광역시 수영구 망미동,경상사고,0,0,1,0,차대차 - 측면충돌,안전운전불이행,건조,맑음,교차로 - 교차로안,승용,남,67세,상해없음,승용,남,51세,경상
2021091100100626,2021년 9월 11일 21시,토요일,부산광역시 동구 초량동,경상사고,0,0,1,0,차량단독 - 기타,안전운전불이행,건조,맑음,단일로 - 기타,승합,남,56세,상해없음,,,,
2021091100100627,2021년 9월 11일 21시,토요일,부산광역시 부산진구 부전동,경상사고,0,0,1,0,차대사람 - 보도통행중,안전운전불이행,건조,맑음,기타 - 기타,승용,남,28세,상해없음,보행자,남,20세,경상
2021091100100628,2021년 9월 11일 21시,토요일,부산광역시 사하구 다대동,경상사고,0,0,1,0,차대사람 - 횡단중,신호위반,건조,맑음,단일로 - 기타,승용,남,58세,상해없음,보행자,남,30세,경상
2021091100100629,2021년 9월 11일 21시,토요일,부산광역시 사상구 주례동,경상사고,0,0,4,0,차대차 - 정면충돌,중앙선침범,건조,맑음,교차로 - 교차로부근,승용,남,56세,상해없음,승용,남,38세,경상
2021091100100659,2021년 9월 11일 22시,토요일,부산광역시 남구 대연동,경상사고,0,0,1,0,차대차 - 측면충돌,안전운전불이행,건조,맑음,교차로 - 교차로안,이륜,남,23세,상해없음,원동기,남,28세,경상
2021091100100660,2021년 9월 11일 22시,토요일,부산광역시 남구 대연동,경상사고,0,0,1,0,차대차 - 추돌,불법유턴,건조,맑음,단일로 - 기타,승용,남,31세,상해없음,승용,남,59세,경상
2021091100100661,2021년 9월 11일 22시,토요일,부산광역시 남구 대연동,중상사고,0,1,0,0,차량단독 - 공작물충돌,안전운전불이행,건조,맑음,교차로 - 교차로안,승용,여,26세,중상,,,,
2021091100100662,2021년 9월 11일 22시,토요일,부산광역시 연제구 연산동,중상사고,0,1,0,0,차대차 - 추돌,안전거리미확보,건조,맑음,단일로 - 기타,승용,남,66세,상해없음,승용,남,69세,상해없음