사고번호,사고일시,요일,시군구,사고내용,사망자수,중상자수,경상자수,부상신고자수,사고유형,법규위반,노면상태,기상상태,도로형태,가해운전자 차종,가해운전자 성별,가해운전자 연령,가해운전자 상해정도,피해운전자 차종,피해운전자 성별,피해운전자 연령,피해운전자 상해정도
2021091100100664,2021년 9월 11일 22시,토요일,부산광역시 부산진구 가야동,경상사고,0,0,3,0,차대차 - 측면충돌,안전거리미확보,건조,맑음,단일로 - 기타,승용,남,23세,상해없음,승용,남,66세,경상
2021091100100690,2021년 9월 11일 23시,토요일,부산광역시 동래구 온천동,중상사고,0,1,0,0,차대차 - 측면충돌,신호위반,건조,맑음,교차로 - 교차로안,승용,남,67세,상해없음,이륜,남,28세,중상
2021091200100002,2021년 9월 12일 00시,일요일,부산광역시 강서구 명지동,경상사고,0,0,1,0,차대차 - 측면충돌,불법유턴,건조,맑음,교차로 - 교차로부근,승용,남,57세,상해없음,이륜,남,28세,경상
2021091200100019,2021년 9월 12일 03시,일요일,부산광역시 사하구 괴정동,중상사고,0,1,0,0,차대차 - 측면충돌,안전거리미확보,건조,맑음,단일로 - 기타,승용,여,41세,상해없음,승용,남,67세,중상
2021091200100028,2021년 9월 12일 06시,일요일,부산광역시 남구 대연동,부상신고사고,0,0,0,1,차량단독 - 공작물충돌,안전운전불이행,건조,맑음,단일로 - 기타,원동기,남,16세,부상신고,,,,
2021091200100052,2021년 9월 12일 09시,일요일,부산광역시 동래구 사직동,경상사고,0,0,3,0,차대차 - 측면충돌,안전운전불이행,건조,맑음,단일로 - 기타,승용,여,43세,경상,승용,여,42세,경상
2021091200100053,2021년 9월 12일 09시,일요일,부산광역시 금정구 두구동,중상사고,0,1,0,0,차대차 - 기타,안전운전불이행,건조,맑음,단일로 - 기타,화물,여,64세,상해없음,자전거,남,44세,중상
2021091200100067,2021년 9월 12일 10시,일요일,부산광역시 서구 암남동,중상사고,0,2,0,0,차대차 - 기타,차로위반,건조,맑음,교차로 - 교차로안,이륜,남,50세,중상,이륜,남,65세,중상
2021091200100068,2021년 9월 12일 10시,일요일,부산광역시 부산진구 초읍동,경상사고,0,0,2,0,차대사람 - 기타,보행자보호의무위반,건조,맑음,기타 - 기타,승용,여,74세,상해없음,보행자,여,66세,경상
2021091200100089,2021년 9월 12일 11시,일요일,부산광역시 수영구 민락동,경상사고,0,0,1,0,차대차 - 기타,안전운전불이행,건조,맑음,단일로 - 기타,승용,남,37세,상해없음,승용,여,47세,경상
2021091200100090,2021년 9월 12일 11시,일요일,부산광역시 해운대구 송정동,경상사고,0,0,3,0,차대차 - 추돌,교차로운행방법위반,건조,맑음,교차로 - 교차로안,승용,남,32세,경상,승용,남,56세,경상
2021091200100091,2021년 9월 12일 11시,일요일,부산광역시 해운대구 우동,경상사고,0,0,2,0,차대차 - 추돌,안전거리미확보,건조,맑음,교차로 - 교차로부근,승용,남,39세,상해없음,승용,여,30세,경상
2021091200100142,2021년 9월 12일 13시,일요일,부산광역시 동구 범일동,경상사고,0,0,1,0,차대차 - 측면충돌,안전운전불이행,건조,맑음,기타 - 기타,승용,여,26세,상해없음,이륜,남,58세,경상
2021091200100143,2021년 9월 12일 13시,일요일,부산광역시 부산진구 부전동,경상사고,0,0,1,0,차대차 - 추돌,안전운전불이행,건조,맑음,단일로 - 기타,승용,남,26세,상해없음,승용,남,61세,경상
2021091200100179,2021년 9월 12일 14시,일요일,부산광역시 중구 남포동6가,경상사고,0,0,1,0,차대차 - 추돌,안전운전불이행,건조,맑음,단일로 - 기타,승용,남,67세,상해없음,이륜,남,35세,경상
2021091200100180,2021년 9월 12일 14시,일요일,부산광역시 부산진구 양정동,경상사고,0,0,3,0,차대차 - 추돌,안전운전불이행,건조,맑음,단일로 - 기타,승용,남,56세,상해없음,승용,남,70세,경상
2021091200100181,2021년 9월 12일 14시,일요일,부산광역시 수영구 수영동,경상사고,0,0,1,0,차대사람 - 기타,안전운전불이행,건조,맑음,단일로 - 기타,원동기,남,39세,상해없음,보행자,남,30세,경상
2021091200100220,2021년 9월 12일 15시,일요일,부산광역시 동래구 안락동,경상사고,0,0,2,0,차대차 - 측면충돌,안전운전불이행,건조,맑음,교차로 - 교차로부근,승용,남,51세,기타불명,승용,여,33세,경상
2021091200100221,2021년 9월 12일 15시,일요일,부산광역시 금정구 장전동,경상사고,0,0,8,0,차대차 - 기타,안전운전불이행,건조,맑음,단일로 - 기타,승용,남,59세,경상,승용,남,46세,경상
2021091200100248,2021년 9월 12일 16시,일요일,부산광역시 북구 구포동,경상사고,0,0,2,0,차대차 - 기타,안전운전불이행,건조,맑음,교차로 - 교차로부근,승용,여,47세,상해없음,승용,남,55세,경상
2021091200100285,2021년 9월 12일 17시,일요일,부산광역시 동구 범일동,중상사고,0,1,0,0,차대차 - 추돌,안전거리미확보,건조,맑음,단일로 - 기타,승용,남,30세,상해없음,이륜,남,32세,중상
2021091200100286,2021년 9월 12일 17시,일요일,부산광역시 북구 화명동,경상사고,0,0,2,1,차대차 - 기타,안전운전불이행,건조,맑음,단일로 - 기타,이륜,남,18세,부상신고,승용,남,40세,경상
2021091200100287,2021년 9월 12일 17시,일요일,부산광역시 사하구 하단동,경상사고,0,0,2,0,차대차 - 측면충돌,안전거리미확보,건조,맑음,교차로 - 교차로부근,승용,남,51세,상해없음,승용,남,39세,경상
2021091200100288,2021년 9월 12일 17시,일요일,부산광역시 사상구 모라동,경상사고,0,0,2,0,차대차 - 기타,안전거리미확보,건조,맑음,단일로 - 기타,승용,여,53세,상해없음,승용,여,47세,경상
2021091200100328,2021년 9월 12일 18시,일요일,부산광역시 북구 구포동,중상사고,0,1,0,0,차대차 - 측면충돌,교차로운행방법위반,건조,맑음,단일로 - 지하차도(도로)내,승용,남,68세,상해없음,이륜,남,52세,중상
2021091200100363,2021년 9월 12일 19시,일요일,부산광역시 동구 범일동,중상사고,0,1,0,0,차대차 - 정면충돌,중앙선침범,건조,맑음,단일로 - 기타,승용,남,24세,상해없음,승용,남,53세,중상
2021091200100364,2021년 9월 12일 19시,일요일,부산광역시 수영구 망미동,중상사고,0,1,0,0,차대차 - 기타,기타,건조,맑음,단일로 - 기타,이륜,남,39세,상해없음,이륜,남,31세,상해없음
2021091200100395,2021년 9월 12일 20시,일요일,부산광역시 동래구 명장동,중상사고,0,1,0,0,차대차 - 기타,신호위반,건조,맑음,교차로 - 교차로안,이륜,남,16세,상해없음,이륜,남,48세,중상
2021091200100419,2021년 9월 12일 21시,일요일,부산광역시 부산진구 당감동,부상신고사고,0,0,0,1,차대차 - 측면충돌,차로위반,건조,맑음,단일로 - 터널,승용,남,59세,상해없음,원동기,남,44세,부상신고
2021091200100436,2021년 9월 12일 22시,일요일,부산광역시 부산진구 전포동,경상사고,0,0,1,0,차대차 - 측면충돌,중앙선침범,건조,맑음,교차로 - 교차로부근,이륜,남,27세,상해없음,승용,남,26세,경상
2021091300100047,2021년 9월 13일 07시,월요일,부산광역시 강서구 대저1동,경상사고,0,0,2,0,차대차 - 측면충돌,신호위반,건조,맑음,단일로 - 기타,특수,남,60세,상해없음,승용,남,45세,경상
2021091300100071,2021년 9월 13일 08시,월요일,부산광역시 남구 용호동,중상사고,0,1,0,0,차대차 - 기타,안전운전불이행,건조,맑음,교차로 - 교차로안,승용,여,36세,상해없음,이륜,남,61세,중상
2021091300100072,2021년 9월 13일 08시,월요일,부산광역시 부산진구 양정동,경상사고,0,0,1,0,차대차 - 기타,안전운전불이행,건조,맑음,단일로 - 기타,화물,남,61세,상해없음,승용,남,38세,경상
2021091300100073,2021년 9월 13일 08시,월요일,부산광역시 사하구 괴정동,경상사고,0,0,1,0,차대차 - 기타,안전거리미확보,건조,맑음,단일로 - 기타,승용,남,66세,상해없음,승용,남,43세,경상
2021091300100116,2021년 9월 13일 09시,월요일,부산광역시 강서구 대저1동,경상사고,0,0,1,0,차대차 - 기타,안전운전불이행,건조,맑음,교차로 - 교차로부근,승용,남,56세,상해없음,화물,남,51세,경상
2021091300100148,2021년 9월 13일 10시,월요일,부산광역시 부산진구 당감동,경상사고,0,0,1,0,차대차 - 추돌,안전운전불이행,건조,맑음,단일로 - 기타,특수,남,54세,상해없음,승용,남,49세,경상
2021091300100232,2021년 9월 13일 12시,월요일,부산광역시 사하구 구평동,경상사고,0,0,2,0,차대차 - 기타,안전거리미확보,건조,맑음,단일로 - 지하차도(도로)내,승용,여,51세,상해없음,화물,남,43세,경상
2021091300100233,2021년 9월 13일 12시,월요일,부산광역시 수영구 망미동,경상사고,0,0,1,0,차대차 - 기타,안전운전불이행,건조,맑음,단일로 - 기타,자전거,남,54세,경상,승용,남,68세,상해없음
2021091300100234,2021년 9월 13일 12시,월요일,부산광역시 기장군 기장읍,부상신고사고,0,0,0,2,차대차 - 측면충돌,안전운전불이행,건조,맑음,교차로 - 교차로안,승용,여,44세,상해없음,승용,남,83세,부상신고
2021091300100275,2021년 9월 13일 13시,월요일,부산광역시 북구 금곡동,중상사고,0,1,3,1,차대차 - 추돌,안전운전불이행,건조,맑음,단일로 - 교량,화물,남,53세,상해없음,화물,남,30세,중상
2021091300100276,2021년 9월 13일 13시,월요일,부산광역시 영도구 동삼동,중상사고,0,1,0,0,차량단독 - 기타,안전운전불이행,건조,맑음,단일로 - 기타,승합,남,44세,상해없음,,,,
2021091300100277,2021년 9월 13일 13시,월요일,부산광역시 부산진구 전포동,경상사고,0,0,1,0,차량단독 - 기타,안전운전불이행,건조,맑음,단일로 - 기타,승용,남,77세,상해없음,,,,
2021091300100278,2021년 9월 13일 13시,월요일,부산광역시 연제구 거제동,경상사고,0,0,1,0,차대차 - 측면충돌,안전운전불이행,건조,맑음,단일로 - 기타,승용,여,45세,상해없음,승용,남,45세,경상
2021091300100325,2021년 9월 13일 14시,월요일,부산광역시 동구 수정동,중상사고,0,1,1,0,차대차 - 정면충돌,신호위반,건조,맑음,기타 - 기타,이륜,남,59세,중상,승용,남,40세,상해없음
2021091300100327,2021년 9월 13일 14시,월요일,부산광역시 해운대구 우동,경상사고,0,0,1,0,차량단독 - 기타,안전운전불이행,건조,맑음,교차로 - 교차로안,승용,여,77세,경상,,,,
2021091300100328,2021년 9월 13일 14시,월요일,부산광역시 금정구 부곡동,경상사고,0,0,2,0,차대차 - 측면충돌,안전운전불이행,건조,맑음,단일로 - 기타,건설기계,남,58세,상해없음,승용,남,21세,경상
2021091300100329,2021년 9월 13일 14시,월요일,부산광역시 강서구 송정동,중상사고,0,1,2,0,차대차 - 기타,신호위반,건조,맑음,교차로 - 교차로안,승용,남,63세,상해없음,승용,남,64세,경상
2021091300100368,2021년 9월 13일 15시,월요일,부산광역시 남구 대연동,경상사고,0,0,1,0,차대차 - 추돌,안전운전불이행,건조,맑음,교차로 - 교차로부근,승용,남,70세,상해없음,승용,여,54세,경상
2021091300100369,2021년 9월 13일 15시,월요일,부산광역시 해운대구 우동,경상사고,0,0,1,0,차대사람 - 기타,안전운전불이행,건조,맑음,단일로 - 기타,이륜,남,23세,상해없음,보행자,남,50세,경상
2021091300100396,2021년 9월 13일 16시,월요일,부산광역시 동래구 안락동,경상사고,0,0,1,0,차대사람 - 기타,안전운전불이행,건조,흐림,교차로 - 교차로안,화물,남,60세,상해없음,보행자,남,59세,경상
2021091300100441,2021년 9월 13일 17시,월요일,부산광역시 영도구 봉래동3가,경상사고,0,0,1,0,차대사람 - 횡단중,보행자보호의무위반,건조,흐림,단일로 - 기타,승용,여,37세,상해없음,보행자,여,25세,경상
2021091300100442,2021년 9월 13일 17시,월요일,부산광역시 사상구 삼락동,경상사고,0,0,1,0,차대차 - 측면충돌,신호위반,건조,맑음,교차로 - 교차로안,승용,남,34세,기타불명,승용,남,65세,경상
2021091300100485,2021년 9월 13일 18시,월요일,부산광역시 동래구 명장동,경상사고,0,0,1,0,차대사람 - 횡단중,보행자보호의무위반,건조,맑음,교차로 - 교차로안,승용,여,46세,상해없음,보행자,남,53세,경상
2021091300100486,2021년 9월 13일 18시,월요일,부산광역시 부산진구 개금동,경상사고,0,0,1,0,차대차 - 기타,안전거리미확보,건조,기타,단일로 - 기타,승용,남,54세,상해없음,이륜,남,36세,경상
2021091300100487,2021년 9월 13일 18시,월요일,부산광역시 부산진구 부전동,중상사고,0,1,0,0,차대차 - 기타,신호위반,건조,맑음,교차로 - 교차로안,원동기,남,24세,상해없음,원동기,남,34세,중상
2021091300100534,2021년 9월 13일 19시,월요일,부산광역시 동래구 수안동,중상사고,0,1,1,0,차대차 - 기타,교차로운행방법위반,건조,맑음,교차로 - 교차로안,승용,여,62세,경상,승용,여,47세,중상
2021091300100579,2021년 9월 13일 20시,월요일,부산광역시 금정구 서동,경상사고,0,0,1,0,차대사람 - 기타,안전운전불이행,건조,맑음,단일로 - 기타,승용,여,68세,상해없음,보행자,남,43세,경상
2021091300100580,2021년 9월 13일 20시,월요일,부산광역시 기장군 기장읍,경상사고,0,0,2,0,차대차 - 추돌,안전운전불이행,건조,맑음,기타 - 기타,승용,남,40세,상해없음,승용,남,30세,경상
2021091300100634,2021년 9월 13일 22시,월요일,부산광역시 서구 서대신동2가,경상사고,0,0,1,0,차대차 - 측면충돌,신호위반,건조,맑음,교차로 - 교차로안,승용,남,42세,상해없음,승용,남,29세,경상
2021091300100635,2021년 9월 13일 22시,월요일,부산광역시 남구 용호동,경상사고,0,0,1,0,차대차 - 측면충돌,안전운전불이행,건조,맑음,단일로 - 기타,승용,남,34세,상해없음,승용,남,52세,경상
2021091300100636,2021년 9월 13일 22시,월요일,부산광역시 금정구 장전동,경상사고,0,0,1,0,차대차 - 측면충돌,신호위반,건조,맑음,교차로 - 교차로안,원동기,여,30세,경상,승용,남,48세,상해없음
2021091300100662,2021년 9월 13일 23시,월요일,부산광역시 해운대구 좌동,중상사고,0,1,0,0,차대사람 - 보도통행중,신호위반,건조,맑음,교차로 - 교차로부근,이륜,남,47세,상해없음,보행자,남,55세,중상
2021091300100663,2021년 9월 13일 23시,월요일,부산광역시 부산진구 가야동,경상사고,0,0,1,0,차대차 - 측면충돌,신호위반,건조,맑음,교차로 - 교차로안,승용,남,92세,상해없음,승용,남,60세,경상
2021091400100001,2021년 9월 14일 00시,화요일,부산광역시 동래구 온천동,부상신고사고,0,0,0,1,차대차 - 추돌,안전운전불이행,건조,맑음,교차로 - 교차로부근,이륜,남,27세,상해없음,이륜,남,35세,부상신고
2021091400100002,2021년 9월 14일 00시,화요일,부산광역시 사하구 장림동,경상사고,0,0,1,1,차대차 - 기타,안전운전불이행,건조,맑음,단일로 - 교량,승용,여,40세,상해없음,승용,남,63세,경상
2021091400100015,2021년 9월 14일 01시,화요일,부산광역시 부산진구 부암동,경상사고,0,0,1,0,차대차 - 측면충돌,신호위반,건조,맑음,교차로 - 교차로안,승용,여,24세,상해없음,승용,남,62세,경상
2021091400100024,2021년 9월 14일 04시,화요일,부산광역시 남구 용당동,중상사고,0,1,0,0,차대차 - 기타,중앙선침범,젖음/습기,비,기타 - 기타,승용,남,74세,상해없음,승용,남,46세,중상
2021091400100025,2021년 9월 14일 04시,화요일,부산광역시 기장군 정관읍,중상사고,0,1,0,0,차대차 - 기타,신호위반,젖음/습기,비,교차로 - 교차로부근,화물,남,64세,상해없음,승용,여,70세,중상
2021091400100038,2021년 9월 14일 06시,화요일,부산광역시 서구 충무동1가,중상사고,0,1,0,0,차대차 - 측면충돌,신호위반,건조,맑음,교차로 - 교차로안,승용,남,77세,상해없음,이륜,남,62세,중상
2021091400100053,2021년 9월 14일 07시,화요일,부산광역시 동구 범일동,중상사고,0,1,0,0,차량단독 - 기타,안전운전불이행,건조,맑음,단일로 - 기타,승합,남,45세,상해없음,,,,
2021091400100054,2021년 9월 14일 07시,화요일,부산광역시 서구 암남동,중상사고,0,1,2,0,차대차 - 추돌,기타,젖음/습기,비,단일로 - 터널,승용,남,39세,경상,화물,남,40세,중상
2021091400100055,2021년 9월 14일 07시,화요일,부산광역시 수영구 광안동,경상사고,0,0,1,0,차대차 - 기타,안전운전불이행,건조,맑음,교차로 - 교차로안,이륜,남,80세,경상,승용,남,28세,상해없음
2021091400100094,2021년 9월 14일 08시,화요일,부산광역시 동구 범일동,경상사고,0,0,1,0,차대사람 - 기타,안전운전불이행,건조,맑음,단일로 - 기타,승용,여,61세,상해없음,보행자,남,89세,경상
2021091400100183,2021년 9월 14일 10시,화요일,부산광역시 북구 만덕동,경상사고,0,0,2,0,차대차 - 추돌,안전거리미확보,건조,맑음,단일로 - 터널,승용,남,49세,상해없음,승용,남,80세,경상
2021091400100184,2021년 9월 14일 10시,화요일,부산광역시 기장군 기장읍,경상사고,0,0,2,0,차대차 - 측면충돌,안전거리미확보,젖음/습기,비,교차로 - 교차로부근,건설기계,남,67세,상해없음,승용,남,63세,경상
2021091400100185,2021년 9월 14일 10시,화요일,부산광역시 기장군 기장읍,경상사고,0,0,2,0,차대차 - 기타,신호위반,젖음/습기,비,교차로 - 교차로안,승용,여,49세,상해없음,승용,여,57세,경상
2021091400100216,2021년 9월 14일 11시,화요일,부산광역시 서구 암남동,중상사고,0,1,2,0,차대차 - 측면충돌,안전운전불이행,젖음/습기,비,단일로 - 기타,승용,남,34세,경상,승합,남,55세,경상
2021091400100217,2021년 9월 14일 11시,화요일,부산광역시 동래구 사직동,경상사고,0,0,1,0,차대사람 - 보도통행중,기타,젖음/습기,비,교차로 - 교차로부근,승용,여,62세,상해없음,보행자,여,19세,경상
2021091400100218,2021년 9월 14일 11시,화요일,부산광역시 동래구 온천동,경상사고,0,0,1,0,차대차 - 측면충돌,안전운전불이행,건조,맑음,주차장 - 주차장,승용,남,59세,기타불명,승용,여,42세,경상
2021091400100219,2021년 9월 14일 11시,화요일,부산광역시 금정구 구서동,경상사고,0,0,1,0,차대차 - 추돌,안전거리미확보,건조,맑음,기타 - 기타,화물,남,56세,상해없음,승용,여,56세,경상
2021091400100263,2021년 9월 14일 12시,화요일,부산광역시 남구 대연동,중상사고,0,1,0,0,차대차 - 측면충돌,안전운전불이행,젖음/습기,비,단일로 - 기타,건설기계,남,37세,기타불명,승용,여,35세,중상
2021091400100264,2021년 9월 14일 12시,화요일,부산광역시 동래구 사직동,경상사고,0,0,1,0,차대차 - 측면충돌,안전운전불이행,젖음/습기,비,교차로 - 교차로안,승용,남,66세,상해없음,승용,남,63세,경상
2021091400100265,2021년 9월 14일 12시,화요일,부산광역시 부산진구 범천동,경상사고,0,0,1,0,차대차 - 기타,안전운전불이행,젖음/습기,비,교차로 - 교차로안,승용,여,47세,상해없음,승용,남,62세,상해없음
2021091400100266,2021년 9월 14일 12시,화요일,부산광역시 사하구 감천동,중상사고,0,1,0,0,차대차 - 기타,안전운전불이행,젖음/습기,비,단일로 - 기타,화물,남,44세,상해없음,이륜,남,52세,중상
2021091400100267,2021년 9월 14일 12시,화요일,부산광역시 강서구 명지동,경상사고,0,0,2,0,차대차 - 기타,안전운전불이행,건조,맑음,단일로 - 기타,승용,여,34세,상해없음,승용,남,60세,경상
2021091400100268,2021년 9월 14일 12시,화요일,부산광역시 기장군 일광면,중상사고,0,1,0,0,차대차 - 측면충돌,교차로운행방법위반,젖음/습기,흐림,교차로 - 교차로안,화물,남,63세,상해없음,승용,남,83세,중상
2021091400100306,2021년 9월 14일 13시,화요일,부산광역시 동구 범일동,경상사고,0,0,2,0,차대차 - 추돌,안전거리미확보,젖음/습기,비,단일로 - 고가도로위,화물,남,53세,상해없음,승용,남,24세,경상
2021091400100307,2021년 9월 14일 13시,화요일,부산광역시 사하구 괴정동,경상사고,0,0,1,0,차대차 - 기타,안전운전불이행,건조,맑음,단일로 - 기타,승용,여,57세,상해없음,승용,남,50세,경상
2021091400100351,2021년 9월 14일 14시,화요일,부산광역시 동구 범일동,경상사고,0,0,2,0,차대차 - 추돌,안전운전불이행,젖음/습기,비,단일로 - 기타,승용,여,59세,상해없음,승용,여,32세,경상
2021091400100352,2021년 9월 14일 14시,화요일,부산광역시 영도구 영선동1가,경상사고,0,0,3,0,차대차 - 측면충돌,신호위반,젖음/습기,비,교차로 - 교차로안,승용,여,36세,상해없음,화물,남,52세,경상
2021091400100353,2021년 9월 14일 14시,화요일,부산광역시 금정구 부곡동,경상사고,0,0,2,0,차대차 - 추돌,안전운전불이행,건조,맑음,단일로 - 터널,승용,남,68세,상해없음,승용,남,27세,경상
2021091400100391,2021년 9월 14일 15시,화요일,부산광역시 부산진구 부전동,중상사고,0,1,0,0,차대사람 - 차도통행중,안전운전불이행,젖음/습기,비,단일로 - 기타,승용,남,64세,상해없음,보행자,여,65세,중상
2021091400100392,2021년 9월 14일 15시,화요일,부산광역시 부산진구 부전동,중상사고,0,1,1,0,차대차 - 기타,안전거리미확보,젖음/습기,비,단일로 - 기타,승용,남,63세,상해없음,승용,여,30세,경상
2021091400100393,2021년 9월 14일 15시,화요일,부산광역시 부산진구 범천동,경상사고,0,0,1,0,차대차 - 측면충돌,신호위반,젖음/습기,비,교차로 - 교차로안,승용,여,56세,기타불명,승용,여,57세,경상
2021091400100394,2021년 9월 14일 15시,화요일,부산광역시 사하구 감천동,중상사고,0,1,0,0,차대차 - 측면충돌,중앙선침범,젖음/습기,비,단일로 - 기타,승용,남,65세,상해없음,이륜,남,41세,중상
2021091400100446,2021년 9월 14일 16시,화요일,부산광역시 금정구 부곡동,경상사고,0,0,1,0,차대차 - 측면충돌,교차로운행방법위반,건조,맑음,교차로 - 교차로안,승용,여,68세,상해없음,화물,남,53세,경상
2021091400100447,2021년 9월 14일 16시,화요일,부산광역시 사하구 하단동,경상사고,0,0,1,0,차량단독 - 기타,안전운전불이행,젖음/습기,맑음,교차로 - 교차로부근,승합,남,61세,상해없음,,,,
2021091400100497,2021년 9월 14일 17시,화요일,부산광역시 부산진구 당감동,경상사고,0,0,1,0,차대차 - 기타,안전거리미확보,젖음/습기,비,단일로 - 터널,이륜,남,27세,상해없음,승용,남,28세,경상
2021091400100498,2021년 9월 14일 17시,화요일,부산광역시 부산진구 범천동,경상사고,0,0,2,0,차대차 - 기타,안전운전불이행,젖음/습기,비,단일로 - 기타,승용,남,66세,경상,승용,남,39세,경상
2021091400100499,2021년 9월 14일 17시,화요일,부산광역시 사상구 감전동,경상사고,0,0,1,1,차대차 - 추돌,안전운전불이행,건조,맑음,교차로 - 교차로부근,승용,남,53세,상해없음,승용,남,29세,상해없음
2021091400100550,2021년 9월 14일 18시,화요일,부산광역시 북구 덕천동,경상사고,0,0,3,0,차대차 - 기타,안전거리미확보,젖음/습기,비,단일로 - 기타,승용,여,45세,경상,화물,남,44세,경상
2021091400100587,2021년 9월 14일 19시,화요일,부산광역시 해운대구 반여동,경상사고,0,0,1,1,차대차 - 기타,안전운전불이행,젖음/습기,비,단일로 - 기타,이륜,남,30세,부상신고,승용,남,61세,경상
2021091400100588,2021년 9월 14일 19시,화요일,부산광역시 금정구 오륜동,경상사고,0,0,3,1,차대차 - 추돌,안전운전불이행,젖음/습기,비,단일로 - 터널,화물,남,47세,부상신고,승용,여,32세,경상
2021091400100589,2021년 9월 14일 19시,화요일,부산광역시 금정구 부곡동,경상사고,0,0,2,1,차대차 - 추돌,안전운전불이행,젖음/습기,비,단일로 - 터널,승용,남,25세,부상신고,승용,남,65세,경상
2021091400100638,2021년 9월 14일 20시,화요일,부산광역시 동래구 온천동,경상사고,0,0,2,0,차대차 - 측면충돌,안전운전불이행,젖음/습기,비,교차로 - 교차로안,승용,여,46세,경상,승용,남,60세,경상
2021091400100639,2021년 9월 14일 20시,화요일,부산광역시 부산진구 부전동,경상사고,0,0,5,0,차대차 - 기타,신호위반,젖음/습기,비,교차로 - 교차로안,이륜,남,25세,경상,승용,남,21세,경상
2021091400100640,2021년 9월 14일 20시,화요일,부산광역시 사상구 감전동,경상사고,0,0,4,0,차대차 - 측면충돌,중앙선침범,건조,맑음,단일로 - 기타,승합,남,64세,상해없음,화물,남,49세,경상
2021091400100703,2021년 9월 14일 22시,화요일,부산광역시 동구 좌천동,경상사고,0,0,1,0,차대차 - 추돌,안전운전불이행,건조,맑음,단일로 - 고가도로위,승용,남,38세,상해없음,승용,여,47세,경상
2021091400100704,2021년 9월 14일 22시,화요일,부산광역시 남구 대연동,경상사고,0,0,1,0,차대차 - 추돌,안전거리미확보,젖음/습기,비,단일로 - 터널,승용,남,41세,상해없음,승용,남,56세,경상
2021091400100722,2021년 9월 14일 23시,화요일,부산광역시 동구 초량동,경상사고,0,0,1,0,차대차 - 추돌,안전운전불이행,건조,맑음,단일로 - 기타,이륜,남,18세,상해없음,승용,남,65세,경상
2021091400100723,2021년 9월 14일 23시,화요일,부산광역시 남구 대연동,경상사고,0,0,1,0,차대차 - 추돌,안전운전불이행,건조,맑음,교차로 - 교차로안,승용,여,48세,기타불명,승용,남,58세,경상
2021091400100724,2021년 9월 14일 23시,화요일,부산광역시 기장군 정관읍,경상사고,0,0,1,0,차대차 - 측면충돌,신호위반,건조,맑음,교차로 - 교차로부근,승합,남,47세,상해없음,이륜,남,16세,경상
2021091500100016,2021년 9월 15일 02시,수요일,부산광역시 부산진구 부전동,경상사고,0,0,1,0,차대사람 - 보도통행중,기타,젖음/습기,비,기타 - 기타,승용,여,20세,상해없음,보행자,남,27세,경상
2021091500100053,2021년 9월 15일 07시,수요일,부산광역시 강서구 대저1동,중상사고,0,1,0,0,차대사람 - 횡단중,보행자보호의무위반,건조,맑음,교차로 - 교차로부근,승용,여,50세,상해없음,보행자,여,31세,중상
2021091500100147,2021년 9월 15일 09시,수요일,부산광역시 수영구 민락동,경상사고,0,0,1,0,차대차 - 기타,안전운전불이행,건조,맑음,교차로 - 교차로부근,승용,남,64세,상해없음,승용,여,41세,경상
2021091500100148,2021년 9월 15일 09시,수요일,부산광역시 북구 화명동,경상사고,0,0,1,0,차량단독 - 기타,기타,건조,맑음,단일로 - 기타,승합,남,58세,상해없음,,,,
2021091500100188,2021년 9월 15일 10시,수요일,부산광역시 동구 범일동,중상사고,0,1,0,0,차대차 - 기타,안전운전불이행,건조,맑음,단일로 - 기타,승용,남,45세,상해없음,승합,남,51세,상해없음
2021091500100233,2021년 9월 15일 11시,수요일,부산광역시 수영구 광안동,경상사고,0,0,1,0,차대차 - 기타,안전거리미확보,건조,맑음,단일로 - 기타,승용,남,30세,상해없음,승용,여,29세,경상
2021091500100234,2021년 9월 15일 11시,수요일,부산광역시 영도구 동삼동,경상사고,0,0,1,0,차대차 - 기타,안전운전불이행,건조,맑음,교차로 - 교차로안,승용,남,52세,상해없음,승용,남,44세,경상
2021091500100269,2021년 9월 15일 12시,수요일,부산광역시 남구 용호동,중상사고,0,1,0,0,차대차 - 추돌,안전운전불이행,건조,맑음,교차로 - 교차로안,이륜,남,23세,중상,승용,남,67세,상해없음
2021091500100270,2021년 9월 15일 12시,수요일,부산광역시 동래구 사직동,경상사고,0,0,1,0,차대차 - 추돌,안전운전불이행,건조,맑음,단일로 - 기타,이륜,남,32세,상해없음,승용,남,23세,경상
2021091500100301,2021년 9월 15일 13시,수요일,부산광역시 북구 화명동,경상사고,0,0,1,0,차대차 - 추돌,안전운전불이행,건조,맑음,단일로 - 기타,승용,여,69세,상해없음,승용,여,46세,경상
2021091500100302,2021년 9월 15일 13시,수요일,부산광역시 해운대구 재송동,경상사고,0,0,1,0,차대사람 - 횡단중,안전운전불이행,건조,맑음,단일로 - 기타,승용,여,23세,상해없음,보행자,여,66세,경상
2021091500100340,2021년 9월 15일 14시,수요일,부산광역시 부산진구 당감동,경상사고,0,0,1,0,차대사람 - 기타,보행자보호의무위반,건조,맑음,단일로 - 기타,승용,남,70세,상해없음,보행자,여,8세,경상