사고번호,사고일시,요일,시군구,사고내용,사망자수,중상자수,경상자수,부상신고자수,사고유형,법규위반,노면상태,기상상태,도로형태,가해운전자 차종,가해운전자 성별,가해운전자 연령,가해운전자 상해정도,피해운전자 차종,피해운전자 성별,피해운전자 연령,피해운전자 상해정도
2021093000100093,2021년 9월 30일 08시,목요일,부산광역시 동구 초량동,경상사고,0,0,1,0,차대차 - 측면충돌,안전거리미확보,건조,흐림,단일로 - 기타,승용,남,70세,상해없음,승용,남,31세,경상
2021093000100094,2021년 9월 30일 08시,목요일,부산광역시 강서구 대저2동,경상사고,0,0,1,0,차대차 - 측면충돌,안전운전불이행,건조,맑음,교차로 - 교차로부근,승용,남,65세,상해없음,승용,남,36세,경상
2021093000100135,2021년 9월 30일 09시,목요일,부산광역시 북구 덕천동,중상사고,0,1,0,0,차대사람 - 횡단중,보행자보호의무위반,건조,맑음,교차로 - 교차로횡단보도내,승합,남,68세,상해없음,보행자,여,63세,중상
2021093000100136,2021년 9월 30일 09시,목요일,부산광역시 강서구 미음동,경상사고,0,0,1,0,차대차 - 후진중충돌,안전운전불이행,건조,맑음,단일로 - 기타,승용,남,37세,상해없음,승용,여,30세,경상
2021093000100167,2021년 9월 30일 10시,목요일,부산광역시 사상구 주례동,경상사고,0,0,1,0,차대차 - 측면충돌,신호위반,건조,맑음,교차로 - 교차로부근,이륜,남,74세,상해없음,승용,남,54세,상해없음
2021093000100189,2021년 9월 30일 11시,목요일,부산광역시 중구 중앙동2가,경상사고,0,0,1,0,차대사람 - 기타,안전운전불이행,건조,맑음,교차로 - 교차로부근,승용,여,52세,상해없음,보행자,남,62세,경상
2021093000100190,2021년 9월 30일 11시,목요일,부산광역시 중구 부평동2가,경상사고,0,0,1,0,차량단독 - 기타,안전운전불이행,건조,맑음,단일로 - 기타,승합,남,61세,상해없음,,,,
2021093000100191,2021년 9월 30일 11시,목요일,부산광역시 동래구 온천동,중상사고,0,1,0,0,차대차 - 측면충돌,신호위반,건조,맑음,교차로 - 교차로안,승용,남,63세,상해없음,이륜,남,49세,중상
2021093000100233,2021년 9월 30일 12시,목요일,부산광역시 남구 문현동,경상사고,0,0,2,1,차대차 - 기타,교차로운행방법위반,건조,맑음,교차로 - 교차로안,승용,여,61세,부상신고,승용,여,52세,경상
2021093000100234,2021년 9월 30일 12시,목요일,부산광역시 남구 대연동,경상사고,0,0,1,0,차대차 - 기타,안전운전불이행,건조,맑음,단일로 - 기타,승용,여,61세,상해없음,승용,남,24세,경상
2021093000100235,2021년 9월 30일 12시,목요일,부산광역시 연제구 연산동,경상사고,0,0,2,0,차대차 - 측면충돌,안전운전불이행,건조,맑음,단일로 - 기타,승용,여,52세,상해없음,승용,여,56세,경상
2021093000100265,2021년 9월 30일 13시,목요일,부산광역시 동래구 명장동,중상사고,0,1,0,0,차대차 - 측면충돌,안전운전불이행,건조,맑음,단일로 - 기타,승용,남,64세,상해없음,이륜,남,70세,중상
2021093000100266,2021년 9월 30일 13시,목요일,부산광역시 부산진구 양정동,중상사고,0,1,0,0,차대차 - 측면충돌,안전운전불이행,건조,맑음,교차로 - 교차로부근,승용,남,30세,상해없음,이륜,남,62세,중상
2021093000100267,2021년 9월 30일 13시,목요일,부산광역시 금정구 장전동,경상사고,0,0,1,0,차대사람 - 차도통행중,보행자보호의무위반,건조,맑음,단일로 - 기타,승용,남,30세,상해없음,보행자,남,83세,경상
2021093000100268,2021년 9월 30일 13시,목요일,부산광역시 연제구 거제동,중상사고,0,1,0,0,차대차 - 측면충돌,안전운전불이행,건조,맑음,단일로 - 기타,승용,여,63세,상해없음,승용,남,31세,중상
2021093000100299,2021년 9월 30일 14시,목요일,부산광역시 해운대구 우동,중상사고,0,1,0,0,차대차 - 측면충돌,안전운전불이행,건조,맑음,단일로 - 기타,승용,여,72세,상해없음,자전거,남,46세,중상
2021093000100300,2021년 9월 30일 14시,목요일,부산광역시 부산진구 양정동,중상사고,0,1,4,0,차대차 - 측면충돌,안전운전불이행,건조,맑음,교차로 - 교차로안,승용,여,62세,상해없음,승용,남,65세,경상
2021093000100301,2021년 9월 30일 14시,목요일,부산광역시 부산진구 당감동,중상사고,0,1,0,0,차대차 - 측면충돌,신호위반,건조,맑음,교차로 - 교차로부근,화물,남,62세,상해없음,승용,여,37세,중상
2021093000100302,2021년 9월 30일 14시,목요일,부산광역시 금정구 부곡동,중상사고,0,1,0,0,차대사람 - 횡단중,보행자보호의무위반,건조,맑음,교차로 - 교차로횡단보도내,승합,남,64세,상해없음,보행자,여,67세,중상
2021093000100345,2021년 9월 30일 15시,목요일,부산광역시 동구 초량동,중상사고,0,1,0,0,차량단독 - 전도전복 - 전도,안전운전불이행,건조,맑음,단일로 - 기타,이륜,남,58세,중상,,,,
2021093000100385,2021년 9월 30일 16시,목요일,부산광역시 남구 문현동,경상사고,0,0,1,0,차대사람 - 기타,안전운전불이행,건조,맑음,단일로 - 기타,승용,남,62세,상해없음,보행자,남,18세,경상
2021093000100386,2021년 9월 30일 16시,목요일,부산광역시 남구 감만동,경상사고,0,0,1,0,차대차 - 기타,신호위반,건조,맑음,교차로 - 교차로안,특수,남,44세,상해없음,승용,남,63세,경상
2021093000100387,2021년 9월 30일 16시,목요일,부산광역시 동래구 온천동,경상사고,0,0,1,0,차대사람 - 차도통행중,안전운전불이행,건조,맑음,단일로 - 기타,화물,남,37세,상해없음,보행자,남,17세,경상
2021093000100389,2021년 9월 30일 16시,목요일,부산광역시 기장군 정관읍,경상사고,0,0,1,0,차대사람 - 횡단중,신호위반,건조,맑음,교차로 - 교차로안,이륜,남,45세,상해없음,보행자,여,7세,경상
2021093000100436,2021년 9월 30일 17시,목요일,부산광역시 서구 부민동3가,중상사고,0,1,0,0,차대사람 - 횡단중,안전운전불이행,건조,맑음,단일로 - 기타,승용,남,71세,상해없음,보행자,여,8세,중상
2021093000100437,2021년 9월 30일 17시,목요일,부산광역시 남구 대연동,경상사고,0,0,1,0,차대차 - 기타,안전운전불이행,건조,맑음,단일로 - 기타,자전거,남,12세,경상,승합,남,49세,상해없음
2021093000100438,2021년 9월 30일 17시,목요일,부산광역시 동래구 온천동,경상사고,0,0,1,0,차대차 - 추돌,교차로운행방법위반,건조,맑음,교차로 - 교차로안,승용,남,36세,상해없음,승용,여,55세,경상
2021093000100439,2021년 9월 30일 17시,목요일,부산광역시 영도구 청학동,경상사고,0,0,1,0,차대사람 - 횡단중,보행자보호의무위반,건조,맑음,단일로 - 기타,승용,남,52세,상해없음,보행자,남,76세,경상
2021093000100440,2021년 9월 30일 17시,목요일,부산광역시 금정구 청룡동,경상사고,0,0,1,0,차대차 - 기타,신호위반,건조,맑음,단일로 - 기타,화물,남,42세,상해없음,이륜,남,45세,경상
2021093000100441,2021년 9월 30일 17시,목요일,부산광역시 연제구 거제동,중상사고,0,1,0,0,차대차 - 측면충돌,신호위반,건조,맑음,교차로 - 교차로횡단보도내,이륜,남,45세,상해없음,자전거,남,59세,중상
2021093000100501,2021년 9월 30일 18시,목요일,부산광역시 사상구 감전동,경상사고,0,0,1,0,차대사람 - 차도통행중,안전운전불이행,건조,맑음,단일로 - 기타,승용,남,30세,상해없음,보행자,여,37세,경상
2021093000100551,2021년 9월 30일 19시,목요일,부산광역시 해운대구 우동,부상신고사고,0,0,0,1,차대사람 - 횡단중,보행자보호의무위반,건조,맑음,단일로 - 기타,이륜,남,30세,상해없음,보행자,남,60세,부상신고
2021093000100552,2021년 9월 30일 19시,목요일,부산광역시 해운대구 우동,경상사고,0,0,1,0,차대차 - 측면충돌,교차로운행방법위반,건조,맑음,교차로 - 교차로부근,화물,남,38세,상해없음,승용,남,39세,경상
2021093000100553,2021년 9월 30일 19시,목요일,부산광역시 사하구 감천동,경상사고,0,0,1,0,차대차 - 기타,중앙선침범,건조,맑음,교차로 - 교차로부근,승용,남,63세,상해없음,이륜,남,43세,경상
2021093000100610,2021년 9월 30일 21시,목요일,부산광역시 북구 덕천동,경상사고,0,0,1,0,차대차 - 기타,기타,건조,맑음,단일로 - 기타,승용,남,24세,상해없음,승용,남,58세,상해없음
2021093000100633,2021년 9월 30일 22시,목요일,부산광역시 연제구 연산동,경상사고,0,0,1,0,차대차 - 측면충돌,중앙선침범,건조,맑음,교차로 - 교차로부근,이륜,남,20세,상해없음,승용,남,62세,경상
2021100100100049,2021년 10월 1일 07시,금요일,부산광역시 사하구 괴정동,중상사고,0,1,0,0,차대사람 - 기타,안전운전불이행,젖음/습기,맑음,단일로 - 기타,이륜,남,49세,중상,보행자,남,67세,기타불명
2021100100100050,2021년 10월 1일 07시,금요일,부산광역시 연제구 연산동,중상사고,0,1,0,0,차대사람 - 기타,안전운전불이행,건조,맑음,단일로 - 기타,승용,여,37세,상해없음,보행자,남,66세,중상
2021100100100071,2021년 10월 1일 08시,금요일,부산광역시 동구 초량동,경상사고,0,0,3,0,차대차 - 기타,안전운전불이행,건조,맑음,단일로 - 기타,승용,남,72세,경상,승용,여,46세,경상
2021100100100072,2021년 10월 1일 08시,금요일,부산광역시 부산진구 개금동,중상사고,0,1,1,0,차대차 - 추돌,안전운전불이행,건조,맑음,단일로 - 기타,승용,남,79세,상해없음,승용,여,31세,경상
2021100100100152,2021년 10월 1일 10시,금요일,부산광역시 연제구 연산동,경상사고,0,0,1,0,차대사람 - 기타,안전운전불이행,건조,맑음,단일로 - 기타,승합,남,55세,상해없음,보행자,남,69세,경상
2021100100100182,2021년 10월 1일 11시,금요일,부산광역시 중구 남포동5가,경상사고,0,0,1,0,차대사람 - 차도통행중,안전운전불이행,건조,맑음,교차로 - 교차로안,화물,남,58세,상해없음,보행자,남,53세,경상
2021100100100183,2021년 10월 1일 11시,금요일,부산광역시 동구 범일동,경상사고,0,0,1,0,차대차 - 측면충돌,안전거리미확보,건조,맑음,단일로 - 기타,화물,남,59세,상해없음,승용,남,66세,경상
2021100100100184,2021년 10월 1일 11시,금요일,부산광역시 영도구 청학동,중상사고,0,1,0,0,차대차 - 기타,안전운전불이행,건조,맑음,단일로 - 기타,화물,남,76세,상해없음,이륜,남,41세,중상
2021100100100185,2021년 10월 1일 11시,금요일,부산광역시 해운대구 반송동,중상사고,0,1,0,0,차대사람 - 기타,안전운전불이행,건조,맑음,단일로 - 기타,승용,남,37세,상해없음,보행자,남,36세,중상
2021100100100220,2021년 10월 1일 12시,금요일,부산광역시 금정구 부곡동,경상사고,0,0,2,0,차대차 - 측면충돌,신호위반,건조,맑음,단일로 - 기타,이륜,남,27세,경상,승용,여,39세,경상
2021100100100221,2021년 10월 1일 12시,금요일,부산광역시 사하구 당리동,중상사고,0,1,0,0,차대사람 - 차도통행중,안전운전불이행,건조,맑음,단일로 - 기타,승용,여,60세,상해없음,보행자,여,48세,중상
2021100100100263,2021년 10월 1일 13시,금요일,부산광역시 연제구 연산동,중상사고,0,1,1,0,차대차 - 측면충돌,교차로운행방법위반,건조,맑음,교차로 - 교차로안,승용,여,38세,경상,이륜,남,43세,중상
2021100100100302,2021년 10월 1일 14시,금요일,부산광역시 해운대구 재송동,중상사고,0,1,0,0,차대사람 - 기타,안전운전불이행,건조,맑음,단일로 - 기타,자전거,남,59세,중상,보행자,남,54세,상해없음
2021100100100338,2021년 10월 1일 15시,금요일,부산광역시 서구 동대신동1가,경상사고,0,0,1,0,차대차 - 측면충돌,안전거리미확보,건조,맑음,단일로 - 기타,특수,남,65세,상해없음,승합,남,52세,경상
2021100100100339,2021년 10월 1일 15시,금요일,부산광역시 해운대구 반여동,경상사고,0,0,4,0,차대차 - 측면충돌,교차로운행방법위반,건조,맑음,교차로 - 교차로안,승용,남,82세,상해없음,승용,남,40세,경상
2021100100100340,2021년 10월 1일 15시,금요일,부산광역시 부산진구 부전동,경상사고,0,0,2,0,차대차 - 측면충돌,신호위반,건조,맑음,교차로 - 교차로부근,이륜,남,74세,경상,승용,남,40세,경상
2021100100100341,2021년 10월 1일 15시,금요일,부산광역시 강서구 명지동,중상사고,0,2,0,0,차대차 - 추돌,안전운전불이행,건조,맑음,교차로 - 교차로부근,승용,여,41세,상해없음,승용,여,37세,중상
2021100100100394,2021년 10월 1일 16시,금요일,부산광역시 해운대구 좌동,경상사고,0,0,1,0,차대사람 - 기타,안전운전불이행,건조,맑음,교차로 - 교차로부근,이륜,남,29세,상해없음,보행자,남,38세,경상
2021100100100395,2021년 10월 1일 16시,금요일,부산광역시 금정구 남산동,중상사고,0,1,0,0,차대차 - 정면충돌,중앙선침범,건조,맑음,단일로 - 기타,승합,남,60세,상해없음,이륜,남,28세,중상
2021100100100396,2021년 10월 1일 16시,금요일,부산광역시 연제구 거제동,중상사고,0,1,0,0,차대차 - 측면충돌,기타,건조,맑음,단일로 - 기타,이륜,남,33세,중상,이륜,남,75세,상해없음
2021100100100443,2021년 10월 1일 17시,금요일,부산광역시 동구 수정동,중상사고,0,1,0,0,차대차 - 측면충돌,안전운전불이행,건조,맑음,교차로 - 교차로안,자전거,남,67세,중상,승용,남,45세,상해없음
2021100100100444,2021년 10월 1일 17시,금요일,부산광역시 강서구 녹산동,경상사고,0,0,1,0,차대차 - 추돌,안전운전불이행,건조,맑음,단일로 - 기타,승용,남,62세,상해없음,승용,남,43세,경상
2021100100100481,2021년 10월 1일 18시,금요일,부산광역시 수영구 광안동,중상사고,0,1,0,0,차대사람 - 횡단중,보행자보호의무위반,건조,맑음,교차로 - 교차로안,승용,남,58세,상해없음,보행자,남,72세,중상
2021100100100482,2021년 10월 1일 18시,금요일,부산광역시 금정구 부곡동,중상사고,0,1,0,0,차대사람 - 횡단중,안전운전불이행,건조,맑음,단일로 - 기타,승용,남,41세,상해없음,보행자,남,67세,중상
2021100100100554,2021년 10월 1일 19시,금요일,부산광역시 해운대구 재송동,경상사고,0,0,2,1,차대차 - 측면충돌,직진우회전진행방해,건조,맑음,교차로 - 교차로안,승용,남,58세,부상신고,승용,여,57세,경상
2021100100100555,2021년 10월 1일 19시,금요일,부산광역시 금정구 청룡동,중상사고,0,1,0,0,차대사람 - 횡단중,보행자보호의무위반,건조,맑음,교차로 - 교차로횡단보도내,승용,남,42세,상해없음,보행자,여,60세,중상
2021100100100556,2021년 10월 1일 19시,금요일,부산광역시 금정구 장전동,부상신고사고,0,0,0,1,차대사람 - 횡단중,안전운전불이행,건조,맑음,교차로 - 교차로부근,승용,남,68세,상해없음,보행자,남,26세,부상신고
2021100100100557,2021년 10월 1일 19시,금요일,부산광역시 사하구 신평동,중상사고,0,1,0,0,차대차 - 측면충돌,안전거리미확보,건조,맑음,단일로 - 기타,기타불명,기타불명,미분류,기타불명,승합,남,44세,중상
2021100100100558,2021년 10월 1일 19시,금요일,부산광역시 강서구 강동동,경상사고,0,0,11,0,차대차 - 기타,안전운전불이행,건조,맑음,단일로 - 기타,특수,남,51세,상해없음,승용,여,51세,경상
2021100100100593,2021년 10월 1일 20시,금요일,부산광역시 남구 문현동,중상사고,0,1,0,0,차대차 - 정면충돌,교차로운행방법위반,건조,맑음,교차로 - 교차로안,승용,남,61세,상해없음,원동기,남,16세,중상
2021100100100594,2021년 10월 1일 20시,금요일,부산광역시 금정구 장전동,경상사고,0,0,1,0,차량단독 - 기타,기타,건조,맑음,단일로 - 기타,승합,남,39세,상해없음,,,,
2021100100100614,2021년 10월 1일 21시,금요일,부산광역시 강서구 대저1동,부상신고사고,0,0,0,1,차량단독 - 전도전복 - 전도,안전운전불이행,건조,맑음,단일로 - 기타,이륜,남,72세,부상신고,,,,
2021100100100657,2021년 10월 1일 22시,금요일,부산광역시 부산진구 양정동,경상사고,0,0,3,0,차대차 - 추돌,안전운전불이행,건조,맑음,단일로 - 기타,승용,여,27세,상해없음,승용,남,45세,경상
2021100100100698,2021년 10월 1일 23시,금요일,부산광역시 중구 영주동,경상사고,0,0,1,0,차대차 - 측면충돌,안전거리미확보,건조,맑음,기타 - 기타,이륜,남,21세,상해없음,이륜,남,28세,경상
2021100200100003,2021년 10월 2일 00시,토요일,부산광역시 수영구 광안동,경상사고,0,0,4,0,차대차 - 측면충돌,안전운전불이행,건조,맑음,단일로 - 기타,승용,남,38세,상해없음,승합,남,46세,경상
2021100200100004,2021년 10월 2일 00시,토요일,부산광역시 부산진구 부전동,부상신고사고,0,0,0,1,차대사람 - 기타,안전운전불이행,건조,맑음,단일로 - 기타,기타불명,남,미분류,상해없음,보행자,남,41세,부상신고
2021100200100060,2021년 10월 2일 08시,토요일,부산광역시 강서구 명지동,경상사고,0,0,1,0,차대차 - 기타,안전운전불이행,건조,맑음,교차로 - 교차로안,승용,남,58세,상해없음,승용,남,52세,경상
2021100200100087,2021년 10월 2일 09시,토요일,부산광역시 남구 대연동,경상사고,0,0,2,0,차대차 - 기타,신호위반,건조,맑음,교차로 - 교차로안,승용,남,81세,상해없음,승용,남,36세,경상
2021100200100088,2021년 10월 2일 09시,토요일,부산광역시 동래구 온천동,중상사고,0,1,1,0,차대차 - 기타,기타,건조,맑음,교차로 - 교차로안,승용,남,42세,상해없음,승용,남,66세,경상
2021100200100089,2021년 10월 2일 09시,토요일,부산광역시 부산진구 가야동,중상사고,0,1,0,0,차대차 - 측면충돌,신호위반,건조,맑음,교차로 - 교차로안,승용,여,63세,상해없음,화물,남,62세,중상
2021100200100113,2021년 10월 2일 10시,토요일,부산광역시 동구 초량동,경상사고,0,0,3,0,차대차 - 측면충돌,안전운전불이행,건조,맑음,교차로 - 교차로부근,승용,남,29세,상해없음,승용,남,42세,경상
2021100200100114,2021년 10월 2일 10시,토요일,부산광역시 수영구 남천동,경상사고,0,0,2,0,차대차 - 측면충돌,신호위반,건조,맑음,단일로 - 기타,이륜,남,27세,경상,승용,여,41세,경상
2021100200100159,2021년 10월 2일 11시,토요일,부산광역시 금정구 장전동,중상사고,0,1,0,0,차대사람 - 횡단중,보행자보호의무위반,건조,맑음,교차로 - 교차로횡단보도내,승용,여,60세,상해없음,보행자,여,74세,중상
2021100200100160,2021년 10월 2일 11시,토요일,부산광역시 사상구 주례동,경상사고,0,0,3,0,차대차 - 추돌,안전운전불이행,건조,맑음,단일로 - 기타,승용,남,40세,상해없음,승용,여,43세,경상
2021100200100200,2021년 10월 2일 12시,토요일,부산광역시 동구 수정동,부상신고사고,0,0,0,1,차대사람 - 기타,보행자보호의무위반,건조,맑음,단일로 - 기타,승용,남,57세,상해없음,보행자,남,61세,부상신고
2021100200100201,2021년 10월 2일 12시,토요일,부산광역시 수영구 남천동,경상사고,0,0,1,0,차대차 - 측면충돌,직진우회전진행방해,건조,맑음,교차로 - 교차로안,승용,남,57세,상해없음,이륜,남,49세,경상
2021100200100202,2021년 10월 2일 12시,토요일,부산광역시 남구 용호동,중상사고,0,1,0,0,차대차 - 기타,안전운전불이행,건조,맑음,단일로 - 기타,승용,남,57세,중상,승용,남,61세,기타불명
2021100200100203,2021년 10월 2일 12시,토요일,부산광역시 금정구 금성동,경상사고,0,0,1,0,차대차 - 측면충돌,안전운전불이행,건조,맑음,기타 - 기타,승용,남,68세,상해없음,이륜,남,31세,경상
2021100200100204,2021년 10월 2일 12시,토요일,부산광역시 금정구 남산동,경상사고,0,0,3,1,차대차 - 기타,교차로운행방법위반,건조,맑음,교차로 - 교차로안,승용,남,47세,부상신고,승용,여,68세,경상
2021100200100205,2021년 10월 2일 12시,토요일,부산광역시 사하구 하단동,중상사고,0,1,0,0,차량단독 - 기타,기타,건조,맑음,단일로 - 기타,승합,남,59세,상해없음,,,,
2021100200100248,2021년 10월 2일 13시,토요일,부산광역시 서구 암남동,중상사고,0,1,0,0,차대차 - 측면충돌,신호위반,건조,맑음,단일로 - 기타,이륜,남,19세,상해없음,이륜,남,77세,중상
2021100200100249,2021년 10월 2일 13시,토요일,부산광역시 영도구 영선동2가,경상사고,0,0,1,0,차대사람 - 기타,안전운전불이행,건조,맑음,단일로 - 기타,승용,남,43세,상해없음,보행자,여,65세,경상
2021100200100250,2021년 10월 2일 13시,토요일,부산광역시 금정구 구서동,부상신고사고,0,0,0,1,차대차 - 기타,안전운전불이행,건조,맑음,단일로 - 기타,승용,여,45세,상해없음,자전거,남,35세,부상신고
2021100200100251,2021년 10월 2일 13시,토요일,부산광역시 기장군 기장읍,경상사고,0,0,1,0,차대차 - 측면충돌,안전운전불이행,건조,맑음,단일로 - 고가도로위,승용,남,72세,상해없음,승용,남,49세,경상
2021100200100287,2021년 10월 2일 14시,토요일,부산광역시 사하구 장림동,경상사고,0,0,1,0,차대사람 - 횡단중,신호위반,건조,맑음,단일로 - 기타,승용,여,58세,상해없음,보행자,남,10세,경상
2021100200100318,2021년 10월 2일 15시,토요일,부산광역시 영도구 남항동3가,경상사고,0,0,2,0,차대차 - 정면충돌,안전운전불이행,건조,맑음,단일로 - 기타,자전거,남,13세,기타불명,승용,남,49세,경상
2021100200100319,2021년 10월 2일 15시,토요일,부산광역시 사상구 주례동,중상사고,0,1,0,0,차대차 - 측면충돌,기타,건조,맑음,교차로 - 교차로안,승용,남,72세,상해없음,자전거,남,84세,중상
2021100200100370,2021년 10월 2일 16시,토요일,부산광역시 사하구 감천동,중상사고,0,1,0,0,차대차 - 기타,안전운전불이행,건조,맑음,단일로 - 기타,승용,남,70세,상해없음,이륜,남,38세,중상
2021100200100412,2021년 10월 2일 17시,토요일,부산광역시 부산진구 부전동,중상사고,0,1,0,0,차대차 - 기타,안전운전불이행,건조,맑음,단일로 - 기타,승용,남,32세,상해없음,자전거,남,50세,중상
2021100200100413,2021년 10월 2일 17시,토요일,부산광역시 금정구 노포동,중상사고,0,1,0,0,차대사람 - 횡단중,안전운전불이행,건조,맑음,단일로 - 기타,승용,남,50세,상해없음,보행자,남,78세,중상
2021100200100414,2021년 10월 2일 17시,토요일,부산광역시 기장군 일광면,경상사고,0,0,1,0,차대차 - 추돌,안전운전불이행,건조,맑음,교차로 - 교차로안,승용,여,35세,상해없음,승용,여,56세,경상
2021100200100452,2021년 10월 2일 18시,토요일,부산광역시 북구 만덕동,부상신고사고,0,0,0,1,차량단독 - 기타,기타,건조,맑음,단일로 - 기타,승합,남,49세,상해없음,,,,
2021100200100501,2021년 10월 2일 19시,토요일,부산광역시 남구 문현동,경상사고,0,0,2,0,차대차 - 측면충돌,신호위반,건조,맑음,교차로 - 교차로안,승용,여,51세,경상,이륜,남,24세,경상
2021100200100502,2021년 10월 2일 19시,토요일,부산광역시 해운대구 재송동,중상사고,0,1,0,0,차대사람 - 기타,안전운전불이행,건조,맑음,단일로 - 기타,승용,남,32세,상해없음,보행자,남,66세,중상
2021100200100503,2021년 10월 2일 19시,토요일,부산광역시 부산진구 양정동,중상사고,0,1,0,0,차대차 - 추돌,안전운전불이행,건조,맑음,단일로 - 기타,화물,남,62세,상해없음,승용,남,38세,중상
2021100200100504,2021년 10월 2일 19시,토요일,부산광역시 사하구 신평동,중상사고,0,1,0,0,차대차 - 추돌,안전운전불이행,건조,맑음,교차로 - 교차로부근,승용,남,58세,상해없음,이륜,남,49세,중상
2021100200100505,2021년 10월 2일 19시,토요일,부산광역시 사상구 감전동,경상사고,0,0,1,0,차대사람 - 기타,안전운전불이행,건조,맑음,교차로 - 교차로부근,승용,남,80세,상해없음,보행자,남,66세,경상
2021100200100568,2021년 10월 2일 21시,토요일,부산광역시 부산진구 양정동,중상사고,0,1,1,0,차대차 - 추돌,안전운전불이행,건조,맑음,교차로 - 교차로부근,승용,남,50세,상해없음,승용,여,28세,경상
2021100200100569,2021년 10월 2일 21시,토요일,부산광역시 금정구 구서동,경상사고,0,0,1,0,차대차 - 측면충돌,교차로운행방법위반,건조,맑음,교차로 - 교차로안,승용,남,56세,상해없음,승용,여,30세,경상
2021100200100570,2021년 10월 2일 21시,토요일,부산광역시 사상구 괘법동,중상사고,0,1,0,0,차대사람 - 기타,안전운전불이행,건조,맑음,교차로 - 교차로부근,이륜,남,17세,상해없음,보행자,남,58세,중상
2021100200100589,2021년 10월 2일 22시,토요일,부산광역시 서구 충무동1가,중상사고,0,1,0,0,차대사람 - 길가장자리구역통행중,안전운전불이행,건조,맑음,단일로 - 기타,승용,남,30세,상해없음,보행자,남,53세,중상
2021100200100590,2021년 10월 2일 22시,토요일,부산광역시 남구 용호동,경상사고,0,0,1,0,차대차 - 추돌,안전운전불이행,건조,맑음,교차로 - 교차로부근,승용,남,38세,상해없음,승용,여,46세,경상
2021100200100591,2021년 10월 2일 22시,토요일,부산광역시 영도구 동삼동,중상사고,0,1,0,0,차대사람 - 횡단중,안전운전불이행,건조,맑음,단일로 - 기타,승합,남,62세,상해없음,보행자,여,23세,중상
2021100300100004,2021년 10월 3일 00시,일요일,부산광역시 부산진구 부암동,중상사고,0,1,0,0,차대사람 - 기타,안전운전불이행,건조,맑음,교차로 - 교차로안,화물,남,65세,기타불명,보행자,여,54세,중상
2021100300100014,2021년 10월 3일 01시,일요일,부산광역시 해운대구 좌동,부상신고사고,0,0,0,1,차대차 - 추돌,안전운전불이행,건조,맑음,교차로 - 교차로부근,승용,남,31세,상해없음,승용,남,54세,부상신고
2021100300100024,2021년 10월 3일 03시,일요일,부산광역시 해운대구 중동,경상사고,0,0,1,0,차대차 - 측면충돌,안전운전불이행,건조,맑음,교차로 - 교차로안,승용,남,22세,상해없음,승용,남,67세,경상
2021100300100040,2021년 10월 3일 06시,일요일,부산광역시 금정구 구서동,중상사고,0,1,0,0,차대사람 - 횡단중,안전운전불이행,건조,맑음,교차로 - 교차로안,승용,남,58세,기타불명,보행자,남,28세,중상
2021100300100064,2021년 10월 3일 09시,일요일,부산광역시 서구 남부민동,경상사고,0,0,1,0,차대차 - 측면충돌,안전운전불이행,건조,맑음,교차로 - 교차로안,승용,남,71세,상해없음,이륜,남,25세,경상
2021100300100065,2021년 10월 3일 09시,일요일,부산광역시 북구 금곡동,중상사고,0,1,1,0,차대차 - 측면충돌,안전거리미확보,건조,맑음,단일로 - 기타,승용,여,28세,상해없음,이륜,남,28세,경상
2021100300100083,2021년 10월 3일 10시,일요일,부산광역시 남구 우암동,경상사고,0,0,1,0,차대차 - 기타,안전운전불이행,건조,맑음,단일로 - 기타,특수,남,45세,기타불명,특수,남,55세,경상
2021100300100085,2021년 10월 3일 10시,일요일,부산광역시 부산진구 범천동,경상사고,0,0,1,0,차대차 - 측면충돌,신호위반,건조,맑음,교차로 - 교차로안,승용,남,23세,기타불명,승용,남,37세,경상
2021100300100109,2021년 10월 3일 11시,일요일,부산광역시 중구 남포동6가,중상사고,0,1,1,0,차대차 - 추돌,안전운전불이행,건조,맑음,교차로 - 교차로안,이륜,남,57세,경상,승용,여,46세,상해없음
2021100300100148,2021년 10월 3일 12시,일요일,부산광역시 사상구 감전동,중상사고,0,1,0,0,차대차 - 측면충돌,안전운전불이행,건조,맑음,단일로 - 기타,화물,남,63세,상해없음,자전거,여,70세,중상
2021100300100181,2021년 10월 3일 13시,일요일,부산광역시 사상구 괘법동,중상사고,0,1,1,0,차대차 - 측면충돌,중앙선침범,건조,맑음,교차로 - 교차로안,이륜,남,59세,중상,승용,남,53세,경상
2021100300100213,2021년 10월 3일 14시,일요일,부산광역시 중구 부평동1가,경상사고,0,0,1,0,차대사람 - 기타,안전운전불이행,건조,맑음,단일로 - 기타,승용,남,61세,상해없음,보행자,여,52세,경상
2021100300100214,2021년 10월 3일 14시,일요일,부산광역시 수영구 광안동,부상신고사고,0,0,0,1,차대차 - 기타,교차로운행방법위반,건조,맑음,교차로 - 교차로안,승용,여,37세,상해없음,원동기,남,31세,부상신고
2021100300100215,2021년 10월 3일 14시,일요일,부산광역시 부산진구 범천동,경상사고,0,0,3,0,차대차 - 측면충돌,안전거리미확보,건조,맑음,단일로 - 기타,승용,여,30세,경상,이륜,남,39세,경상