사고번호,사고일시,요일,시군구,사고내용,사망자수,중상자수,경상자수,부상신고자수,사고유형,법규위반,노면상태,기상상태,도로형태,가해운전자 차종,가해운전자 성별,가해운전자 연령,가해운전자 상해정도,피해운전자 차종,피해운전자 성별,피해운전자 연령,피해운전자 상해정도
2021101800100663,2021년 10월 18일 22시,월요일,부산광역시 금정구 장전동,중상사고,0,1,0,0,차대차 - 추돌,안전운전불이행,건조,맑음,단일로 - 터널,승용,남,39세,상해없음,승용,여,51세,중상
2021101800100664,2021년 10월 18일 22시,월요일,부산광역시 사상구 모라동,중상사고,0,1,0,0,차대차 - 추돌,안전운전불이행,건조,맑음,단일로 - 기타,승용,남,29세,상해없음,승용,남,69세,중상
2021101900100034,2021년 10월 19일 06시,화요일,부산광역시 동래구 온천동,경상사고,0,0,1,0,차대차 - 측면충돌,신호위반,건조,맑음,교차로 - 교차로안,승용,남,45세,상해없음,화물,남,28세,경상
2021101900100035,2021년 10월 19일 06시,화요일,부산광역시 금정구 노포동,경상사고,0,0,1,0,차대차 - 측면충돌,안전운전불이행,건조,맑음,단일로 - 기타,화물,남,24세,상해없음,승용,남,36세,경상
2021101900100127,2021년 10월 19일 10시,화요일,부산광역시 동구 수정동,중상사고,0,1,0,0,차대사람 - 기타,안전운전불이행,건조,맑음,단일로 - 기타,승합,남,69세,상해없음,보행자,남,68세,중상
2021101900100128,2021년 10월 19일 10시,화요일,부산광역시 부산진구 부암동,경상사고,0,0,2,0,차대차 - 추돌,안전운전불이행,건조,맑음,교차로 - 교차로부근,화물,남,68세,상해없음,승용,여,45세,경상
2021101900100129,2021년 10월 19일 10시,화요일,부산광역시 사하구 하단동,부상신고사고,0,0,0,1,차대사람 - 기타,안전운전불이행,건조,맑음,단일로 - 기타,승용,남,60세,상해없음,보행자,남,75세,부상신고
2021101900100153,2021년 10월 19일 11시,화요일,부산광역시 동래구 수안동,중상사고,0,1,0,0,차대차 - 측면충돌,안전운전불이행,건조,맑음,교차로 - 교차로부근,이륜,남,67세,중상,승용,여,53세,상해없음
2021101900100154,2021년 10월 19일 11시,화요일,부산광역시 동래구 안락동,경상사고,0,0,1,0,차대차 - 기타,안전운전불이행,젖음/습기,비,교차로 - 교차로안,화물,남,37세,기타불명,승용,남,29세,경상
2021101900100155,2021년 10월 19일 11시,화요일,부산광역시 금정구 장전동,중상사고,0,1,0,0,차대차 - 측면충돌,안전운전불이행,건조,맑음,교차로 - 교차로안,건설기계,남,60세,상해없음,승용,남,66세,중상
2021101900100205,2021년 10월 19일 13시,화요일,부산광역시 동구 초량동,경상사고,0,0,1,0,차대차 - 측면충돌,안전거리미확보,건조,맑음,단일로 - 기타,승용,남,47세,상해없음,승용,여,31세,경상
2021101900100206,2021년 10월 19일 13시,화요일,부산광역시 서구 부민동1가,경상사고,0,0,1,3,차대차 - 측면충돌,안전거리미확보,건조,맑음,교차로 - 교차로부근,승합,남,58세,상해없음,승용,남,61세,경상
2021101900100207,2021년 10월 19일 13시,화요일,부산광역시 해운대구 반여동,경상사고,0,0,1,0,차대차 - 정면충돌,신호위반,건조,맑음,교차로 - 교차로안,승용,남,24세,상해없음,이륜,남,58세,경상
2021101900100208,2021년 10월 19일 13시,화요일,부산광역시 부산진구 당감동,경상사고,0,0,1,0,차대차 - 기타,안전운전불이행,건조,맑음,단일로 - 기타,승용,여,57세,상해없음,이륜,남,41세,경상
2021101900100209,2021년 10월 19일 13시,화요일,부산광역시 강서구 송정동,사망사고,1,0,0,0,차대차 - 측면충돌,안전운전불이행,건조,맑음,교차로 - 교차로부근,화물,남,37세,상해없음,화물,남,54세,사망
2021101900100267,2021년 10월 19일 15시,화요일,부산광역시 사하구 장림동,경상사고,0,0,2,0,차대차 - 추돌,안전운전불이행,건조,맑음,단일로 - 기타,승용,남,76세,상해없음,승용,남,38세,경상
2021101900100313,2021년 10월 19일 16시,화요일,부산광역시 해운대구 우동,경상사고,0,0,2,0,차대차 - 기타,안전운전불이행,건조,맑음,단일로 - 기타,승용,남,30세,경상,승용,여,57세,경상
2021101900100358,2021년 10월 19일 17시,화요일,부산광역시 금정구 장전동,경상사고,0,0,1,0,차대사람 - 횡단중,보행자보호의무위반,건조,맑음,교차로 - 교차로부근,승용,여,44세,상해없음,보행자,여,24세,경상
2021101900100359,2021년 10월 19일 17시,화요일,부산광역시 연제구 연산동,중상사고,0,1,0,0,차대차 - 측면충돌,신호위반,건조,맑음,교차로 - 교차로안,승용,남,28세,상해없음,이륜,남,17세,중상
2021101900100360,2021년 10월 19일 17시,화요일,부산광역시 연제구 거제동,경상사고,0,0,1,0,차대차 - 측면충돌,교차로운행방법위반,건조,맑음,교차로 - 교차로안,승용,남,66세,상해없음,이륜,남,37세,경상
2021101900100361,2021년 10월 19일 17시,화요일,부산광역시 사상구 괘법동,경상사고,0,0,1,0,차대차 - 기타,안전운전불이행,건조,맑음,기타 - 기타,승용,여,49세,상해없음,개인형이동수단(PM),여,22세,경상
2021101900100390,2021년 10월 19일 18시,화요일,부산광역시 남구 대연동,경상사고,0,0,1,0,차대차 - 측면충돌,교차로운행방법위반,건조,맑음,교차로 - 교차로안,승용,남,29세,상해없음,원동기,남,44세,경상
2021101900100391,2021년 10월 19일 18시,화요일,부산광역시 사하구 하단동,경상사고,0,0,1,0,차대사람 - 기타,안전운전불이행,건조,맑음,단일로 - 기타,승용,남,59세,상해없음,보행자,여,46세,경상
2021101900100468,2021년 10월 19일 19시,화요일,부산광역시 사하구 괴정동,경상사고,0,0,1,0,차대차 - 기타,안전거리미확보,건조,맑음,단일로 - 기타,승용,남,34세,상해없음,승용,남,26세,경상
2021101900100469,2021년 10월 19일 19시,화요일,부산광역시 기장군 철마면,경상사고,0,0,1,0,차대차 - 추돌,안전거리미확보,건조,맑음,단일로 - 기타,승용,남,44세,경상,승용,남,21세,상해없음
2021101900100503,2021년 10월 19일 20시,화요일,부산광역시 동래구 안락동,경상사고,0,0,1,0,차대사람 - 길가장자리구역통행중,안전운전불이행,건조,맑음,단일로 - 기타,승용,남,72세,상해없음,보행자,남,57세,경상
2021101900100504,2021년 10월 19일 20시,화요일,부산광역시 해운대구 반여동,부상신고사고,0,0,0,2,차대차 - 추돌,안전운전불이행,건조,맑음,단일로 - 기타,승용,남,48세,상해없음,승용,여,30세,부상신고
2021101900100505,2021년 10월 19일 20시,화요일,부산광역시 사하구 하단동,중상사고,0,1,0,0,차대차 - 추돌,안전운전불이행,건조,맑음,단일로 - 지하차도(도로)내,승용,남,43세,기타불명,승용,남,73세,중상
2021101900100530,2021년 10월 19일 21시,화요일,부산광역시 사상구 모라동,경상사고,0,0,1,0,차대사람 - 기타,기타,건조,맑음,단일로 - 기타,이륜,남,17세,상해없음,보행자,여,62세,경상
2021101900100562,2021년 10월 19일 22시,화요일,부산광역시 수영구 광안동,중상사고,0,1,1,0,차대사람 - 기타,안전운전불이행,건조,맑음,단일로 - 기타,이륜,남,19세,상해없음,보행자,여,22세,중상
2021101900100563,2021년 10월 19일 22시,화요일,부산광역시 동래구 명장동,경상사고,0,0,1,0,차대차 - 추돌,안전운전불이행,건조,맑음,단일로 - 기타,승용,남,44세,상해없음,승용,남,55세,경상
2021101900100564,2021년 10월 19일 22시,화요일,부산광역시 연제구 연산동,경상사고,0,0,1,0,차대차 - 측면충돌,신호위반,건조,맑음,교차로 - 교차로부근,승용,남,58세,상해없음,개인형이동수단(PM),여,26세,경상
2021101900100585,2021년 10월 19일 23시,화요일,부산광역시 금정구 부곡동,경상사고,0,0,2,0,차대차 - 정면충돌,신호위반,건조,맑음,교차로 - 교차로안,승용,남,27세,상해없음,승용,남,56세,경상
2021102000100059,2021년 10월 20일 08시,수요일,부산광역시 남구 용호동,경상사고,0,0,1,0,차대차 - 측면충돌,안전운전불이행,건조,맑음,단일로 - 기타,이륜,남,18세,경상,승용,남,47세,상해없음
2021102000100096,2021년 10월 20일 09시,수요일,부산광역시 연제구 거제동,경상사고,0,0,2,0,차대차 - 측면충돌,안전운전불이행,건조,맑음,단일로 - 기타,화물,남,62세,상해없음,승용,남,19세,경상
2021102000100195,2021년 10월 20일 12시,수요일,부산광역시 부산진구 범천동,부상신고사고,0,0,0,1,차대차 - 측면충돌,안전운전불이행,건조,맑음,교차로 - 교차로부근,이륜,남,25세,부상신고,이륜,남,66세,상해없음
2021102000100237,2021년 10월 20일 13시,수요일,부산광역시 금정구 회동동,부상신고사고,0,0,0,1,차대사람 - 기타,안전운전불이행,건조,맑음,단일로 - 기타,이륜,기타불명,미분류,기타불명,보행자,여,38세,부상신고
2021102000100238,2021년 10월 20일 13시,수요일,부산광역시 연제구 거제동,경상사고,0,0,2,0,차대차 - 측면충돌,안전거리미확보,건조,맑음,단일로 - 기타,화물,남,41세,상해없음,승용,남,25세,경상
2021102000100309,2021년 10월 20일 15시,수요일,부산광역시 남구 문현동,경상사고,0,0,2,0,차대차 - 기타,안전운전불이행,건조,맑음,기타 - 기타,승용,남,71세,상해없음,승용,남,27세,경상
2021102000100310,2021년 10월 20일 15시,수요일,부산광역시 남구 대연동,경상사고,0,0,1,0,차대차 - 추돌,안전운전불이행,건조,맑음,교차로 - 교차로안,승용,남,59세,상해없음,승용,남,60세,경상
2021102000100311,2021년 10월 20일 15시,수요일,부산광역시 동래구 명장동,중상사고,0,1,1,0,차대차 - 추돌,안전운전불이행,건조,맑음,교차로 - 교차로안,승용,남,44세,상해없음,승용,남,55세,중상
2021102000100312,2021년 10월 20일 15시,수요일,부산광역시 기장군 기장읍,경상사고,0,0,2,0,차대차 - 기타,안전운전불이행,건조,맑음,교차로 - 교차로횡단보도내,승용,여,52세,상해없음,승용,남,35세,경상
2021102000100352,2021년 10월 20일 16시,수요일,부산광역시 영도구 동삼동,경상사고,0,0,1,1,차대차 - 기타,직진우회전진행방해,건조,맑음,교차로 - 교차로안,화물,남,60세,부상신고,승용,여,30세,경상
2021102000100353,2021년 10월 20일 16시,수요일,부산광역시 해운대구 반여동,중상사고,0,1,0,0,차대차 - 측면충돌,안전운전불이행,건조,맑음,단일로 - 기타,승용,여,60세,상해없음,자전거,남,58세,중상
2021102000100354,2021년 10월 20일 16시,수요일,부산광역시 연제구 연산동,경상사고,0,0,1,0,차대사람 - 기타,안전운전불이행,건조,흐림,단일로 - 기타,승용,남,53세,상해없음,보행자,남,25세,경상
2021102000100355,2021년 10월 20일 16시,수요일,부산광역시 연제구 연산동,중상사고,0,1,0,0,차량단독 - 기타,안전운전불이행,건조,맑음,단일로 - 기타,승합,남,40세,상해없음,,,,
2021102000100356,2021년 10월 20일 16시,수요일,부산광역시 강서구 송정동,경상사고,0,0,1,0,차대차 - 기타,신호위반,건조,맑음,교차로 - 교차로부근,승용,여,66세,상해없음,승용,남,69세,경상
2021102000100357,2021년 10월 20일 16시,수요일,부산광역시 강서구 죽동동,경상사고,0,0,1,0,차대차 - 측면충돌,안전운전불이행,건조,맑음,단일로 - 기타,화물,남,62세,상해없음,화물,남,52세,경상
2021102000100358,2021년 10월 20일 16시,수요일,부산광역시 사상구 학장동,경상사고,0,0,1,0,차대차 - 측면충돌,교차로운행방법위반,건조,맑음,단일로 - 지하차도(도로)내,특수,남,55세,상해없음,화물,남,70세,경상
2021102000100449,2021년 10월 20일 18시,수요일,부산광역시 남구 용호동,경상사고,0,0,1,0,차대차 - 기타,안전운전불이행,건조,맑음,단일로 - 기타,승용,남,26세,상해없음,승용,여,47세,경상
2021102000100521,2021년 10월 20일 19시,수요일,부산광역시 동래구 사직동,경상사고,0,0,1,0,차대사람 - 횡단중,안전운전불이행,건조,맑음,교차로 - 교차로부근,승용,여,42세,상해없음,보행자,남,33세,경상
2021102000100522,2021년 10월 20일 19시,수요일,부산광역시 부산진구 개금동,부상신고사고,0,0,0,1,차대차 - 측면충돌,안전운전불이행,건조,맑음,단일로 - 기타,이륜,남,69세,부상신고,승용,남,66세,상해없음
2021102000100523,2021년 10월 20일 19시,수요일,부산광역시 금정구 장전동,부상신고사고,0,0,0,1,차대사람 - 횡단중,보행자보호의무위반,건조,맑음,교차로 - 교차로횡단보도내,이륜,남,67세,상해없음,보행자,여,54세,부상신고
2021102000100565,2021년 10월 20일 20시,수요일,부산광역시 영도구 청학동,경상사고,0,0,1,0,차대차 - 측면충돌,안전운전불이행,건조,맑음,단일로 - 기타,승용,남,49세,상해없음,승용,남,36세,경상
2021102000100566,2021년 10월 20일 20시,수요일,부산광역시 사상구 학장동,중상사고,0,1,0,0,차대차 - 측면충돌,신호위반,건조,맑음,교차로 - 교차로안,승용,남,53세,상해없음,승용,여,35세,중상
2021102000100587,2021년 10월 20일 21시,수요일,부산광역시 부산진구 부전동,경상사고,0,0,1,0,차대차 - 측면충돌,신호위반,건조,맑음,교차로 - 교차로안,원동기,남,29세,경상,승용,남,55세,상해없음
2021102000100636,2021년 10월 20일 23시,수요일,부산광역시 사상구 모라동,경상사고,0,0,2,0,차대차 - 측면충돌,신호위반,건조,맑음,교차로 - 교차로안,승용,남,44세,상해없음,승용,남,72세,경상
2021102100100027,2021년 10월 21일 03시,목요일,부산광역시 북구 구포동,사망사고,1,0,0,0,차량단독 - 공작물충돌,안전운전불이행,건조,맑음,단일로 - 기타,원동기,남,28세,상해없음,,,,
2021102100100038,2021년 10월 21일 06시,목요일,부산광역시 부산진구 전포동,경상사고,0,0,1,0,차대차 - 측면충돌,안전거리미확보,건조,맑음,교차로 - 교차로안,화물,남,54세,상해없음,승용,여,58세,경상
2021102100100053,2021년 10월 21일 07시,목요일,부산광역시 해운대구 좌동,중상사고,0,1,0,0,차대사람 - 횡단중,교차로운행방법위반,건조,맑음,단일로 - 기타,승용,남,71세,상해없음,보행자,여,18세,중상
2021102100100054,2021년 10월 21일 07시,목요일,부산광역시 부산진구 부암동,경상사고,0,0,1,0,차대차 - 측면충돌,안전운전불이행,젖음/습기,비,단일로 - 기타,승용,남,49세,기타불명,승용,남,46세,경상
2021102100100055,2021년 10월 21일 07시,목요일,부산광역시 수영구 망미동,중상사고,0,1,0,0,차대차 - 후진중충돌,안전운전불이행,건조,맑음,기타 - 기타,승합,남,51세,상해없음,자전거,남,61세,중상
2021102100100076,2021년 10월 21일 08시,목요일,부산광역시 금정구 부곡동,경상사고,0,0,1,0,차대차 - 측면충돌,안전운전불이행,건조,맑음,단일로 - 기타,승용,여,60세,상해없음,승용,남,49세,경상
2021102100100108,2021년 10월 21일 09시,목요일,부산광역시 동래구 사직동,중상사고,0,1,1,0,차대차 - 측면충돌,안전운전불이행,젖음/습기,비,교차로 - 교차로안,승용,남,63세,상해없음,승용,남,24세,경상
2021102100100109,2021년 10월 21일 09시,목요일,부산광역시 사하구 신평동,중상사고,0,1,3,0,차대차 - 추돌,안전운전불이행,젖음/습기,비,단일로 - 기타,화물,남,49세,상해없음,화물,남,71세,경상
2021102100100132,2021년 10월 21일 10시,목요일,부산광역시 북구 덕천동,경상사고,0,0,2,0,차대차 - 기타,안전운전불이행,건조,맑음,단일로 - 기타,승용,남,60세,상해없음,승용,남,31세,경상
2021102100100133,2021년 10월 21일 10시,목요일,부산광역시 수영구 망미동,경상사고,0,0,1,0,차대차 - 측면충돌,안전거리미확보,젖음/습기,비,단일로 - 기타,승용,여,69세,상해없음,이륜,남,63세,경상
2021102100100161,2021년 10월 21일 11시,목요일,부산광역시 남구 대연동,중상사고,0,1,1,0,차대차 - 측면충돌,안전운전불이행,건조,맑음,교차로 - 교차로안,승용,여,60세,상해없음,승용,남,51세,중상
2021102100100162,2021년 10월 21일 11시,목요일,부산광역시 수영구 광안동,경상사고,0,0,1,0,차대사람 - 기타,보행자보호의무위반,젖음/습기,흐림,기타 - 기타,승용,여,62세,상해없음,보행자,여,48세,경상
2021102100100229,2021년 10월 21일 13시,목요일,부산광역시 부산진구 부전동,중상사고,0,1,0,0,차대차 - 측면충돌,안전운전불이행,건조,맑음,단일로 - 기타,승용,여,34세,상해없음,이륜,남,74세,중상
2021102100100230,2021년 10월 21일 13시,목요일,부산광역시 금정구 부곡동,경상사고,0,0,1,0,차대차 - 추돌,안전거리미확보,젖음/습기,비,단일로 - 터널,승용,남,41세,상해없음,승용,여,39세,경상
2021102100100231,2021년 10월 21일 13시,목요일,부산광역시 사하구 신평동,경상사고,0,0,1,0,차대차 - 추돌,안전운전불이행,건조,맑음,단일로 - 기타,승용,여,35세,상해없음,승용,여,49세,경상
2021102100100264,2021년 10월 21일 14시,목요일,부산광역시 남구 대연동,중상사고,0,1,0,0,차대사람 - 기타,안전운전불이행,젖음/습기,비,교차로 - 교차로안,승용,남,59세,상해없음,보행자,남,10세,중상
2021102100100265,2021년 10월 21일 14시,목요일,부산광역시 부산진구 연지동,경상사고,0,0,1,0,차대차 - 측면충돌,중앙선침범,젖음/습기,비,단일로 - 기타,원동기,여,56세,상해없음,이륜,남,29세,경상
2021102100100266,2021년 10월 21일 14시,목요일,부산광역시 사하구 당리동,경상사고,0,0,1,0,차대사람 - 횡단중,신호위반,건조,맑음,교차로 - 교차로부근,자전거,남,24세,상해없음,보행자,남,84세,경상
2021102100100311,2021년 10월 21일 15시,목요일,부산광역시 남구 대연동,중상사고,0,1,0,0,차대사람 - 기타,안전운전불이행,젖음/습기,흐림,교차로 - 교차로안,승합,남,77세,상해없음,보행자,여,20세,중상
2021102100100312,2021년 10월 21일 15시,목요일,부산광역시 기장군 기장읍,경상사고,0,0,1,0,차대차 - 측면충돌,안전운전불이행,젖음/습기,비,교차로 - 교차로안,승용,여,26세,상해없음,화물,남,70세,경상
2021102100100420,2021년 10월 21일 18시,목요일,부산광역시 동구 범일동,경상사고,0,0,1,0,차대차 - 추돌,안전거리미확보,건조,맑음,단일로 - 기타,승용,남,71세,상해없음,승용,여,48세,경상
2021102100100421,2021년 10월 21일 18시,목요일,부산광역시 남구 문현동,경상사고,0,0,1,0,차대차 - 측면충돌,안전운전불이행,건조,맑음,단일로 - 기타,승용,여,48세,경상,승용,여,61세,상해없음
2021102100100422,2021년 10월 21일 18시,목요일,부산광역시 동래구 안락동,경상사고,0,0,1,0,차대차 - 측면충돌,기타,건조,맑음,단일로 - 기타,승용,남,34세,상해없음,이륜,남,48세,경상
2021102100100423,2021년 10월 21일 18시,목요일,부산광역시 금정구 남산동,경상사고,0,0,1,0,차대차 - 기타,교차로운행방법위반,건조,맑음,교차로 - 교차로안,이륜,남,27세,경상,승용,남,60세,상해없음
2021102100100490,2021년 10월 21일 19시,목요일,부산광역시 동래구 온천동,경상사고,0,0,1,0,차대차 - 기타,안전거리미확보,건조,맑음,단일로 - 기타,승용,남,27세,상해없음,승용,남,55세,경상
2021102100100491,2021년 10월 21일 19시,목요일,부산광역시 부산진구 연지동,경상사고,0,0,1,0,차대차 - 정면충돌,중앙선침범,건조,맑음,교차로 - 교차로부근,승용,남,65세,상해없음,승용,남,55세,경상
2021102100100492,2021년 10월 21일 19시,목요일,부산광역시 부산진구 당감동,경상사고,0,0,1,0,차대차 - 기타,안전거리미확보,건조,맑음,기타 - 기타,승용,여,19세,상해없음,이륜,남,32세,경상
2021102100100534,2021년 10월 21일 20시,목요일,부산광역시 부산진구 양정동,경상사고,0,0,1,0,차대차 - 기타,기타,건조,맑음,단일로 - 기타,승용,남,56세,상해없음,이륜,남,60세,경상
2021102100100556,2021년 10월 21일 21시,목요일,부산광역시 동래구 수안동,중상사고,0,1,0,0,차대사람 - 차도통행중,안전운전불이행,건조,맑음,교차로 - 교차로안,승용,남,34세,상해없음,보행자,여,26세,중상
2021102100100621,2021년 10월 21일 23시,목요일,부산광역시 부산진구 전포동,중상사고,0,1,0,0,차대차 - 기타,안전운전불이행,건조,맑음,단일로 - 기타,승용,남,31세,상해없음,이륜,남,38세,중상
2021102100100622,2021년 10월 21일 23시,목요일,부산광역시 부산진구 부전동,중상사고,0,1,1,0,차대사람 - 기타,안전운전불이행,건조,맑음,교차로 - 교차로부근,이륜,남,43세,상해없음,보행자,여,18세,중상
2021102200100003,2021년 10월 22일 00시,금요일,부산광역시 사상구 주례동,경상사고,0,0,1,0,차대차 - 추돌,안전운전불이행,건조,맑음,단일로 - 기타,이륜,남,29세,상해없음,이륜,남,21세,경상
2021102200100011,2021년 10월 22일 01시,금요일,부산광역시 동래구 사직동,중상사고,0,1,0,0,차대사람 - 기타,기타,건조,맑음,단일로 - 기타,이륜,남,21세,상해없음,보행자,여,21세,중상
2021102200100078,2021년 10월 22일 08시,금요일,부산광역시 동구 초량동,경상사고,0,0,1,0,차대차 - 측면충돌,안전운전불이행,건조,맑음,단일로 - 기타,화물,남,44세,상해없음,승용,남,61세,경상
2021102200100079,2021년 10월 22일 08시,금요일,부산광역시 수영구 민락동,중상사고,0,1,0,0,차대차 - 추돌,안전운전불이행,건조,맑음,단일로 - 기타,승합,남,38세,상해없음,이륜,남,81세,상해없음
2021102200100080,2021년 10월 22일 08시,금요일,부산광역시 해운대구 반여동,중상사고,0,1,0,0,차대사람 - 횡단중,안전운전불이행,건조,맑음,단일로 - 기타,승용,남,61세,상해없음,보행자,여,83세,중상
2021102200100081,2021년 10월 22일 08시,금요일,부산광역시 연제구 연산동,부상신고사고,0,0,0,1,차대차 - 기타,중앙선침범,건조,맑음,단일로 - 기타,개인형이동수단(PM),여,27세,부상신고,승용,남,61세,상해없음
2021102200100121,2021년 10월 22일 09시,금요일,부산광역시 동구 초량동,경상사고,0,0,1,0,차대차 - 추돌,안전거리미확보,건조,맑음,교차로 - 교차로부근,승용,여,66세,상해없음,승용,남,70세,경상
2021102200100122,2021년 10월 22일 09시,금요일,부산광역시 부산진구 부전동,경상사고,0,0,1,0,차대사람 - 기타,안전운전불이행,건조,맑음,단일로 - 기타,승용,여,45세,상해없음,보행자,여,20세,경상
2021102200100168,2021년 10월 22일 10시,금요일,부산광역시 부산진구 당감동,부상신고사고,0,0,0,1,차대차 - 추돌,안전운전불이행,기타,맑음,단일로 - 터널,이륜,남,28세,부상신고,승용,남,54세,상해없음
2021102200100169,2021년 10월 22일 10시,금요일,부산광역시 기장군 기장읍,경상사고,0,0,1,0,차대차 - 기타,안전운전불이행,건조,맑음,교차로 - 교차로부근,승합,남,52세,상해없음,승용,남,37세,경상
2021102200100242,2021년 10월 22일 12시,금요일,부산광역시 해운대구 재송동,경상사고,0,0,2,0,차대차 - 기타,안전운전불이행,건조,맑음,기타 - 기타,승용,남,22세,상해없음,승용,여,50세,상해없음
2021102200100243,2021년 10월 22일 12시,금요일,부산광역시 해운대구 우동,경상사고,0,0,1,0,차대차 - 측면충돌,기타,건조,맑음,교차로 - 교차로안,승용,남,69세,상해없음,승용,남,65세,경상
2021102200100244,2021년 10월 22일 12시,금요일,부산광역시 부산진구 가야동,경상사고,0,0,1,0,차대차 - 추돌,안전운전불이행,건조,맑음,단일로 - 기타,화물,남,49세,상해없음,이륜,남,37세,경상
2021102200100275,2021년 10월 22일 13시,금요일,부산광역시 남구 용호동,중상사고,0,1,0,0,차대사람 - 기타,안전운전불이행,건조,맑음,기타 - 기타,승용,여,46세,상해없음,보행자,여,76세,중상
2021102200100276,2021년 10월 22일 13시,금요일,부산광역시 부산진구 부암동,중상사고,0,1,0,0,차대사람 - 횡단중,안전운전불이행,건조,맑음,교차로 - 교차로부근,승용,여,57세,상해없음,보행자,여,61세,중상
2021102200100277,2021년 10월 22일 13시,금요일,부산광역시 연제구 연산동,경상사고,0,0,1,0,차대차 - 기타,중앙선침범,건조,맑음,단일로 - 기타,승용,여,50세,상해없음,이륜,남,18세,경상
2021102200100314,2021년 10월 22일 14시,금요일,부산광역시 북구 만덕동,경상사고,0,0,1,0,차대차 - 후진중충돌,안전운전불이행,건조,맑음,단일로 - 기타,기타불명,기타불명,미분류,기타불명,화물,남,56세,경상
2021102200100315,2021년 10월 22일 14시,금요일,부산광역시 동래구 안락동,경상사고,0,0,1,0,차대차 - 측면충돌,안전거리미확보,건조,맑음,교차로 - 교차로부근,승용,남,73세,상해없음,승용,남,55세,경상
2021102200100316,2021년 10월 22일 14시,금요일,부산광역시 사상구 학장동,중상사고,0,1,0,1,차대차 - 기타,안전거리미확보,건조,기타,교차로 - 교차로부근,승용,남,22세,상해없음,승합,남,61세,상해없음
2021102200100355,2021년 10월 22일 15시,금요일,부산광역시 연제구 연산동,중상사고,0,1,0,0,차대사람 - 횡단중,신호위반,건조,맑음,단일로 - 기타,승용,남,71세,상해없음,보행자,여,67세,중상
2021102200100356,2021년 10월 22일 15시,금요일,부산광역시 사상구 엄궁동,경상사고,0,0,1,0,차대차 - 측면충돌,안전운전불이행,건조,맑음,단일로 - 기타,승용,여,53세,상해없음,자전거,여,65세,경상
2021102200100402,2021년 10월 22일 16시,금요일,부산광역시 서구 아미동2가,중상사고,0,2,0,0,차량단독 - 전도전복 - 전도,안전운전불이행,건조,맑음,단일로 - 기타,이륜,남,55세,중상,,,,
2021102200100403,2021년 10월 22일 16시,금요일,부산광역시 동래구 온천동,경상사고,0,0,1,0,차대차 - 기타,안전운전불이행,건조,맑음,단일로 - 기타,승용,남,62세,상해없음,승용,여,41세,경상
2021102200100404,2021년 10월 22일 16시,금요일,부산광역시 강서구 대저1동,중상사고,0,1,0,0,차대차 - 기타,안전운전불이행,건조,맑음,교차로 - 교차로부근,화물,남,75세,상해없음,승용,여,39세,중상
2021102200100451,2021년 10월 22일 17시,금요일,부산광역시 서구 부용동2가,경상사고,0,0,1,0,차대사람 - 횡단중,보행자보호의무위반,건조,맑음,교차로 - 교차로횡단보도내,승용,남,78세,상해없음,보행자,남,32세,경상
2021102200100452,2021년 10월 22일 17시,금요일,부산광역시 사하구 장림동,경상사고,0,0,1,0,차대차 - 측면충돌,안전운전불이행,건조,맑음,단일로 - 기타,승용,남,58세,상해없음,승용,여,59세,경상
2021102200100516,2021년 10월 22일 18시,금요일,부산광역시 중구 영주동,경상사고,0,0,1,0,차대차 - 측면충돌,교차로운행방법위반,건조,맑음,교차로 - 교차로부근,승용,여,75세,상해없음,승용,여,29세,경상
2021102200100517,2021년 10월 22일 18시,금요일,부산광역시 서구 동대신동3가,경상사고,0,0,1,0,차대사람 - 횡단중,신호위반,건조,맑음,기타 - 기타,화물,남,64세,상해없음,보행자,남,33세,경상
2021102200100518,2021년 10월 22일 18시,금요일,부산광역시 수영구 남천동,경상사고,0,0,2,0,차대차 - 기타,안전운전불이행,건조,맑음,단일로 - 기타,승용,남,64세,상해없음,승용,남,32세,경상
2021102200100519,2021년 10월 22일 18시,금요일,부산광역시 북구 덕천동,경상사고,0,0,1,0,차대차 - 기타,중앙선침범,건조,맑음,단일로 - 기타,이륜,남,47세,경상,승용,남,66세,상해없음
2021102200100520,2021년 10월 22일 18시,금요일,부산광역시 연제구 거제동,중상사고,0,1,0,0,차대사람 - 기타,안전운전불이행,건조,맑음,단일로 - 기타,승용,남,60세,상해없음,보행자,남,76세,중상
2021102200100521,2021년 10월 22일 18시,금요일,부산광역시 기장군 장안읍,중상사고,0,1,0,0,차대사람 - 기타,안전운전불이행,건조,맑음,기타 - 기타,승용,여,34세,상해없음,보행자,남,47세,중상
2021102200100589,2021년 10월 22일 19시,금요일,부산광역시 해운대구 좌동,경상사고,0,0,2,0,차대차 - 측면충돌,안전거리미확보,건조,맑음,단일로 - 기타,승용,여,25세,상해없음,승용,여,28세,경상
2021102200100658,2021년 10월 22일 21시,금요일,부산광역시 부산진구 부전동,경상사고,0,0,1,0,차대사람 - 기타,안전운전불이행,건조,기타,단일로 - 기타,화물,남,60세,상해없음,보행자,남,47세,경상