사고번호,사고일시,요일,시군구,사고내용,사망자수,중상자수,경상자수,부상신고자수,사고유형,법규위반,노면상태,기상상태,도로형태,가해운전자 차종,가해운전자 성별,가해운전자 연령,가해운전자 상해정도,피해운전자 차종,피해운전자 성별,피해운전자 연령,피해운전자 상해정도
2021103000100093,2021년 10월 30일 09시,토요일,부산광역시 사하구 신평동,경상사고,0,0,1,0,차대사람 - 기타,안전운전불이행,건조,맑음,단일로 - 기타,승용,남,65세,상해없음,보행자,여,72세,경상
2021103000100094,2021년 10월 30일 09시,토요일,부산광역시 사상구 학장동,중상사고,0,1,0,0,차대차 - 기타,안전거리미확보,건조,맑음,교차로 - 교차로부근,승용,여,48세,중상,승용,남,43세,상해없음
2021103000100148,2021년 10월 30일 11시,토요일,부산광역시 수영구 광안동,경상사고,0,0,1,0,차대차 - 기타,안전운전불이행,건조,맑음,단일로 - 기타,승용,남,51세,상해없음,화물,남,57세,경상
2021103000100149,2021년 10월 30일 11시,토요일,부산광역시 영도구 동삼동,중상사고,0,1,0,0,차량단독 - 기타,안전운전불이행,건조,맑음,기타 - 기타,이륜,여,54세,중상,,,,
2021103000100180,2021년 10월 30일 12시,토요일,부산광역시 금정구 남산동,경상사고,0,0,1,0,차대차 - 기타,안전운전불이행,건조,맑음,단일로 - 기타,승용,여,26세,경상,승용,남,34세,상해없음
2021103000100181,2021년 10월 30일 12시,토요일,부산광역시 연제구 거제동,경상사고,0,0,1,0,차대차 - 측면충돌,안전거리미확보,건조,맑음,단일로 - 기타,승용,남,76세,상해없음,승용,남,64세,경상
2021103000100182,2021년 10월 30일 12시,토요일,부산광역시 기장군 일광면,경상사고,0,0,1,0,차대차 - 측면충돌,안전운전불이행,건조,맑음,교차로 - 교차로안,이륜,남,62세,상해없음,자전거,남,39세,경상
2021103000100217,2021년 10월 30일 13시,토요일,부산광역시 서구 토성동3가,경상사고,0,0,1,0,차대차 - 측면충돌,교차로운행방법위반,건조,맑음,교차로 - 교차로안,승용,남,77세,상해없음,이륜,남,48세,경상
2021103000100218,2021년 10월 30일 13시,토요일,부산광역시 영도구 동삼동,경상사고,0,0,1,0,차대사람 - 보도통행중,보행자보호의무위반,건조,맑음,단일로 - 기타,승용,남,54세,상해없음,보행자,여,12세,경상
2021103000100219,2021년 10월 30일 13시,토요일,부산광역시 해운대구 재송동,경상사고,0,0,2,0,차대차 - 추돌,안전운전불이행,건조,맑음,단일로 - 기타,승용,여,63세,상해없음,승용,남,27세,경상
2021103000100220,2021년 10월 30일 13시,토요일,부산광역시 부산진구 양정동,중상사고,0,1,0,0,차대차 - 측면충돌,안전거리미확보,건조,맑음,기타 - 기타,승용,남,51세,상해없음,이륜,남,42세,중상
2021103000100221,2021년 10월 30일 13시,토요일,부산광역시 사상구 모라동,중상사고,0,1,1,0,차대차 - 추돌,안전운전불이행,건조,맑음,단일로 - 지하차도(도로)내,이륜,남,17세,경상,이륜,남,60세,중상
2021103000100222,2021년 10월 30일 13시,토요일,부산광역시 금정구 구서동,경상사고,0,0,3,0,차대차 - 추돌,안전운전불이행,건조,맑음,단일로 - 기타,승용,남,22세,상해없음,승용,남,43세,경상
2021103000100253,2021년 10월 30일 14시,토요일,부산광역시 금정구 장전동,중상사고,0,1,0,0,차대차 - 기타,기타,건조,맑음,교차로 - 교차로안,이륜,남,34세,중상,승용,남,27세,상해없음
2021103000100315,2021년 10월 30일 16시,토요일,부산광역시 기장군 일광면,경상사고,0,0,2,0,차대차 - 추돌,안전운전불이행,건조,맑음,단일로 - 기타,승합,남,71세,상해없음,승용,남,22세,경상
2021103000100351,2021년 10월 30일 17시,토요일,부산광역시 북구 덕천동,경상사고,0,0,1,0,차대차 - 기타,신호위반,건조,맑음,단일로 - 기타,이륜,남,48세,경상,이륜,남,61세,상해없음
2021103000100352,2021년 10월 30일 17시,토요일,부산광역시 부산진구 당감동,중상사고,0,1,0,0,차량단독 - 기타,안전운전불이행,건조,맑음,교차로 - 교차로부근,화물,남,19세,중상,,,,
2021103000100353,2021년 10월 30일 17시,토요일,부산광역시 금정구 구서동,경상사고,0,0,1,0,차대차 - 추돌,안전운전불이행,건조,맑음,교차로 - 교차로안,승용,여,79세,상해없음,승용,남,55세,경상
2021103000100354,2021년 10월 30일 17시,토요일,부산광역시 사하구 하단동,경상사고,0,0,3,0,차대차 - 기타,안전운전불이행,건조,맑음,교차로 - 교차로부근,화물,남,52세,상해없음,승용,남,66세,경상
2021103000100448,2021년 10월 30일 19시,토요일,부산광역시 남구 용당동,경상사고,0,0,1,0,차대차 - 후진중충돌,안전운전불이행,건조,맑음,단일로 - 기타,승용,남,56세,상해없음,승용,남,55세,경상
2021103000100477,2021년 10월 30일 20시,토요일,부산광역시 서구 남부민동,경상사고,0,0,1,1,차대차 - 추돌,안전운전불이행,건조,맑음,교차로 - 교차로부근,이륜,남,18세,상해없음,승용,남,57세,부상신고
2021103000100478,2021년 10월 30일 20시,토요일,부산광역시 해운대구 우동,경상사고,0,0,2,0,차대차 - 측면충돌,안전운전불이행,건조,맑음,단일로 - 기타,이륜,남,59세,상해없음,승합,남,38세,상해없음
2021103000100479,2021년 10월 30일 20시,토요일,부산광역시 사하구 장림동,경상사고,0,0,1,0,차대차 - 추돌,안전운전불이행,건조,맑음,단일로 - 기타,승용,남,46세,상해없음,승합,남,57세,경상
2021103000100506,2021년 10월 30일 21시,토요일,부산광역시 남구 대연동,중상사고,0,1,0,0,차대차 - 기타,중앙선침범,건조,맑음,교차로 - 교차로안,승용,남,49세,상해없음,이륜,남,64세,중상
2021103000100507,2021년 10월 30일 21시,토요일,부산광역시 수영구 광안동,경상사고,0,0,4,0,차대차 - 기타,안전운전불이행,건조,맑음,교차로 - 교차로부근,승용,남,46세,상해없음,승용,남,60세,경상
2021103000100508,2021년 10월 30일 21시,토요일,부산광역시 북구 만덕동,경상사고,0,0,1,0,차대차 - 측면충돌,차로위반,건조,맑음,단일로 - 기타,기타불명,기타불명,미분류,기타불명,승용,여,42세,경상
2021103000100532,2021년 10월 30일 22시,토요일,부산광역시 부산진구 당감동,경상사고,0,0,2,0,차대차 - 기타,기타,건조,맑음,기타 - 기타,승용,남,56세,상해없음,이륜,남,17세,경상
2021103000100557,2021년 10월 30일 23시,토요일,부산광역시 중구 중앙동4가,경상사고,0,0,1,0,차대차 - 추돌,안전운전불이행,건조,맑음,단일로 - 지하차도(도로)내,승용,남,41세,상해없음,승합,남,54세,경상
2021103000100558,2021년 10월 30일 23시,토요일,부산광역시 금정구 장전동,중상사고,0,1,0,0,차대사람 - 횡단중,안전운전불이행,건조,맑음,단일로 - 기타,승용,남,28세,상해없음,보행자,여,21세,중상
2021103000100559,2021년 10월 30일 23시,토요일,부산광역시 연제구 연산동,경상사고,0,0,1,0,차대차 - 추돌,안전운전불이행,건조,맑음,교차로 - 교차로부근,이륜,남,40세,상해없음,이륜,남,30세,경상
2021103100100001,2021년 10월 31일 00시,일요일,부산광역시 금정구 부곡동,중상사고,0,1,1,0,차대사람 - 횡단중,안전운전불이행,건조,맑음,단일로 - 기타,승용,남,63세,상해없음,보행자,여,21세,중상
2021103100100045,2021년 10월 31일 06시,일요일,부산광역시 서구 충무동1가,부상신고사고,0,0,0,1,차대차 - 측면충돌,안전운전불이행,건조,맑음,단일로 - 기타,승용,남,66세,상해없음,승용,남,76세,부상신고
2021103100100055,2021년 10월 31일 08시,일요일,부산광역시 기장군 철마면,경상사고,0,0,1,0,차대차 - 기타,안전운전불이행,건조,맑음,단일로 - 기타,승용,여,50세,상해없음,승용,남,59세,경상
2021103100100068,2021년 10월 31일 09시,일요일,부산광역시 기장군 기장읍,중상사고,0,1,1,0,차대차 - 기타,신호위반,건조,맑음,교차로 - 교차로안,이륜,남,72세,중상,이륜,남,38세,경상
2021103100100081,2021년 10월 31일 10시,일요일,부산광역시 중구 중앙동4가,중상사고,0,1,0,0,차대차 - 측면충돌,교차로운행방법위반,건조,맑음,교차로 - 교차로안,승용,남,62세,상해없음,승용,남,63세,중상
2021103100100082,2021년 10월 31일 10시,일요일,부산광역시 수영구 민락동,중상사고,0,1,0,0,차대차 - 기타,안전운전불이행,건조,맑음,교차로 - 교차로안,승용,여,45세,상해없음,이륜,남,42세,중상
2021103100100084,2021년 10월 31일 10시,일요일,부산광역시 사하구 괴정동,경상사고,0,0,1,0,차대차 - 기타,교차로운행방법위반,건조,맑음,교차로 - 교차로안,승용,남,69세,상해없음,승용,남,79세,경상
2021103100100085,2021년 10월 31일 10시,일요일,부산광역시 강서구 명지동,중상사고,0,1,0,0,차량단독 - 공작물충돌,안전운전불이행,건조,맑음,단일로 - 기타,승용,여,36세,상해없음,,,,
2021103100100102,2021년 10월 31일 11시,일요일,부산광역시 동래구 안락동,중상사고,0,1,0,0,차대차 - 측면충돌,교차로운행방법위반,건조,맑음,교차로 - 교차로안,이륜,여,37세,중상,승용,여,63세,상해없음
2021103100100128,2021년 10월 31일 12시,일요일,부산광역시 기장군 기장읍,경상사고,0,0,1,0,차대차 - 기타,안전운전불이행,건조,맑음,교차로 - 교차로안,자전거,남,15세,경상,승용,남,54세,상해없음
2021103100100160,2021년 10월 31일 13시,일요일,부산광역시 동래구 온천동,경상사고,0,0,1,0,차대차 - 후진중충돌,안전운전불이행,건조,맑음,단일로 - 기타,승용,남,68세,상해없음,승용,여,30세,상해없음
2021103100100203,2021년 10월 31일 14시,일요일,부산광역시 해운대구 우동,중상사고,0,1,0,0,차대사람 - 횡단중,신호위반,건조,맑음,교차로 - 교차로횡단보도내,승용,여,42세,상해없음,보행자,남,13세,중상
2021103100100204,2021년 10월 31일 14시,일요일,부산광역시 해운대구 우동,경상사고,0,0,2,1,차대차 - 기타,교차로운행방법위반,건조,맑음,교차로 - 교차로부근,승용,여,26세,부상신고,승용,남,61세,경상
2021103100100234,2021년 10월 31일 15시,일요일,부산광역시 동래구 명륜동,중상사고,0,1,0,0,차량단독 - 공작물충돌,안전운전불이행,건조,맑음,단일로 - 기타,이륜,남,52세,중상,,,,
2021103100100267,2021년 10월 31일 16시,일요일,부산광역시 수영구 남천동,중상사고,0,1,0,0,차대사람 - 차도통행중,안전운전불이행,건조,맑음,단일로 - 기타,승용,남,69세,상해없음,보행자,여,72세,중상
2021103100100268,2021년 10월 31일 16시,일요일,부산광역시 동래구 명장동,중상사고,0,1,0,0,차대차 - 측면충돌,중앙선침범,건조,맑음,단일로 - 기타,승용,여,39세,기타불명,승용,남,61세,중상
2021103100100270,2021년 10월 31일 16시,일요일,부산광역시 부산진구 양정동,경상사고,0,0,1,0,차대차 - 측면충돌,중앙선침범,건조,맑음,기타 - 기타,승용,남,55세,상해없음,이륜,남,31세,경상
2021103100100271,2021년 10월 31일 16시,일요일,부산광역시 사하구 신평동,경상사고,0,0,1,0,차대차 - 추돌,안전운전불이행,건조,맑음,교차로 - 교차로부근,승용,남,43세,상해없음,원동기,남,21세,경상
2021103100100272,2021년 10월 31일 16시,일요일,부산광역시 기장군 장안읍,경상사고,0,0,2,1,차대차 - 추돌,안전운전불이행,건조,맑음,단일로 - 교량,화물,남,66세,상해없음,승용,남,41세,경상
2021103100100273,2021년 10월 31일 16시,일요일,부산광역시 기장군 일광면,경상사고,0,0,2,0,차대차 - 추돌,안전운전불이행,건조,맑음,단일로 - 기타,승용,남,54세,상해없음,승용,남,23세,경상
2021103100100339,2021년 10월 31일 18시,일요일,부산광역시 남구 대연동,경상사고,0,0,2,0,차대차 - 기타,안전운전불이행,건조,맑음,단일로 - 기타,승용,남,23세,상해없음,승용,남,33세,경상
2021103100100340,2021년 10월 31일 18시,일요일,부산광역시 해운대구 우동,경상사고,0,0,1,0,차대사람 - 횡단중,신호위반,건조,맑음,단일로 - 기타,승용,남,58세,상해없음,보행자,여,23세,경상
2021103100100341,2021년 10월 31일 18시,일요일,부산광역시 부산진구 가야동,경상사고,0,0,1,0,차대차 - 측면충돌,신호위반,건조,맑음,교차로 - 교차로안,이륜,남,20세,기타불명,승용,남,32세,경상
2021103100100342,2021년 10월 31일 18시,일요일,부산광역시 연제구 연산동,중상사고,0,1,0,0,차대사람 - 기타,안전운전불이행,건조,맑음,교차로 - 교차로부근,승용,남,59세,상해없음,보행자,여,71세,중상
2021103100100387,2021년 10월 31일 19시,일요일,부산광역시 강서구 명지동,경상사고,0,0,1,0,차대차 - 측면충돌,안전운전불이행,건조,맑음,교차로 - 교차로안,승용,남,41세,상해없음,이륜,남,44세,경상
2021103100100388,2021년 10월 31일 19시,일요일,부산광역시 기장군 철마면,경상사고,0,0,1,0,차대차 - 기타,안전운전불이행,건조,맑음,단일로 - 기타,승용,남,19세,상해없음,승용,남,74세,경상
2021103100100389,2021년 10월 31일 19시,일요일,부산광역시 강서구 대저1동,경상사고,0,0,4,0,차대차 - 기타,안전거리미확보,건조,맑음,단일로 - 기타,승용,여,64세,상해없음,승용,남,45세,경상
2021103100100468,2021년 10월 31일 22시,일요일,부산광역시 영도구 동삼동,경상사고,0,0,1,0,차대차 - 추돌,안전운전불이행,건조,맑음,단일로 - 기타,승용,남,49세,상해없음,승용,남,45세,경상
2021103100100487,2021년 10월 31일 23시,일요일,부산광역시 부산진구 부전동,경상사고,0,0,1,0,차대차 - 정면충돌,신호위반,건조,맑음,교차로 - 교차로안,승용,남,67세,상해없음,이륜,남,22세,경상
2021110100100003,2021년 11월 1일 00시,월요일,부산광역시 해운대구 좌동,경상사고,0,0,1,0,차대사람 - 보도통행중,기타,건조,맑음,교차로 - 교차로부근,이륜,남,59세,상해없음,보행자,남,21세,경상
2021110100100019,2021년 11월 1일 02시,월요일,부산광역시 수영구 광안동,중상사고,0,1,0,0,차대차 - 측면충돌,중앙선침범,건조,맑음,단일로 - 기타,승용,남,58세,상해없음,이륜,남,41세,중상
2021110100100032,2021년 11월 1일 05시,월요일,부산광역시 금정구 구서동,부상신고사고,0,0,0,1,차대차 - 추돌,안전운전불이행,건조,맑음,단일로 - 기타,승용,남,31세,상해없음,승용,남,72세,부상신고
2021110100100040,2021년 11월 1일 06시,월요일,부산광역시 기장군 기장읍,경상사고,0,0,1,0,차대차 - 기타,신호위반,건조,맑음,교차로 - 교차로안,승용,여,52세,상해없음,승용,여,33세,경상
2021110100100051,2021년 11월 1일 07시,월요일,부산광역시 강서구 범방동,경상사고,0,0,1,0,차대차 - 기타,중앙선침범,건조,맑음,단일로 - 기타,승용,남,71세,상해없음,승용,남,58세,경상
2021110100100083,2021년 11월 1일 08시,월요일,부산광역시 서구 암남동,사망사고,1,0,0,0,차대차 - 측면충돌,신호위반,건조,맑음,교차로 - 교차로부근,이륜,남,75세,사망,승용,남,64세,상해없음
2021110100100084,2021년 11월 1일 08시,월요일,부산광역시 해운대구 우동,중상사고,0,1,0,0,차대차 - 기타,직진우회전진행방해,건조,맑음,교차로 - 교차로안,승용,여,60세,상해없음,개인형이동수단(PM),남,46세,중상
2021110100100085,2021년 11월 1일 08시,월요일,부산광역시 부산진구 전포동,경상사고,0,0,1,0,차대사람 - 길가장자리구역통행중,기타,건조,맑음,기타 - 기타,승용,남,72세,상해없음,보행자,남,11세,경상
2021110100100086,2021년 11월 1일 08시,월요일,부산광역시 금정구 구서동,사망사고,1,1,0,0,차대차 - 기타,기타,건조,맑음,단일로 - 기타,이륜,남,17세,중상,승용,남,66세,상해없음
2021110100100087,2021년 11월 1일 08시,월요일,부산광역시 강서구 천성동,사망사고,1,0,0,0,차량단독 - 기타,안전운전불이행,건조,맑음,교차로 - 교차로부근,승용,남,61세,사망,,,,
2021110100100123,2021년 11월 1일 09시,월요일,부산광역시 사상구 주례동,경상사고,0,0,1,0,차대차 - 측면충돌,안전운전불이행,건조,맑음,단일로 - 기타,승용,남,18세,기타불명,승용,여,40세,경상
2021110100100149,2021년 11월 1일 10시,월요일,부산광역시 강서구 명지동,부상신고사고,0,0,0,1,차대차 - 측면충돌,안전거리미확보,건조,맑음,단일로 - 기타,승용,남,68세,상해없음,화물,남,53세,상해없음
2021110100100187,2021년 11월 1일 11시,월요일,부산광역시 수영구 광안동,중상사고,0,1,0,0,차대사람 - 길가장자리구역통행중,안전운전불이행,건조,맑음,기타 - 기타,승용,남,76세,상해없음,보행자,여,84세,중상
2021110100100188,2021년 11월 1일 11시,월요일,부산광역시 강서구 대저1동,경상사고,0,0,1,0,차대차 - 추돌,신호위반,건조,맑음,교차로 - 교차로부근,화물,남,50세,상해없음,승용,남,35세,경상
2021110100100220,2021년 11월 1일 12시,월요일,부산광역시 동래구 안락동,중상사고,0,1,0,0,차대차 - 기타,중앙선침범,건조,맑음,단일로 - 기타,승용,남,70세,상해없음,승용,남,28세,중상
2021110100100221,2021년 11월 1일 12시,월요일,부산광역시 부산진구 부전동,경상사고,0,0,1,0,차대사람 - 기타,안전운전불이행,건조,맑음,단일로 - 기타,승용,남,58세,상해없음,보행자,남,21세,경상
2021110100100222,2021년 11월 1일 12시,월요일,부산광역시 금정구 금사동,경상사고,0,0,2,0,차대차 - 측면충돌,교차로운행방법위반,건조,맑음,교차로 - 교차로안,승용,여,55세,경상,승용,남,67세,경상
2021110100100223,2021년 11월 1일 12시,월요일,부산광역시 사하구 하단동,경상사고,0,0,2,0,차대차 - 측면충돌,안전거리미확보,건조,맑음,교차로 - 교차로부근,승용,남,69세,상해없음,화물,남,64세,경상
2021110100100281,2021년 11월 1일 14시,월요일,부산광역시 부산진구 양정동,중상사고,0,3,0,0,차대차 - 추돌,신호위반,건조,맑음,교차로 - 교차로안,승합,남,56세,상해없음,이륜,여,57세,중상
2021110100100324,2021년 11월 1일 15시,월요일,부산광역시 영도구 영선동2가,경상사고,0,0,1,0,차대사람 - 기타,안전운전불이행,건조,맑음,단일로 - 기타,승용,남,27세,상해없음,보행자,남,26세,경상
2021110100100325,2021년 11월 1일 15시,월요일,부산광역시 부산진구 가야동,경상사고,0,0,2,0,차대차 - 기타,안전거리미확보,건조,기타,단일로 - 기타,승용,여,29세,경상,승합,남,60세,경상
2021110100100363,2021년 11월 1일 16시,월요일,부산광역시 수영구 남천동,경상사고,0,0,1,0,차대차 - 기타,기타,건조,맑음,단일로 - 기타,승용,남,71세,상해없음,자전거,남,61세,경상
2021110100100364,2021년 11월 1일 16시,월요일,부산광역시 남구 용당동,경상사고,0,0,2,0,차대차 - 추돌,안전운전불이행,건조,맑음,단일로 - 기타,화물,여,61세,기타불명,승용,여,41세,경상
2021110100100365,2021년 11월 1일 16시,월요일,부산광역시 영도구 봉래동2가,경상사고,0,0,1,0,차대차 - 기타,안전거리미확보,건조,맑음,단일로 - 교량,승용,남,49세,상해없음,승용,남,48세,경상
2021110100100366,2021년 11월 1일 16시,월요일,부산광역시 금정구 구서동,부상신고사고,0,0,0,1,차대차 - 기타,안전운전불이행,건조,맑음,단일로 - 기타,자전거,남,70세,부상신고,승용,남,36세,상해없음
2021110100100367,2021년 11월 1일 16시,월요일,부산광역시 연제구 연산동,부상신고사고,0,0,0,1,차대차 - 정면충돌,안전운전불이행,건조,맑음,단일로 - 기타,자전거,남,64세,상해없음,자전거,남,74세,부상신고
2021110100100406,2021년 11월 1일 17시,월요일,부산광역시 서구 아미동1가,경상사고,0,0,1,0,차대차 - 추돌,안전운전불이행,건조,맑음,교차로 - 교차로부근,승용,남,67세,상해없음,승용,남,35세,경상
2021110100100407,2021년 11월 1일 17시,월요일,부산광역시 북구 화명동,경상사고,0,0,1,0,차대차 - 기타,안전운전불이행,건조,맑음,교차로 - 교차로안,승용,남,57세,상해없음,승용,여,53세,경상
2021110100100408,2021년 11월 1일 17시,월요일,부산광역시 부산진구 당감동,중상사고,0,1,0,0,차대사람 - 기타,안전운전불이행,건조,맑음,교차로 - 교차로안,승용,남,52세,상해없음,보행자,남,18세,중상
2021110100100409,2021년 11월 1일 17시,월요일,부산광역시 부산진구 범전동,경상사고,0,0,1,0,차대차 - 측면충돌,신호위반,건조,맑음,교차로 - 교차로안,승용,여,54세,상해없음,이륜,남,21세,경상
2021110100100456,2021년 11월 1일 18시,월요일,부산광역시 남구 용호동,중상사고,0,1,0,0,차대차 - 정면충돌,직진우회전진행방해,건조,맑음,교차로 - 교차로안,승용,남,47세,상해없음,이륜,남,22세,중상
2021110100100457,2021년 11월 1일 18시,월요일,부산광역시 남구 감만동,중상사고,0,1,0,0,차대차 - 측면충돌,안전운전불이행,건조,맑음,단일로 - 기타,화물,남,65세,상해없음,이륜,남,23세,중상
2021110100100458,2021년 11월 1일 18시,월요일,부산광역시 동래구 명장동,경상사고,0,0,1,0,차대차 - 측면충돌,교차로운행방법위반,건조,맑음,교차로 - 교차로안,승용,남,68세,상해없음,승용,여,52세,경상
2021110100100512,2021년 11월 1일 19시,월요일,부산광역시 부산진구 당감동,중상사고,0,1,0,0,차대사람 - 차도통행중,중앙선침범,건조,맑음,교차로 - 교차로부근,개인형이동수단(PM),남,15세,상해없음,보행자,여,71세,중상
2021110100100513,2021년 11월 1일 19시,월요일,부산광역시 부산진구 범천동,경상사고,0,0,1,0,차대차 - 기타,안전운전불이행,건조,맑음,교차로 - 교차로횡단보도내,승용,남,67세,상해없음,이륜,남,28세,경상
2021110100100514,2021년 11월 1일 19시,월요일,부산광역시 사상구 감전동,경상사고,0,0,1,0,차대차 - 측면충돌,차로위반,건조,맑음,단일로 - 기타,화물,남,71세,상해없음,승용,여,49세,경상
2021110100100540,2021년 11월 1일 20시,월요일,부산광역시 해운대구 재송동,중상사고,0,1,0,0,차대차 - 측면충돌,교차로운행방법위반,건조,맑음,교차로 - 교차로안,이륜,남,23세,상해없음,이륜,남,40세,중상
2021110100100563,2021년 11월 1일 21시,월요일,부산광역시 동구 범일동,경상사고,0,0,1,0,차대사람 - 기타,안전운전불이행,건조,맑음,기타 - 기타,승용,남,63세,상해없음,보행자,남,59세,경상
2021110100100564,2021년 11월 1일 21시,월요일,부산광역시 사하구 괴정동,경상사고,0,0,2,0,차대차 - 기타,안전거리미확보,건조,맑음,기타 - 기타,승용,여,32세,상해없음,승용,남,28세,경상
2021110100100603,2021년 11월 1일 23시,월요일,부산광역시 사하구 장림동,중상사고,0,1,0,0,차대사람 - 횡단중,기타,건조,맑음,교차로 - 교차로횡단보도내,승용,남,66세,상해없음,보행자,여,19세,중상
2021110100100604,2021년 11월 1일 23시,월요일,부산광역시 사상구 괘법동,경상사고,0,0,1,0,차대사람 - 차도통행중,안전운전불이행,건조,맑음,교차로 - 교차로안,승용,남,53세,상해없음,보행자,남,64세,경상
2021110200100019,2021년 11월 2일 01시,화요일,부산광역시 해운대구 우동,경상사고,0,0,1,0,차대차 - 추돌,안전운전불이행,건조,맑음,단일로 - 기타,승용,남,65세,상해없음,승용,여,55세,경상
2021110200100054,2021년 11월 2일 06시,화요일,부산광역시 금정구 남산동,중상사고,0,1,0,0,차대사람 - 차도통행중,안전운전불이행,건조,맑음,단일로 - 기타,승용,남,64세,상해없음,보행자,여,79세,중상
2021110200100071,2021년 11월 2일 07시,화요일,부산광역시 수영구 망미동,경상사고,0,0,1,0,차대차 - 추돌,안전운전불이행,건조,맑음,교차로 - 교차로부근,승용,남,62세,상해없음,승용,남,46세,경상
2021110200100089,2021년 11월 2일 08시,화요일,부산광역시 동래구 명장동,경상사고,0,0,1,0,차대사람 - 기타,안전운전불이행,건조,맑음,단일로 - 기타,기타불명,기타불명,미분류,기타불명,보행자,남,5세,경상
2021110200100090,2021년 11월 2일 08시,화요일,부산광역시 수영구 망미동,중상사고,0,1,0,0,차대차 - 측면충돌,직진우회전진행방해,건조,맑음,교차로 - 교차로안,승용,여,62세,상해없음,이륜,남,37세,중상
2021110200100091,2021년 11월 2일 08시,화요일,부산광역시 연제구 연산동,경상사고,0,0,1,0,차대사람 - 횡단중,보행자보호의무위반,건조,맑음,교차로 - 교차로횡단보도내,화물,남,44세,상해없음,보행자,여,32세,경상
2021110200100134,2021년 11월 2일 09시,화요일,부산광역시 수영구 민락동,경상사고,0,0,1,0,차대차 - 기타,신호위반,건조,맑음,교차로 - 교차로부근,승용,남,30세,상해없음,자전거,여,25세,경상
2021110200100165,2021년 11월 2일 10시,화요일,부산광역시 연제구 거제동,중상사고,0,1,0,0,차대차 - 측면충돌,안전거리미확보,건조,맑음,단일로 - 기타,화물,남,77세,상해없음,이륜,남,20세,중상
2021110200100166,2021년 11월 2일 10시,화요일,부산광역시 기장군 정관읍,중상사고,0,1,0,0,차대사람 - 차도통행중,안전운전불이행,건조,맑음,단일로 - 기타,승용,여,46세,상해없음,보행자,여,55세,중상
2021110200100195,2021년 11월 2일 11시,화요일,부산광역시 사하구 다대동,경상사고,0,0,1,0,차대사람 - 길가장자리구역통행중,안전운전불이행,건조,맑음,단일로 - 기타,승용,남,68세,상해없음,보행자,남,61세,경상
2021110200100260,2021년 11월 2일 13시,화요일,부산광역시 연제구 연산동,중상사고,0,1,0,0,차대차 - 기타,교차로운행방법위반,건조,맑음,교차로 - 교차로부근,승용,남,74세,상해없음,자전거,여,55세,중상
2021110200100295,2021년 11월 2일 14시,화요일,부산광역시 부산진구 부암동,경상사고,0,0,1,0,차대차 - 기타,안전운전불이행,건조,맑음,기타 - 기타,승용,남,41세,상해없음,화물,남,37세,경상
2021110200100328,2021년 11월 2일 15시,화요일,부산광역시 부산진구 가야동,경상사고,0,0,1,0,차대차 - 측면충돌,신호위반,건조,맑음,교차로 - 교차로안,승용,남,78세,상해없음,승용,남,73세,경상
2021110200100356,2021년 11월 2일 16시,화요일,부산광역시 동구 초량동,경상사고,0,0,1,0,차대차 - 측면충돌,안전운전불이행,건조,맑음,단일로 - 기타,승합,남,35세,상해없음,승용,여,41세,경상
2021110200100357,2021년 11월 2일 16시,화요일,부산광역시 수영구 광안동,경상사고,0,0,1,0,차대차 - 기타,안전운전불이행,건조,맑음,단일로 - 기타,승용,남,60세,상해없음,승합,남,61세,경상
2021110200100358,2021년 11월 2일 16시,화요일,부산광역시 동래구 온천동,부상신고사고,0,0,0,1,차대사람 - 기타,기타,건조,맑음,기타 - 기타,자전거,기타불명,미분류,기타불명,보행자,남,58세,부상신고
2021110200100359,2021년 11월 2일 16시,화요일,부산광역시 동래구 사직동,경상사고,0,0,1,0,차대차 - 측면충돌,안전운전불이행,건조,맑음,단일로 - 기타,승용,여,42세,상해없음,자전거,남,38세,경상
2021110200100360,2021년 11월 2일 16시,화요일,부산광역시 사하구 하단동,중상사고,0,1,0,0,차대차 - 측면충돌,안전운전불이행,건조,맑음,교차로 - 교차로횡단보도내,승용,남,79세,상해없음,개인형이동수단(PM),여,32세,중상
2021110200100361,2021년 11월 2일 16시,화요일,부산광역시 강서구 송정동,중상사고,0,1,0,0,차대차 - 기타,안전운전불이행,건조,맑음,교차로 - 교차로안,특수,남,43세,상해없음,자전거,남,30세,중상
2021110200100362,2021년 11월 2일 16시,화요일,부산광역시 사상구 학장동,중상사고,0,1,0,0,차량단독 - 기타,안전운전불이행,건조,맑음,단일로 - 기타,승합,남,61세,기타불명,,,,
2021110200100396,2021년 11월 2일 17시,화요일,부산광역시 동래구 명장동,경상사고,0,0,1,0,차대사람 - 보도통행중,안전운전불이행,건조,맑음,교차로 - 교차로안,승용,남,42세,상해없음,보행자,여,47세,경상
2021110200100397,2021년 11월 2일 17시,화요일,부산광역시 사하구 장림동,경상사고,0,0,1,0,차대차 - 측면충돌,신호위반,건조,맑음,교차로 - 교차로부근,승용,남,60세,상해없음,이륜,남,17세,경상
2021110200100398,2021년 11월 2일 17시,화요일,부산광역시 연제구 거제동,경상사고,0,0,2,0,차대차 - 측면충돌,안전거리미확보,건조,맑음,단일로 - 기타,화물,남,28세,상해없음,승합,남,30세,상해없음