사고번호,사고일시,요일,시군구,사고내용,사망자수,중상자수,경상자수,부상신고자수,사고유형,법규위반,노면상태,기상상태,도로형태,가해운전자 차종,가해운전자 성별,가해운전자 연령,가해운전자 상해정도,피해운전자 차종,피해운전자 성별,피해운전자 연령,피해운전자 상해정도
2021112800100412,2021년 11월 28일 20시,일요일,부산광역시 영도구 청학동,경상사고,0,0,2,0,차대차 - 추돌,교차로운행방법위반,건조,맑음,교차로 - 교차로안,승용,남,59세,상해없음,승용,남,27세,경상
2021112800100441,2021년 11월 28일 21시,일요일,부산광역시 사하구 괴정동,경상사고,0,0,1,0,차대사람 - 횡단중,신호위반,건조,맑음,단일로 - 기타,승용,남,75세,상해없음,보행자,남,45세,경상
2021112800100460,2021년 11월 28일 22시,일요일,부산광역시 중구 중앙동4가,부상신고사고,0,0,0,1,차량단독 - 공작물충돌,안전운전불이행,건조,맑음,단일로 - 지하차도(도로)내,이륜,남,34세,부상신고,,,,
2021112800100461,2021년 11월 28일 22시,일요일,부산광역시 동구 초량동,경상사고,0,0,1,0,차대차 - 측면충돌,신호위반,건조,맑음,교차로 - 교차로안,원동기,남,18세,경상,승용,남,64세,상해없음
2021112800100462,2021년 11월 28일 22시,일요일,부산광역시 사상구 감전동,중상사고,0,1,0,0,차대차 - 추돌,안전운전불이행,건조,맑음,교차로 - 교차로부근,승용,남,48세,상해없음,승용,남,41세,중상
2021112900100031,2021년 11월 29일 06시,월요일,부산광역시 남구 문현동,경상사고,0,0,1,0,차대사람 - 기타,안전운전불이행,건조,맑음,교차로 - 교차로부근,승용,남,27세,상해없음,보행자,남,51세,경상
2021112900100061,2021년 11월 29일 07시,월요일,부산광역시 해운대구 반여동,중상사고,0,1,0,0,차량단독 - 기타,안전운전불이행,건조,맑음,단일로 - 기타,승합,남,43세,상해없음,,,,
2021112900100097,2021년 11월 29일 08시,월요일,부산광역시 동래구 온천동,경상사고,0,0,1,0,차대사람 - 횡단중,보행자보호의무위반,건조,맑음,단일로 - 기타,승용,남,48세,상해없음,보행자,남,29세,경상
2021112900100098,2021년 11월 29일 08시,월요일,부산광역시 해운대구 송정동,경상사고,0,0,1,0,차대차 - 후진중충돌,안전운전불이행,건조,맑음,기타 - 기타,승용,남,65세,상해없음,승용,남,26세,경상
2021112900100099,2021년 11월 29일 08시,월요일,부산광역시 해운대구 우동,중상사고,0,1,0,0,차대사람 - 횡단중,보행자보호의무위반,건조,맑음,단일로 - 기타,승용,남,53세,상해없음,보행자,남,57세,중상
2021112900100100,2021년 11월 29일 08시,월요일,부산광역시 부산진구 부암동,경상사고,0,0,2,0,차대차 - 측면충돌,직진우회전진행방해,건조,맑음,교차로 - 교차로부근,화물,남,67세,상해없음,승합,남,52세,경상
2021112900100101,2021년 11월 29일 08시,월요일,부산광역시 부산진구 부전동,경상사고,0,0,1,0,차대사람 - 차도통행중,안전운전불이행,건조,맑음,교차로 - 교차로안,승용,남,39세,상해없음,보행자,남,69세,경상
2021112900100151,2021년 11월 29일 09시,월요일,부산광역시 서구 동대신동2가,중상사고,0,1,0,0,차량단독 - 기타,기타,건조,맑음,단일로 - 기타,승용,남,63세,상해없음,,,,
2021112900100152,2021년 11월 29일 09시,월요일,부산광역시 사하구 장림동,부상신고사고,0,0,0,1,차대사람 - 보도통행중,안전운전불이행,건조,맑음,기타 - 기타,승용,여,72세,상해없음,보행자,여,32세,부상신고
2021112900100172,2021년 11월 29일 10시,월요일,부산광역시 중구 영주동,경상사고,0,0,1,0,차대사람 - 횡단중,안전운전불이행,건조,맑음,단일로 - 기타,승용,남,32세,상해없음,보행자,여,69세,경상
2021112900100173,2021년 11월 29일 10시,월요일,부산광역시 사하구 장림동,중상사고,0,1,0,0,차대사람 - 기타,중앙선침범,건조,맑음,교차로 - 교차로안,화물,남,60세,상해없음,보행자,여,65세,중상
2021112900100201,2021년 11월 29일 11시,월요일,부산광역시 부산진구 부암동,경상사고,0,0,2,1,차대차 - 측면충돌,안전운전불이행,건조,맑음,교차로 - 교차로안,화물,남,61세,부상신고,승용,여,49세,경상
2021112900100202,2021년 11월 29일 11시,월요일,부산광역시 수영구 망미동,경상사고,0,0,1,0,차대차 - 측면충돌,신호위반,건조,맑음,교차로 - 교차로부근,승용,남,66세,상해없음,자전거,남,64세,경상
2021112900100261,2021년 11월 29일 13시,월요일,부산광역시 해운대구 재송동,경상사고,0,0,3,0,차대차 - 기타,안전운전불이행,건조,맑음,교차로 - 교차로부근,승용,여,62세,상해없음,승용,남,35세,경상
2021112900100262,2021년 11월 29일 13시,월요일,부산광역시 부산진구 양정동,경상사고,0,0,1,0,차대차 - 측면충돌,교차로운행방법위반,건조,맑음,교차로 - 교차로안,원동기,남,62세,경상,승용,여,24세,상해없음
2021112900100297,2021년 11월 29일 14시,월요일,부산광역시 남구 용당동,중상사고,0,1,0,0,차대사람 - 기타,안전운전불이행,건조,맑음,단일로 - 기타,승용,여,61세,상해없음,보행자,남,82세,중상
2021112900100298,2021년 11월 29일 14시,월요일,부산광역시 금정구 금사동,중상사고,0,1,0,0,차대차 - 정면충돌,불법유턴,건조,맑음,단일로 - 기타,승용,남,42세,상해없음,이륜,남,71세,중상
2021112900100299,2021년 11월 29일 14시,월요일,부산광역시 기장군 정관읍,경상사고,0,0,1,0,차대차 - 기타,안전운전불이행,건조,맑음,단일로 - 기타,승용,여,42세,상해없음,승용,남,29세,경상
2021112900100347,2021년 11월 29일 15시,월요일,부산광역시 동구 초량동,경상사고,0,0,1,0,차대차 - 측면충돌,안전거리미확보,건조,맑음,단일로 - 기타,화물,남,60세,상해없음,승용,남,39세,경상
2021112900100349,2021년 11월 29일 15시,월요일,부산광역시 해운대구 재송동,중상사고,0,1,0,0,차대사람 - 횡단중,신호위반,건조,맑음,교차로 - 교차로횡단보도내,승용,남,46세,상해없음,보행자,남,9세,중상
2021112900100391,2021년 11월 29일 16시,월요일,부산광역시 사하구 하단동,경상사고,0,0,1,0,차대사람 - 기타,안전운전불이행,건조,맑음,단일로 - 기타,화물,남,53세,상해없음,보행자,남,5세,경상
2021112900100428,2021년 11월 29일 17시,월요일,부산광역시 북구 구포동,경상사고,0,0,1,0,차량단독 - 기타,안전운전불이행,건조,맑음,단일로 - 기타,승합,남,48세,상해없음,,,,
2021112900100429,2021년 11월 29일 17시,월요일,부산광역시 해운대구 재송동,중상사고,0,3,5,1,차대차 - 추돌,안전운전불이행,건조,맑음,단일로 - 기타,승용,남,31세,상해없음,승합,남,61세,부상신고
2021112900100430,2021년 11월 29일 17시,월요일,부산광역시 금정구 장전동,경상사고,0,0,1,0,차대사람 - 기타,교차로운행방법위반,건조,맑음,교차로 - 교차로안,승용,여,33세,상해없음,보행자,여,63세,경상
2021112900100431,2021년 11월 29일 17시,월요일,부산광역시 금정구 부곡동,중상사고,0,1,1,2,차대차 - 추돌,안전거리미확보,건조,맑음,단일로 - 터널,승합,남,31세,상해없음,화물,남,25세,부상신고
2021112900100484,2021년 11월 29일 18시,월요일,부산광역시 중구 중앙동4가,경상사고,0,0,1,0,차대사람 - 길가장자리구역통행중,교차로운행방법위반,건조,맑음,교차로 - 교차로부근,화물,남,61세,상해없음,보행자,남,19세,경상
2021112900100485,2021년 11월 29일 18시,월요일,부산광역시 남구 대연동,경상사고,0,0,1,0,차대차 - 측면충돌,안전거리미확보,건조,맑음,단일로 - 기타,이륜,남,48세,상해없음,승용,남,48세,경상
2021112900100486,2021년 11월 29일 18시,월요일,부산광역시 부산진구 부전동,중상사고,0,1,0,0,차대차 - 정면충돌,신호위반,건조,맑음,교차로 - 교차로안,승용,여,53세,기타불명,승용,남,28세,중상
2021112900100532,2021년 11월 29일 19시,월요일,부산광역시 중구 동광동5가,경상사고,0,0,1,0,차대차 - 측면충돌,안전운전불이행,건조,맑음,교차로 - 교차로안,승용,남,27세,상해없음,이륜,남,20세,경상
2021112900100533,2021년 11월 29일 19시,월요일,부산광역시 사상구 감전동,중상사고,0,1,0,0,차대사람 - 횡단중,안전운전불이행,건조,맑음,교차로 - 교차로횡단보도내,승용,여,63세,상해없음,보행자,남,71세,중상
2021112900100587,2021년 11월 29일 21시,월요일,부산광역시 중구 남포동5가,경상사고,0,0,2,0,차대차 - 측면충돌,안전운전불이행,건조,맑음,단일로 - 지하차도(도로)내,화물,남,51세,경상,승용,남,61세,경상
2021112900100588,2021년 11월 29일 21시,월요일,부산광역시 수영구 광안동,부상신고사고,0,0,0,1,차량단독 - 공작물충돌,안전운전불이행,건조,맑음,단일로 - 기타,이륜,남,18세,상해없음,,,,
2021112900100589,2021년 11월 29일 21시,월요일,부산광역시 부산진구 부암동,경상사고,0,0,1,0,차대차 - 기타,안전운전불이행,건조,맑음,단일로 - 고가도로위,승용,남,61세,경상,승용,남,55세,상해없음
2021112900100616,2021년 11월 29일 22시,월요일,부산광역시 동래구 온천동,경상사고,0,0,1,0,차대차 - 후진중충돌,안전운전불이행,건조,맑음,단일로 - 기타,승용,남,63세,상해없음,이륜,여,38세,경상
2021112900100617,2021년 11월 29일 22시,월요일,부산광역시 부산진구 개금동,중상사고,0,1,0,0,차대차 - 측면충돌,중앙선침범,건조,맑음,교차로 - 교차로부근,이륜,남,65세,중상,승용,남,71세,상해없음
2021112900100618,2021년 11월 29일 22시,월요일,부산광역시 부산진구 전포동,경상사고,0,0,1,0,차대사람 - 기타,안전운전불이행,건조,맑음,단일로 - 기타,승용,남,59세,상해없음,보행자,여,21세,경상
2021112900100619,2021년 11월 29일 22시,월요일,부산광역시 사하구 다대동,중상사고,0,1,0,0,차대사람 - 기타,안전운전불이행,건조,맑음,교차로 - 교차로부근,승합,남,55세,상해없음,보행자,남,62세,중상
2021112900100630,2021년 11월 29일 23시,월요일,부산광역시 부산진구 당감동,경상사고,0,0,2,0,차대차 - 측면충돌,안전운전불이행,건조,맑음,기타 - 기타,특수,남,48세,상해없음,승용,남,59세,경상
2021112900100631,2021년 11월 29일 23시,월요일,부산광역시 사상구 엄궁동,경상사고,0,0,1,0,차대사람 - 횡단중,안전운전불이행,건조,맑음,교차로 - 교차로안,화물,여,66세,상해없음,보행자,여,59세,경상
2021113000100002,2021년 11월 30일 00시,화요일,부산광역시 중구 중앙동5가,경상사고,0,0,1,0,차대차 - 추돌,안전운전불이행,건조,맑음,단일로 - 기타,승용,남,29세,상해없음,승용,여,33세,경상
2021113000100003,2021년 11월 30일 00시,화요일,부산광역시 수영구 광안동,중상사고,0,1,1,0,차대차 - 기타,안전운전불이행,건조,맑음,교차로 - 교차로부근,원동기,남,36세,상해없음,승용,남,69세,상해없음
2021113000100040,2021년 11월 30일 06시,화요일,부산광역시 서구 충무동1가,경상사고,0,0,1,0,차대사람 - 기타,안전운전불이행,건조,맑음,교차로 - 교차로부근,승용,남,56세,상해없음,보행자,여,68세,경상
2021113000100041,2021년 11월 30일 06시,화요일,부산광역시 사상구 감전동,경상사고,0,0,1,0,차대차 - 측면충돌,신호위반,건조,맑음,교차로 - 교차로안,화물,남,56세,상해없음,승용,남,39세,경상
2021113000100081,2021년 11월 30일 07시,화요일,부산광역시 부산진구 가야동,부상신고사고,0,0,0,1,차대차 - 측면충돌,신호위반,건조,기타,교차로 - 교차로안,승용,남,33세,부상신고,승합,남,62세,상해없음
2021113000100082,2021년 11월 30일 07시,화요일,부산광역시 강서구 구랑동,경상사고,0,0,2,0,차대차 - 추돌,안전운전불이행,젖음/습기,안개,단일로 - 기타,승용,남,36세,경상,승용,남,28세,경상
2021113000100113,2021년 11월 30일 08시,화요일,부산광역시 동구 수정동,중상사고,0,1,0,0,차대사람 - 차도통행중,안전운전불이행,젖음/습기,비,단일로 - 기타,승용,남,51세,상해없음,보행자,남,75세,중상
2021113000100114,2021년 11월 30일 08시,화요일,부산광역시 동래구 사직동,중상사고,0,1,0,0,차대사람 - 기타,안전운전불이행,건조,맑음,교차로 - 교차로안,승용,여,50세,상해없음,보행자,여,50세,중상
2021113000100115,2021년 11월 30일 08시,화요일,부산광역시 금정구 장전동,경상사고,0,0,1,0,차대사람 - 횡단중,보행자보호의무위반,젖음/습기,비,단일로 - 기타,승용,남,34세,상해없음,보행자,여,42세,경상
2021113000100116,2021년 11월 30일 08시,화요일,부산광역시 사하구 감천동,중상사고,0,2,6,0,차대차 - 기타,안전운전불이행,젖음/습기,비,교차로 - 교차로안,승용,남,68세,상해없음,승합,남,33세,경상
2021113000100202,2021년 11월 30일 10시,화요일,부산광역시 부산진구 당감동,경상사고,0,0,1,0,차대차 - 추돌,안전거리미확보,건조,맑음,단일로 - 기타,승용,남,55세,상해없음,승용,남,55세,경상
2021113000100203,2021년 11월 30일 10시,화요일,부산광역시 사하구 하단동,경상사고,0,0,1,0,차대차 - 측면충돌,안전운전불이행,건조,맑음,교차로 - 교차로부근,화물,남,50세,상해없음,승용,여,61세,경상
2021113000100204,2021년 11월 30일 10시,화요일,부산광역시 사하구 하단동,경상사고,0,0,1,0,차대사람 - 차도통행중,안전운전불이행,젖음/습기,비,교차로 - 교차로안,승용,남,31세,상해없음,보행자,남,57세,경상
2021113000100268,2021년 11월 30일 12시,화요일,부산광역시 금정구 부곡동,경상사고,0,0,1,0,차대차 - 측면충돌,교차로운행방법위반,젖음/습기,비,교차로 - 교차로안,승용,여,53세,경상,승용,여,58세,상해없음
2021113000100296,2021년 11월 30일 13시,화요일,부산광역시 남구 대연동,경상사고,0,0,1,0,차대차 - 추돌,안전운전불이행,젖음/습기,맑음,단일로 - 터널,승용,남,26세,상해없음,승용,남,28세,경상
2021113000100297,2021년 11월 30일 13시,화요일,부산광역시 부산진구 부전동,중상사고,0,1,0,0,차대차 - 측면충돌,기타,젖음/습기,비,교차로 - 교차로부근,승용,남,72세,상해없음,이륜,남,46세,중상
2021113000100298,2021년 11월 30일 13시,화요일,부산광역시 연제구 연산동,경상사고,0,0,1,0,차대차 - 기타,교차로운행방법위반,젖음/습기,비,교차로 - 교차로안,승용,남,64세,상해없음,승용,남,29세,경상
2021113000100323,2021년 11월 30일 14시,화요일,부산광역시 사하구 괴정동,경상사고,0,0,1,0,차대차 - 기타,교차로운행방법위반,젖음/습기,비,교차로 - 교차로부근,승합,남,58세,기타불명,이륜,남,52세,경상
2021113000100324,2021년 11월 30일 14시,화요일,부산광역시 연제구 연산동,경상사고,0,0,1,0,차대차 - 측면충돌,신호위반,건조,맑음,교차로 - 교차로안,승용,여,43세,상해없음,이륜,남,32세,경상
2021113000100357,2021년 11월 30일 15시,화요일,부산광역시 남구 대연동,중상사고,0,1,0,0,차대차 - 기타,안전운전불이행,젖음/습기,비,교차로 - 교차로안,이륜,남,42세,중상,승용,남,34세,상해없음
2021113000100358,2021년 11월 30일 15시,화요일,부산광역시 수영구 망미동,경상사고,0,0,2,0,차대차 - 추돌,안전운전불이행,젖음/습기,비,단일로 - 기타,화물,남,24세,상해없음,승용,여,50세,경상
2021113000100359,2021년 11월 30일 15시,화요일,부산광역시 수영구 망미동,경상사고,0,0,1,0,차대차 - 기타,기타,건조,맑음,단일로 - 기타,승용,여,37세,상해없음,화물,남,68세,경상
2021113000100360,2021년 11월 30일 15시,화요일,부산광역시 사상구 학장동,경상사고,0,0,1,0,차대차 - 기타,안전운전불이행,건조,맑음,교차로 - 교차로안,승용,여,55세,상해없음,이륜,남,17세,경상
2021113000100384,2021년 11월 30일 16시,화요일,부산광역시 동구 수정동,경상사고,0,0,1,0,차대사람 - 횡단중,보행자보호의무위반,젖음/습기,비,교차로 - 교차로횡단보도내,승합,여,66세,상해없음,보행자,여,15세,경상
2021113000100427,2021년 11월 30일 17시,화요일,부산광역시 연제구 연산동,경상사고,0,0,1,0,차대차 - 추돌,안전운전불이행,젖음/습기,비,단일로 - 기타,승용,남,60세,상해없음,승용,남,38세,경상
2021113000100484,2021년 11월 30일 18시,화요일,부산광역시 동구 초량동,경상사고,0,0,2,0,차대차 - 기타,차로위반,건조,맑음,단일로 - 기타,승용,남,69세,상해없음,승용,남,34세,경상
2021113000100485,2021년 11월 30일 18시,화요일,부산광역시 남구 대연동,경상사고,0,0,1,0,차대차 - 측면충돌,안전거리미확보,건조,맑음,단일로 - 기타,승용,남,40세,상해없음,승용,남,62세,경상
2021113000100486,2021년 11월 30일 18시,화요일,부산광역시 기장군 정관읍,경상사고,0,0,1,0,차대차 - 추돌,안전운전불이행,젖음/습기,흐림,교차로 - 교차로부근,승용,남,45세,상해없음,승용,여,36세,경상
2021113000100541,2021년 11월 30일 19시,화요일,부산광역시 동래구 안락동,중상사고,0,1,0,0,차대사람 - 차도통행중,안전운전불이행,건조,맑음,교차로 - 교차로안,승용,남,33세,상해없음,보행자,남,65세,중상
2021113000100542,2021년 11월 30일 19시,화요일,부산광역시 금정구 장전동,경상사고,0,0,1,0,차대차 - 기타,안전운전불이행,건조,맑음,단일로 - 기타,승용,남,28세,상해없음,승용,남,25세,경상
2021113000100616,2021년 11월 30일 21시,화요일,부산광역시 부산진구 개금동,경상사고,0,0,1,0,차대차 - 측면충돌,안전거리미확보,건조,맑음,교차로 - 교차로부근,승용,남,23세,상해없음,이륜,남,25세,경상
2021120100100031,2021년 12월 1일 03시,수요일,부산광역시 동래구 사직동,경상사고,0,0,3,0,차대차 - 추돌,안전운전불이행,건조,맑음,단일로 - 기타,승용,남,32세,상해없음,승용,남,51세,경상
2021120100100049,2021년 12월 1일 06시,수요일,부산광역시 사하구 신평동,중상사고,0,1,1,0,차대차 - 기타,신호위반,건조,맑음,교차로 - 교차로안,승용,남,60세,경상,승용,남,34세,중상
2021120100100065,2021년 12월 1일 07시,수요일,부산광역시 동구 초량동,경상사고,0,0,1,0,차대차 - 측면충돌,안전운전불이행,건조,맑음,교차로 - 교차로부근,승용,남,59세,상해없음,승용,여,54세,경상
2021120100100066,2021년 12월 1일 07시,수요일,부산광역시 수영구 남천동,경상사고,0,0,1,0,차대차 - 측면충돌,안전운전불이행,건조,맑음,기타 - 기타,승용,남,42세,상해없음,승용,여,49세,경상
2021120100100093,2021년 12월 1일 08시,수요일,부산광역시 연제구 연산동,중상사고,0,1,1,1,차대차 - 추돌,안전거리미확보,건조,맑음,단일로 - 기타,승용,남,42세,부상신고,승용,여,59세,중상
2021120100100133,2021년 12월 1일 09시,수요일,부산광역시 남구 용호동,경상사고,0,0,1,0,차대사람 - 기타,안전운전불이행,건조,맑음,단일로 - 기타,승용,남,71세,상해없음,보행자,여,72세,경상
2021120100100134,2021년 12월 1일 09시,수요일,부산광역시 해운대구 우동,경상사고,0,0,1,0,차대차 - 추돌,안전운전불이행,건조,맑음,단일로 - 기타,승용,여,30세,상해없음,승용,여,46세,경상
2021120100100178,2021년 12월 1일 10시,수요일,부산광역시 기장군 기장읍,경상사고,0,0,3,0,차대차 - 기타,안전운전불이행,건조,맑음,교차로 - 교차로안,화물,남,38세,상해없음,승용,여,33세,경상
2021120100100235,2021년 12월 1일 12시,수요일,부산광역시 부산진구 양정동,경상사고,0,0,2,0,차대차 - 측면충돌,신호위반,건조,맑음,교차로 - 교차로안,원동기,남,49세,경상,승용,남,70세,경상
2021120100100260,2021년 12월 1일 13시,수요일,부산광역시 동구 초량동,경상사고,0,0,1,0,차량단독 - 기타,안전운전불이행,건조,맑음,단일로 - 기타,이륜,남,60세,경상,,,,
2021120100100261,2021년 12월 1일 13시,수요일,부산광역시 영도구 대교동1가,경상사고,0,0,1,0,차대사람 - 횡단중,보행자보호의무위반,건조,맑음,단일로 - 기타,승용,남,58세,상해없음,보행자,여,32세,경상
2021120100100262,2021년 12월 1일 13시,수요일,부산광역시 금정구 노포동,경상사고,0,0,2,0,차대차 - 측면충돌,안전거리미확보,건조,맑음,단일로 - 기타,화물,남,64세,상해없음,승용,남,23세,경상
2021120100100287,2021년 12월 1일 14시,수요일,부산광역시 동구 범일동,경상사고,0,0,1,0,차대차 - 측면충돌,안전운전불이행,건조,맑음,교차로 - 교차로안,승용,남,43세,경상,화물,남,61세,상해없음
2021120100100288,2021년 12월 1일 14시,수요일,부산광역시 영도구 대평동1가,경상사고,0,0,1,0,차대차 - 기타,안전운전불이행,건조,맑음,교차로 - 교차로안,화물,남,55세,상해없음,승용,남,31세,경상
2021120100100289,2021년 12월 1일 14시,수요일,부산광역시 해운대구 반송동,중상사고,0,1,0,0,차대차 - 기타,안전운전불이행,건조,맑음,단일로 - 기타,건설기계,남,37세,상해없음,화물,기타불명,미분류,기타불명
2021120100100290,2021년 12월 1일 14시,수요일,부산광역시 사상구 괘법동,중상사고,0,2,0,0,차대차 - 추돌,안전운전불이행,건조,맑음,단일로 - 지하차도(도로)내,승용,여,35세,중상,승용,여,54세,중상
2021120100100291,2021년 12월 1일 14시,수요일,부산광역시 사상구 삼락동,경상사고,0,0,1,0,차대차 - 추돌,안전거리미확보,건조,맑음,단일로 - 기타,이륜,남,34세,경상,승용,남,51세,기타불명
2021120100100326,2021년 12월 1일 15시,수요일,부산광역시 영도구 봉래동1가,경상사고,0,0,2,1,차대차 - 기타,안전운전불이행,건조,맑음,단일로 - 교량,승용,남,66세,상해없음,승용,남,45세,부상신고
2021120100100393,2021년 12월 1일 17시,수요일,부산광역시 수영구 광안동,경상사고,0,0,2,0,차대차 - 측면충돌,안전운전불이행,건조,맑음,단일로 - 기타,승용,여,40세,상해없음,승용,여,55세,경상
2021120100100394,2021년 12월 1일 17시,수요일,부산광역시 영도구 대교동2가,경상사고,0,0,1,0,차대차 - 측면충돌,안전운전불이행,건조,맑음,단일로 - 기타,승용,남,59세,상해없음,승용,남,26세,경상
2021120100100395,2021년 12월 1일 17시,수요일,부산광역시 연제구 거제동,경상사고,0,0,1,0,차대사람 - 차도통행중,안전운전불이행,건조,맑음,단일로 - 기타,화물,남,41세,상해없음,보행자,남,7세,경상
2021120100100450,2021년 12월 1일 18시,수요일,부산광역시 동구 좌천동,경상사고,0,0,1,0,차대차 - 측면충돌,안전운전불이행,건조,맑음,단일로 - 기타,승용,여,58세,상해없음,승용,남,26세,경상
2021120100100451,2021년 12월 1일 18시,수요일,부산광역시 서구 충무동1가,경상사고,0,0,1,0,차대차 - 측면충돌,신호위반,건조,맑음,교차로 - 교차로안,승용,남,23세,상해없음,승용,남,50세,경상
2021120100100452,2021년 12월 1일 18시,수요일,부산광역시 북구 구포동,경상사고,0,0,1,0,차대차 - 기타,안전운전불이행,건조,맑음,단일로 - 기타,화물,남,73세,상해없음,승용,여,63세,경상
2021120100100453,2021년 12월 1일 18시,수요일,부산광역시 부산진구 부암동,중상사고,0,1,0,0,차대사람 - 차도통행중,안전운전불이행,건조,맑음,단일로 - 기타,승합,남,63세,상해없음,보행자,여,66세,중상
2021120100100454,2021년 12월 1일 18시,수요일,부산광역시 부산진구 부암동,중상사고,0,1,1,0,차대차 - 측면충돌,교차로운행방법위반,건조,맑음,교차로 - 교차로안,승용,남,69세,경상,승용,남,42세,중상
2021120100100455,2021년 12월 1일 18시,수요일,부산광역시 사하구 다대동,부상신고사고,0,0,0,1,차대차 - 기타,안전운전불이행,건조,맑음,교차로 - 교차로부근,승용,남,65세,상해없음,승용,남,43세,부상신고
2021120100100456,2021년 12월 1일 18시,수요일,부산광역시 강서구 명지동,경상사고,0,0,1,0,차대차 - 기타,안전운전불이행,건조,맑음,교차로 - 교차로안,자전거,남,11세,경상,승용,남,37세,상해없음
2021120100100457,2021년 12월 1일 18시,수요일,부산광역시 강서구 명지동,경상사고,0,0,1,0,차대차 - 측면충돌,안전운전불이행,건조,맑음,단일로 - 기타,승용,남,31세,상해없음,이륜,남,38세,경상
2021120100100458,2021년 12월 1일 18시,수요일,부산광역시 기장군 정관읍,경상사고,0,0,1,0,차대차 - 기타,안전운전불이행,건조,맑음,교차로 - 교차로안,이륜,남,56세,상해없음,이륜,남,49세,경상
2021120100100521,2021년 12월 1일 19시,수요일,부산광역시 부산진구 개금동,경상사고,0,0,1,0,차대차 - 추돌,안전운전불이행,건조,맑음,단일로 - 기타,이륜,남,45세,상해없음,승용,남,60세,상해없음
2021120100100522,2021년 12월 1일 19시,수요일,부산광역시 사하구 장림동,경상사고,0,0,1,0,차대차 - 기타,교차로운행방법위반,건조,맑음,교차로 - 교차로부근,화물,남,49세,상해없음,승용,남,24세,경상
2021120100100578,2021년 12월 1일 21시,수요일,부산광역시 북구 덕천동,경상사고,0,0,3,0,차대차 - 측면충돌,안전거리미확보,건조,맑음,단일로 - 기타,승용,여,18세,상해없음,이륜,남,38세,경상
2021120100100579,2021년 12월 1일 21시,수요일,부산광역시 기장군 기장읍,경상사고,0,0,3,0,차대차 - 기타,안전거리미확보,건조,맑음,단일로 - 기타,승용,남,44세,상해없음,승용,여,24세,경상
2021120100100604,2021년 12월 1일 22시,수요일,부산광역시 부산진구 부전동,경상사고,0,0,2,0,차대차 - 측면충돌,신호위반,건조,맑음,교차로 - 교차로안,승용,남,21세,상해없음,승용,여,39세,경상
2021120100100617,2021년 12월 1일 23시,수요일,부산광역시 금정구 두구동,부상신고사고,0,0,0,1,차대차 - 기타,안전운전불이행,건조,맑음,기타 - 기타,기타불명,기타불명,미분류,기타불명,승용,남,33세,부상신고
2021120200100026,2021년 12월 2일 03시,목요일,부산광역시 서구 남부민동,중상사고,0,1,0,0,차대사람 - 차도통행중,안전운전불이행,건조,맑음,기타 - 기타,승용,남,41세,상해없음,보행자,남,35세,중상
2021120200100065,2021년 12월 2일 07시,목요일,부산광역시 남구 대연동,경상사고,0,0,1,0,차대차 - 추돌,안전운전불이행,건조,맑음,교차로 - 교차로부근,승용,남,41세,상해없음,승용,남,39세,경상
2021120200100095,2021년 12월 2일 08시,목요일,부산광역시 부산진구 개금동,경상사고,0,0,1,0,차대차 - 측면충돌,안전거리미확보,건조,맑음,단일로 - 기타,승용,남,79세,상해없음,승용,남,75세,상해없음
2021120200100138,2021년 12월 2일 09시,목요일,부산광역시 기장군 장안읍,경상사고,0,0,2,0,차대차 - 추돌,안전운전불이행,건조,맑음,단일로 - 기타,승용,남,64세,상해없음,화물,남,51세,경상
2021120200100166,2021년 12월 2일 10시,목요일,부산광역시 수영구 남천동,경상사고,0,0,2,0,차대차 - 기타,안전운전불이행,건조,맑음,단일로 - 교량,화물,남,43세,경상,승용,남,60세,경상
2021120200100168,2021년 12월 2일 10시,목요일,부산광역시 기장군 기장읍,경상사고,0,0,1,0,차대차 - 추돌,안전운전불이행,건조,맑음,단일로 - 기타,승용,남,27세,상해없음,승용,여,33세,경상
2021120200100232,2021년 12월 2일 12시,목요일,부산광역시 동구 초량동,부상신고사고,0,0,0,1,차대차 - 기타,안전운전불이행,건조,맑음,교차로 - 교차로안,이륜,남,70세,부상신고,승용,남,64세,상해없음
2021120200100233,2021년 12월 2일 12시,목요일,부산광역시 부산진구 당감동,경상사고,0,0,1,0,차대차 - 측면충돌,안전운전불이행,건조,맑음,단일로 - 기타,승합,남,63세,상해없음,승용,남,46세,경상
2021120200100234,2021년 12월 2일 12시,목요일,부산광역시 연제구 연산동,중상사고,0,1,0,0,차대사람 - 기타,안전운전불이행,건조,맑음,단일로 - 기타,승용,남,65세,상해없음,보행자,여,75세,중상
2021120200100267,2021년 12월 2일 13시,목요일,부산광역시 북구 덕천동,중상사고,0,1,0,0,차대사람 - 길가장자리구역통행중,안전운전불이행,건조,맑음,단일로 - 기타,승용,여,55세,상해없음,보행자,여,61세,중상
2021120200100268,2021년 12월 2일 13시,목요일,부산광역시 수영구 망미동,경상사고,0,0,1,0,차대사람 - 기타,안전운전불이행,건조,맑음,교차로 - 교차로안,이륜,남,48세,상해없음,보행자,여,41세,경상
2021120200100301,2021년 12월 2일 14시,목요일,부산광역시 부산진구 부전동,경상사고,0,0,1,0,차대차 - 기타,교차로운행방법위반,건조,맑음,교차로 - 교차로안,승용,남,47세,상해없음,승용,여,58세,경상