사고번호,사고일시,요일,시군구,사고내용,사망자수,중상자수,경상자수,부상신고자수,사고유형,법규위반,노면상태,기상상태,도로형태,가해운전자 차종,가해운전자 성별,가해운전자 연령,가해운전자 상해정도,피해운전자 차종,피해운전자 성별,피해운전자 연령,피해운전자 상해정도
2021120600100142,2021년 12월 6일 10시,월요일,부산광역시 서구 서대신동2가,경상사고,0,0,1,0,차대사람 - 길가장자리구역통행중,안전운전불이행,건조,맑음,교차로 - 교차로부근,승용,남,20세,상해없음,보행자,여,61세,경상
2021120600100143,2021년 12월 6일 10시,월요일,부산광역시 북구 만덕동,경상사고,0,0,1,0,차대차 - 후진중충돌,안전운전불이행,건조,맑음,교차로 - 교차로부근,승용,남,60세,상해없음,화물,남,41세,경상
2021120600100167,2021년 12월 6일 11시,월요일,부산광역시 동래구 안락동,중상사고,0,1,0,0,차대차 - 기타,안전운전불이행,건조,맑음,단일로 - 기타,승용,남,66세,상해없음,이륜,남,46세,중상
2021120600100168,2021년 12월 6일 11시,월요일,부산광역시 부산진구 부전동,경상사고,0,0,1,0,차대차 - 기타,안전운전불이행,건조,맑음,단일로 - 기타,건설기계,남,65세,상해없음,승용,남,43세,경상
2021120600100238,2021년 12월 6일 13시,월요일,부산광역시 영도구 영선동3가,경상사고,0,0,1,0,차대차 - 기타,안전운전불이행,건조,맑음,단일로 - 기타,자전거,남,76세,경상,건설기계,남,58세,상해없음
2021120600100239,2021년 12월 6일 13시,월요일,부산광역시 해운대구 우동,경상사고,0,0,1,0,차대차 - 기타,안전거리미확보,건조,맑음,단일로 - 터널,승용,남,35세,상해없음,승용,남,32세,경상
2021120600100240,2021년 12월 6일 13시,월요일,부산광역시 연제구 연산동,경상사고,0,0,1,0,차대차 - 기타,차로위반,건조,맑음,단일로 - 기타,승용,여,38세,상해없음,승용,남,57세,경상
2021120600100320,2021년 12월 6일 16시,월요일,부산광역시 남구 문현동,경상사고,0,0,1,0,차대차 - 기타,안전운전불이행,건조,맑음,단일로 - 기타,승용,남,64세,상해없음,승용,남,22세,경상
2021120600100359,2021년 12월 6일 17시,월요일,부산광역시 해운대구 재송동,경상사고,0,0,1,0,차대사람 - 기타,안전운전불이행,건조,맑음,단일로 - 기타,승용,남,58세,상해없음,보행자,남,7세,경상
2021120600100360,2021년 12월 6일 17시,월요일,부산광역시 사하구 괴정동,경상사고,0,0,1,0,차대차 - 추돌,안전거리미확보,건조,맑음,단일로 - 기타,승합,남,49세,상해없음,승용,남,34세,경상
2021120600100361,2021년 12월 6일 17시,월요일,부산광역시 연제구 거제동,중상사고,0,1,0,0,차대사람 - 길가장자리구역통행중,안전운전불이행,건조,맑음,교차로 - 교차로안,승합,남,66세,상해없음,보행자,여,51세,중상
2021120600100409,2021년 12월 6일 18시,월요일,부산광역시 동래구 온천동,경상사고,0,0,1,0,차대차 - 기타,안전운전불이행,건조,맑음,교차로 - 교차로안,기타불명,기타불명,미분류,기타불명,승용,여,42세,경상
2021120600100410,2021년 12월 6일 18시,월요일,부산광역시 금정구 부곡동,경상사고,0,0,1,0,차대사람 - 기타,안전운전불이행,건조,맑음,교차로 - 교차로안,화물,남,52세,상해없음,보행자,여,58세,경상
2021120600100411,2021년 12월 6일 18시,월요일,부산광역시 사하구 하단동,경상사고,0,0,2,0,차대차 - 기타,안전운전불이행,건조,맑음,교차로 - 교차로안,건설기계,남,63세,상해없음,승용,남,63세,경상
2021120600100412,2021년 12월 6일 18시,월요일,부산광역시 수영구 광안동,경상사고,0,0,3,0,차대차 - 측면충돌,안전거리미확보,건조,맑음,단일로 - 기타,승용,남,71세,경상,화물,남,50세,경상
2021120600100496,2021년 12월 6일 20시,월요일,부산광역시 해운대구 재송동,경상사고,0,0,1,0,차대차 - 측면충돌,안전운전불이행,건조,맑음,교차로 - 교차로부근,승용,여,21세,상해없음,승용,여,42세,경상
2021120600100497,2021년 12월 6일 20시,월요일,부산광역시 부산진구 부암동,중상사고,0,1,0,0,차대차 - 기타,신호위반,건조,맑음,교차로 - 교차로횡단보도내,승용,남,23세,상해없음,이륜,남,25세,중상
2021120600100521,2021년 12월 6일 21시,월요일,부산광역시 서구 충무동1가,경상사고,0,0,1,0,차대사람 - 횡단중,안전운전불이행,건조,맑음,교차로 - 교차로부근,승용,여,74세,상해없음,보행자,남,62세,경상
2021120600100522,2021년 12월 6일 21시,월요일,부산광역시 남구 용호동,경상사고,0,0,1,0,차대차 - 측면충돌,안전운전불이행,건조,맑음,교차로 - 교차로부근,승용,남,57세,상해없음,승용,남,47세,경상
2021120600100543,2021년 12월 6일 22시,월요일,부산광역시 금정구 오륜동,경상사고,0,0,1,0,차대차 - 기타,중앙선침범,건조,맑음,단일로 - 기타,승용,여,41세,상해없음,승용,여,61세,경상
2021120600100544,2021년 12월 6일 22시,월요일,부산광역시 사상구 주례동,경상사고,0,0,1,0,차대사람 - 횡단중,신호위반,건조,맑음,단일로 - 기타,이륜,남,23세,상해없음,보행자,남,54세,경상
2021120600100545,2021년 12월 6일 22시,월요일,부산광역시 기장군 정관읍,경상사고,0,0,1,0,차대차 - 기타,중앙선침범,건조,맑음,교차로 - 교차로부근,이륜,남,18세,상해없음,승합,남,50세,상해없음
2021120600100567,2021년 12월 6일 23시,월요일,부산광역시 사하구 신평동,중상사고,0,1,0,0,차대차 - 측면충돌,신호위반,건조,맑음,교차로 - 교차로안,승용,남,19세,상해없음,승용,남,39세,중상
2021120700100020,2021년 12월 7일 01시,화요일,부산광역시 사상구 덕포동,경상사고,0,0,2,0,차대차 - 추돌,안전운전불이행,건조,맑음,단일로 - 지하차도(도로)내,승용,남,27세,상해없음,승용,남,67세,경상
2021120700100037,2021년 12월 7일 05시,화요일,부산광역시 강서구 녹산동,경상사고,0,0,1,0,차대차 - 추돌,안전거리미확보,건조,맑음,단일로 - 기타,화물,남,45세,상해없음,승용,남,66세,경상
2021120700100046,2021년 12월 7일 06시,화요일,부산광역시 사하구 신평동,중상사고,0,1,0,0,차대사람 - 기타,보행자보호의무위반,건조,맑음,교차로 - 교차로횡단보도내,승용,남,63세,상해없음,보행자,남,43세,중상
2021120700100060,2021년 12월 7일 07시,화요일,부산광역시 남구 감만동,경상사고,0,0,1,0,차대차 - 측면충돌,안전운전불이행,건조,맑음,단일로 - 기타,자전거,남,87세,경상,승용,남,65세,상해없음
2021120700100061,2021년 12월 7일 07시,화요일,부산광역시 부산진구 부암동,경상사고,0,0,3,0,차대차 - 측면충돌,안전거리미확보,건조,맑음,단일로 - 기타,승용,여,44세,상해없음,승용,남,41세,경상
2021120700100062,2021년 12월 7일 07시,화요일,부산광역시 강서구 대저2동,경상사고,0,0,1,0,차대차 - 측면충돌,신호위반,건조,맑음,교차로 - 교차로안,승용,남,61세,기타불명,승용,남,24세,경상
2021120700100087,2021년 12월 7일 08시,화요일,부산광역시 해운대구 반송동,경상사고,0,0,1,0,차대사람 - 횡단중,안전운전불이행,건조,맑음,교차로 - 교차로안,승용,여,44세,상해없음,보행자,여,10세,경상
2021120700100088,2021년 12월 7일 08시,화요일,부산광역시 사하구 구평동,중상사고,0,1,0,0,차대차 - 측면충돌,안전운전불이행,건조,맑음,교차로 - 교차로안,승용,남,31세,상해없음,승용,남,46세,중상
2021120700100148,2021년 12월 7일 10시,화요일,부산광역시 남구 대연동,경상사고,0,0,3,0,차대차 - 측면충돌,안전거리미확보,건조,맑음,단일로 - 기타,특수,남,56세,경상,승용,여,19세,경상
2021120700100149,2021년 12월 7일 10시,화요일,부산광역시 수영구 수영동,경상사고,0,0,1,0,차대사람 - 기타,안전운전불이행,건조,맑음,교차로 - 교차로부근,승용,남,36세,상해없음,보행자,여,75세,경상
2021120700100173,2021년 12월 7일 11시,화요일,부산광역시 연제구 연산동,경상사고,0,0,2,0,차대차 - 측면충돌,안전운전불이행,건조,맑음,단일로 - 기타,승용,여,59세,상해없음,승용,남,47세,경상
2021120700100208,2021년 12월 7일 12시,화요일,부산광역시 남구 문현동,경상사고,0,0,1,0,차대차 - 기타,중앙선침범,건조,맑음,단일로 - 기타,승용,여,60세,상해없음,이륜,남,37세,경상
2021120700100209,2021년 12월 7일 12시,화요일,부산광역시 북구 덕천동,중상사고,0,1,0,0,차대사람 - 기타,안전운전불이행,건조,맑음,단일로 - 기타,승용,남,36세,상해없음,보행자,여,79세,중상
2021120700100210,2021년 12월 7일 12시,화요일,부산광역시 부산진구 양정동,경상사고,0,0,2,0,차대차 - 기타,교차로운행방법위반,건조,맑음,교차로 - 교차로안,승용,남,76세,상해없음,이륜,남,21세,경상
2021120700100256,2021년 12월 7일 13시,화요일,부산광역시 사하구 장림동,중상사고,0,1,0,0,차대차 - 측면충돌,안전운전불이행,건조,맑음,단일로 - 기타,승용,남,51세,상해없음,승용,남,56세,중상
2021120700100257,2021년 12월 7일 13시,화요일,부산광역시 강서구 대저1동,경상사고,0,0,2,0,차대차 - 추돌,안전운전불이행,건조,맑음,단일로 - 기타,화물,남,60세,상해없음,화물,남,57세,경상
2021120700100295,2021년 12월 7일 14시,화요일,부산광역시 동구 초량동,경상사고,0,0,1,0,차대사람 - 길가장자리구역통행중,안전운전불이행,건조,맑음,단일로 - 기타,승용,여,41세,상해없음,보행자,남,43세,경상
2021120700100296,2021년 12월 7일 14시,화요일,부산광역시 연제구 거제동,중상사고,0,2,0,0,차대차 - 추돌,기타,건조,맑음,단일로 - 기타,승용,남,27세,중상,승용,남,43세,중상
2021120700100329,2021년 12월 7일 15시,화요일,부산광역시 동래구 온천동,경상사고,0,0,1,0,차대차 - 측면충돌,안전운전불이행,건조,맑음,단일로 - 기타,승용,남,35세,상해없음,승용,남,48세,경상
2021120700100330,2021년 12월 7일 15시,화요일,부산광역시 동래구 안락동,경상사고,0,0,1,0,차대차 - 추돌,안전운전불이행,건조,맑음,교차로 - 교차로부근,승합,남,62세,상해없음,승용,남,44세,경상
2021120700100331,2021년 12월 7일 15시,화요일,부산광역시 부산진구 부전동,경상사고,0,0,1,0,차대차 - 측면충돌,안전거리미확보,건조,맑음,기타 - 기타,이륜,남,30세,경상,승용,남,59세,상해없음
2021120700100361,2021년 12월 7일 16시,화요일,부산광역시 남구 감만동,경상사고,0,0,1,3,차대차 - 측면충돌,안전운전불이행,건조,맑음,단일로 - 기타,승용,여,54세,상해없음,승합,남,34세,경상
2021120700100362,2021년 12월 7일 16시,화요일,부산광역시 금정구 회동동,중상사고,0,1,1,0,차대차 - 추돌,안전운전불이행,건조,맑음,단일로 - 기타,화물,남,51세,상해없음,화물,남,41세,중상
2021120700100392,2021년 12월 7일 17시,화요일,부산광역시 수영구 남천동,경상사고,0,0,1,0,차대차 - 기타,안전운전불이행,건조,기타,기타 - 기타,승용,남,59세,상해없음,승용,여,56세,경상
2021120700100394,2021년 12월 7일 17시,화요일,부산광역시 북구 만덕동,경상사고,0,0,1,0,차대사람 - 횡단중,보행자보호의무위반,건조,맑음,교차로 - 교차로안,승용,남,65세,상해없음,보행자,여,10세,경상
2021120700100395,2021년 12월 7일 17시,화요일,부산광역시 동래구 복천동,경상사고,0,0,1,0,차대차 - 기타,안전운전불이행,건조,맑음,교차로 - 교차로안,승용,여,59세,상해없음,승용,남,28세,경상
2021120700100396,2021년 12월 7일 17시,화요일,부산광역시 금정구 구서동,경상사고,0,0,1,0,차대차 - 기타,안전운전불이행,건조,맑음,교차로 - 교차로안,승용,여,33세,상해없음,승용,남,28세,경상
2021120700100397,2021년 12월 7일 17시,화요일,부산광역시 기장군 정관읍,경상사고,0,0,2,0,차대차 - 추돌,안전운전불이행,건조,맑음,단일로 - 기타,승용,남,49세,상해없음,승용,여,44세,경상
2021120700100458,2021년 12월 7일 18시,화요일,부산광역시 북구 만덕동,경상사고,0,0,1,0,차대차 - 기타,안전거리미확보,건조,맑음,단일로 - 기타,승용,여,40세,상해없음,원동기,남,24세,경상
2021120700100459,2021년 12월 7일 18시,화요일,부산광역시 해운대구 재송동,중상사고,0,1,0,0,차대사람 - 횡단중,보행자보호의무위반,건조,맑음,교차로 - 교차로안,승용,남,24세,상해없음,보행자,남,54세,중상
2021120700100460,2021년 12월 7일 18시,화요일,부산광역시 해운대구 반여동,경상사고,0,0,1,0,차대차 - 기타,신호위반,건조,맑음,교차로 - 교차로안,이륜,남,33세,상해없음,이륜,남,51세,경상
2021120700100461,2021년 12월 7일 18시,화요일,부산광역시 사하구 당리동,중상사고,0,1,0,0,차대사람 - 횡단중,보행자보호의무위반,건조,맑음,기타 - 기타,이륜,남,18세,상해없음,보행자,남,21세,중상
2021120700100462,2021년 12월 7일 18시,화요일,부산광역시 사하구 신평동,경상사고,0,0,1,0,차대차 - 기타,안전운전불이행,건조,맑음,교차로 - 교차로안,기타불명,기타불명,미분류,기타불명,승용,남,63세,경상
2021120700100463,2021년 12월 7일 18시,화요일,부산광역시 수영구 망미동,경상사고,0,0,1,0,차대차 - 기타,안전거리미확보,건조,맑음,단일로 - 기타,승용,남,40세,상해없음,승용,남,30세,경상
2021120700100503,2021년 12월 7일 19시,화요일,부산광역시 금정구 서동,경상사고,0,0,2,0,차대차 - 기타,교차로운행방법위반,건조,맑음,교차로 - 교차로안,이륜,남,25세,경상,이륜,남,20세,경상
2021120700100504,2021년 12월 7일 19시,화요일,부산광역시 금정구 구서동,경상사고,0,0,1,0,차대차 - 기타,신호위반,건조,맑음,교차로 - 교차로부근,승용,남,63세,상해없음,승용,여,42세,경상
2021120700100537,2021년 12월 7일 20시,화요일,부산광역시 사상구 모라동,경상사고,0,0,2,0,차대차 - 측면충돌,안전거리미확보,건조,맑음,단일로 - 기타,화물,남,50세,상해없음,승용,남,59세,경상
2021120700100564,2021년 12월 7일 21시,화요일,부산광역시 부산진구 당감동,경상사고,0,0,2,0,차대차 - 측면충돌,안전거리미확보,건조,맑음,단일로 - 기타,승용,남,37세,기타불명,승용,남,28세,경상
2021120700100576,2021년 12월 7일 22시,화요일,부산광역시 강서구 대저1동,중상사고,0,1,0,0,차대차 - 측면충돌,안전거리미확보,건조,맑음,단일로 - 기타,승용,여,18세,상해없음,승용,여,31세,중상
2021120800100001,2021년 12월 8일 00시,수요일,부산광역시 부산진구 부전동,경상사고,0,0,1,0,차대사람 - 길가장자리구역통행중,안전운전불이행,건조,맑음,단일로 - 기타,승용,남,23세,상해없음,보행자,남,38세,경상
2021120800100033,2021년 12월 8일 05시,수요일,부산광역시 남구 감만동,경상사고,0,0,1,0,차대차 - 측면충돌,안전운전불이행,건조,맑음,단일로 - 기타,화물,남,61세,상해없음,승용,남,38세,경상
2021120800100068,2021년 12월 8일 07시,수요일,부산광역시 사하구 다대동,경상사고,0,0,1,1,차대차 - 정면충돌,신호위반,건조,맑음,교차로 - 교차로안,승용,여,53세,부상신고,승용,여,26세,경상
2021120800100099,2021년 12월 8일 08시,수요일,부산광역시 동래구 수안동,경상사고,0,0,2,0,차대차 - 측면충돌,안전운전불이행,건조,맑음,교차로 - 교차로안,승용,남,71세,상해없음,승용,남,43세,경상
2021120800100136,2021년 12월 8일 09시,수요일,부산광역시 부산진구 전포동,중상사고,0,1,0,0,차대차 - 기타,안전거리미확보,건조,맑음,교차로 - 교차로안,이륜,남,68세,중상,승용,남,63세,상해없음
2021120800100137,2021년 12월 8일 09시,수요일,부산광역시 기장군 일광면,경상사고,0,0,1,0,차대사람 - 횡단중,보행자보호의무위반,건조,맑음,교차로 - 교차로횡단보도내,승용,여,28세,상해없음,보행자,남,65세,경상
2021120800100192,2021년 12월 8일 11시,수요일,부산광역시 해운대구 중동,중상사고,0,1,0,0,차대사람 - 횡단중,보행자보호의무위반,건조,맑음,단일로 - 기타,승용,남,78세,상해없음,보행자,여,63세,중상
2021120800100253,2021년 12월 8일 13시,수요일,부산광역시 서구 아미동2가,경상사고,0,0,1,0,차대사람 - 길가장자리구역통행중,안전운전불이행,건조,맑음,단일로 - 기타,승용,남,62세,상해없음,보행자,여,41세,경상
2021120800100254,2021년 12월 8일 13시,수요일,부산광역시 부산진구 부전동,경상사고,0,0,1,0,차대사람 - 보도통행중,기타,건조,맑음,기타 - 기타,화물,남,37세,상해없음,보행자,남,58세,경상
2021120800100255,2021년 12월 8일 13시,수요일,부산광역시 부산진구 전포동,경상사고,0,0,1,0,차대차 - 기타,안전운전불이행,건조,맑음,교차로 - 교차로안,승용,여,39세,경상,건설기계,남,58세,상해없음
2021120800100256,2021년 12월 8일 13시,수요일,부산광역시 금정구 구서동,경상사고,0,0,1,0,차대차 - 기타,기타,건조,맑음,교차로 - 교차로안,이륜,남,64세,경상,승용,남,58세,상해없음
2021120800100288,2021년 12월 8일 14시,수요일,부산광역시 서구 남부민동,중상사고,0,1,0,0,차대차 - 측면충돌,안전운전불이행,건조,맑음,교차로 - 교차로부근,화물,남,44세,상해없음,화물,여,46세,중상
2021120800100289,2021년 12월 8일 14시,수요일,부산광역시 연제구 거제동,중상사고,0,1,0,0,차대차 - 추돌,안전운전불이행,건조,맑음,단일로 - 기타,승용,남,53세,상해없음,승용,남,36세,중상
2021120800100325,2021년 12월 8일 15시,수요일,부산광역시 동래구 명륜동,중상사고,0,1,0,0,차대사람 - 기타,안전운전불이행,건조,맑음,단일로 - 기타,자전거,남,62세,상해없음,보행자,여,70세,중상
2021120800100359,2021년 12월 8일 16시,수요일,부산광역시 동래구 온천동,경상사고,0,0,2,0,차대차 - 정면충돌,신호위반,건조,맑음,교차로 - 교차로안,승용,여,33세,상해없음,승용,남,28세,경상
2021120800100360,2021년 12월 8일 16시,수요일,부산광역시 영도구 동삼동,중상사고,0,1,0,0,차대사람 - 기타,안전운전불이행,건조,맑음,단일로 - 기타,승용,남,42세,상해없음,보행자,여,70세,중상
2021120800100361,2021년 12월 8일 16시,수요일,부산광역시 사하구 하단동,경상사고,0,0,1,0,차대차 - 기타,안전거리미확보,건조,맑음,단일로 - 기타,승용,남,74세,상해없음,이륜,남,19세,경상
2021120800100362,2021년 12월 8일 16시,수요일,부산광역시 사상구 엄궁동,중상사고,0,1,0,0,차대사람 - 기타,안전운전불이행,건조,맑음,교차로 - 교차로안,승용,여,54세,상해없음,보행자,남,51세,중상
2021120800100405,2021년 12월 8일 17시,수요일,부산광역시 사하구 구평동,중상사고,0,1,0,0,차대차 - 측면충돌,안전운전불이행,건조,맑음,단일로 - 기타,승용,남,64세,상해없음,이륜,남,48세,중상
2021120800100406,2021년 12월 8일 17시,수요일,부산광역시 사하구 괴정동,중상사고,0,1,0,0,차대사람 - 횡단중,안전운전불이행,건조,맑음,단일로 - 기타,승용,남,28세,상해없음,보행자,남,62세,중상
2021120800100457,2021년 12월 8일 18시,수요일,부산광역시 부산진구 부전동,부상신고사고,0,0,0,1,차대차 - 측면충돌,중앙선침범,건조,맑음,단일로 - 기타,이륜,남,29세,부상신고,이륜,남,21세,상해없음
2021120800100458,2021년 12월 8일 18시,수요일,부산광역시 강서구 명지동,경상사고,0,0,1,0,차대차 - 측면충돌,안전운전불이행,건조,맑음,교차로 - 교차로부근,승용,여,28세,상해없음,승용,여,34세,경상
2021120800100511,2021년 12월 8일 19시,수요일,부산광역시 동래구 사직동,경상사고,0,0,2,0,차대차 - 측면충돌,신호위반,건조,맑음,교차로 - 교차로안,승용,남,49세,상해없음,승용,여,61세,경상
2021120800100512,2021년 12월 8일 19시,수요일,부산광역시 연제구 연산동,중상사고,0,1,0,0,차대사람 - 기타,안전운전불이행,건조,맑음,단일로 - 기타,승용,남,53세,상해없음,보행자,여,67세,중상
2021120800100513,2021년 12월 8일 19시,수요일,부산광역시 강서구 범방동,경상사고,0,0,1,0,차대차 - 측면충돌,신호위반,건조,맑음,교차로 - 교차로안,승합,남,41세,상해없음,승용,여,24세,경상
2021120800100549,2021년 12월 8일 20시,수요일,부산광역시 수영구 광안동,경상사고,0,0,1,0,차대차 - 기타,안전운전불이행,건조,맑음,교차로 - 교차로안,이륜,남,25세,상해없음,이륜,남,36세,경상
2021120800100570,2021년 12월 8일 21시,수요일,부산광역시 수영구 민락동,경상사고,0,0,2,0,차대차 - 측면충돌,교차로운행방법위반,건조,맑음,교차로 - 교차로부근,승용,여,70세,상해없음,승용,남,23세,경상
2021120800100571,2021년 12월 8일 21시,수요일,부산광역시 금정구 부곡동,경상사고,0,0,1,0,차대차 - 측면충돌,교차로운행방법위반,건조,맑음,교차로 - 교차로안,기타불명,기타불명,미분류,기타불명,원동기,남,25세,경상
2021120800100584,2021년 12월 8일 22시,수요일,부산광역시 동래구 사직동,경상사고,0,0,1,0,차대차 - 측면충돌,신호위반,건조,맑음,교차로 - 교차로안,이륜,남,41세,상해없음,승용,여,30세,경상
2021120900100018,2021년 12월 9일 02시,목요일,부산광역시 부산진구 양정동,사망사고,1,2,0,0,차대차 - 측면충돌,신호위반,건조,맑음,교차로 - 교차로안,이륜,남,19세,중상,승용,남,26세,중상
2021120900100024,2021년 12월 9일 03시,목요일,부산광역시 연제구 연산동,중상사고,0,1,1,0,차대사람 - 횡단중,신호위반,건조,맑음,단일로 - 기타,이륜,남,25세,상해없음,보행자,여,48세,중상
2021120900100038,2021년 12월 9일 06시,목요일,부산광역시 강서구 명지동,경상사고,0,0,1,0,차대차 - 측면충돌,안전운전불이행,건조,맑음,단일로 - 지하차도(도로)내,건설기계,남,58세,상해없음,승용,남,31세,경상
2021120900100051,2021년 12월 9일 07시,목요일,부산광역시 강서구 명지동,경상사고,0,0,1,0,차대차 - 기타,신호위반,건조,맑음,교차로 - 교차로안,승용,남,57세,상해없음,이륜,남,39세,경상
2021120900100052,2021년 12월 9일 07시,목요일,부산광역시 사상구 엄궁동,경상사고,0,0,1,0,차대차 - 추돌,안전운전불이행,건조,맑음,기타 - 기타,승용,남,58세,상해없음,승용,남,25세,경상
2021120900100079,2021년 12월 9일 08시,목요일,부산광역시 강서구 대저2동,중상사고,0,1,0,0,차대차 - 측면충돌,안전운전불이행,건조,맑음,단일로 - 기타,자전거,여,56세,중상,승합,남,52세,상해없음
2021120900100116,2021년 12월 9일 09시,목요일,부산광역시 영도구 영선동3가,경상사고,0,0,2,0,차대사람 - 기타,안전운전불이행,건조,맑음,단일로 - 기타,화물,여,68세,상해없음,보행자,남,31세,경상
2021120900100158,2021년 12월 9일 11시,목요일,부산광역시 수영구 광안동,중상사고,0,1,0,0,차대차 - 기타,안전운전불이행,건조,맑음,기타 - 기타,이륜,남,41세,상해없음,이륜,남,61세,중상
2021120900100159,2021년 12월 9일 11시,목요일,부산광역시 동래구 명륜동,중상사고,0,1,0,0,차대차 - 기타,안전운전불이행,건조,맑음,교차로 - 교차로안,화물,남,60세,상해없음,자전거,여,69세,중상
2021120900100160,2021년 12월 9일 11시,목요일,부산광역시 강서구 명지동,경상사고,0,0,1,0,차대차 - 측면충돌,안전운전불이행,건조,맑음,단일로 - 기타,승용,남,68세,상해없음,승용,남,47세,경상
2021120900100258,2021년 12월 9일 15시,목요일,부산광역시 서구 토성동1가,중상사고,0,2,0,0,차대차 - 기타,신호위반,건조,맑음,교차로 - 교차로안,이륜,남,62세,중상,이륜,남,52세,중상
2021120900100316,2021년 12월 9일 17시,목요일,부산광역시 남구 대연동,경상사고,0,0,1,0,차대차 - 측면충돌,안전거리미확보,건조,맑음,단일로 - 기타,승용,남,69세,기타불명,승용,남,41세,경상
2021120900100317,2021년 12월 9일 17시,목요일,부산광역시 동래구 낙민동,중상사고,0,1,0,0,차대차 - 기타,안전운전불이행,건조,맑음,교차로 - 교차로안,화물,남,50세,상해없음,이륜,남,45세,중상
2021120900100318,2021년 12월 9일 17시,목요일,부산광역시 사하구 장림동,경상사고,0,0,1,0,차대차 - 기타,교차로운행방법위반,건조,맑음,교차로 - 교차로안,승용,남,59세,상해없음,이륜,남,30세,경상
2021120900100363,2021년 12월 9일 18시,목요일,부산광역시 해운대구 우동,경상사고,0,0,1,0,차대차 - 정면충돌,중앙선침범,건조,맑음,단일로 - 기타,승용,남,49세,기타불명,이륜,남,28세,경상
2021120900100364,2021년 12월 9일 18시,목요일,부산광역시 금정구 부곡동,경상사고,0,0,1,0,차대차 - 기타,안전거리미확보,건조,맑음,단일로 - 기타,승용,남,59세,상해없음,승용,남,27세,경상
2021120900100421,2021년 12월 9일 19시,목요일,부산광역시 영도구 대교동1가,경상사고,0,0,1,0,차대차 - 정면충돌,안전거리미확보,건조,맑음,단일로 - 기타,승용,여,22세,상해없음,이륜,남,35세,경상
2021120900100455,2021년 12월 9일 20시,목요일,부산광역시 서구 충무동2가,경상사고,0,0,1,0,차대차 - 후진중충돌,안전운전불이행,건조,맑음,단일로 - 기타,승용,남,62세,상해없음,화물,남,59세,경상
2021120900100504,2021년 12월 9일 22시,목요일,부산광역시 중구 중앙동4가,중상사고,0,1,0,0,차대차 - 측면충돌,신호위반,건조,맑음,교차로 - 교차로안,승용,남,59세,상해없음,승용,여,27세,중상
2021120900100506,2021년 12월 9일 22시,목요일,부산광역시 사하구 괴정동,경상사고,0,0,1,0,차대차 - 기타,직진우회전진행방해,건조,맑음,교차로 - 교차로안,승용,남,70세,상해없음,자전거,남,27세,경상
2021120900100526,2021년 12월 9일 23시,목요일,부산광역시 동구 좌천동,사망사고,1,0,0,0,차량단독 - 기타,안전운전불이행,건조,맑음,단일로 - 기타,승용,여,45세,사망,,,,
2021120900100527,2021년 12월 9일 23시,목요일,부산광역시 해운대구 우동,중상사고,0,1,0,0,차대차 - 기타,교차로운행방법위반,건조,맑음,교차로 - 교차로안,승합,남,71세,상해없음,승용,여,43세,중상
2021121000100019,2021년 12월 10일 01시,금요일,부산광역시 수영구 망미동,경상사고,0,0,1,0,차대차 - 후진중충돌,안전운전불이행,건조,맑음,단일로 - 기타,승용,남,65세,상해없음,이륜,남,47세,경상
2021121000100073,2021년 12월 10일 07시,금요일,부산광역시 강서구 성북동,경상사고,0,0,1,0,차대차 - 측면충돌,안전운전불이행,건조,맑음,단일로 - 기타,특수,남,61세,상해없음,특수,남,65세,경상
2021121000100074,2021년 12월 10일 07시,금요일,부산광역시 사상구 모라동,경상사고,0,0,1,0,차대차 - 추돌,안전운전불이행,건조,맑음,교차로 - 교차로부근,승용,여,54세,상해없음,승용,남,38세,경상
2021121000100105,2021년 12월 10일 08시,금요일,부산광역시 강서구 대저2동,경상사고,0,0,1,0,차대차 - 추돌,안전운전불이행,건조,맑음,단일로 - 기타,화물,남,35세,상해없음,화물,남,44세,경상
2021121000100136,2021년 12월 10일 09시,금요일,부산광역시 사상구 엄궁동,경상사고,0,0,1,0,차대차 - 추돌,안전운전불이행,건조,맑음,교차로 - 교차로안,승용,여,33세,상해없음,이륜,여,35세,경상
2021121000100160,2021년 12월 10일 10시,금요일,부산광역시 중구 신창동1가,경상사고,0,0,1,0,차대사람 - 기타,안전운전불이행,건조,맑음,단일로 - 기타,승용,남,46세,상해없음,보행자,여,22세,경상
2021121000100161,2021년 12월 10일 10시,금요일,부산광역시 수영구 광안동,경상사고,0,0,1,0,차대차 - 기타,안전운전불이행,건조,맑음,교차로 - 교차로안,이륜,여,46세,경상,승용,여,49세,상해없음
2021121000100162,2021년 12월 10일 10시,금요일,부산광역시 연제구 거제동,중상사고,0,1,0,0,차대차 - 기타,교차로운행방법위반,건조,맑음,교차로 - 교차로부근,승용,남,76세,상해없음,자전거,남,74세,중상
2021121000100188,2021년 12월 10일 11시,금요일,부산광역시 중구 중앙동4가,경상사고,0,0,2,0,차대차 - 추돌,안전운전불이행,건조,맑음,교차로 - 교차로부근,승용,남,20세,상해없음,승용,남,26세,경상
2021121000100189,2021년 12월 10일 11시,금요일,부산광역시 금정구 남산동,중상사고,0,1,0,0,차대사람 - 횡단중,보행자보호의무위반,건조,맑음,단일로 - 기타,승용,남,60세,상해없음,보행자,남,55세,중상