사고번호,사고일시,요일,시군구,사고내용,사망자수,중상자수,경상자수,부상신고자수,사고유형,법규위반,노면상태,기상상태,도로형태,가해운전자 차종,가해운전자 성별,가해운전자 연령,가해운전자 상해정도,피해운전자 차종,피해운전자 성별,피해운전자 연령,피해운전자 상해정도
2021121000100223,2021년 12월 10일 12시,금요일,부산광역시 부산진구 양정동,경상사고,0,0,1,0,차대차 - 기타,안전운전불이행,건조,맑음,교차로 - 교차로안,승합,남,62세,상해없음,승용,남,67세,상해없음
2021121000100224,2021년 12월 10일 12시,금요일,부산광역시 수영구 망미동,경상사고,0,0,1,1,차대차 - 측면충돌,신호위반,건조,맑음,교차로 - 교차로부근,승용,남,33세,상해없음,승용,여,33세,경상
2021121000100225,2021년 12월 10일 12시,금요일,부산광역시 강서구 천성동,중상사고,0,1,0,0,차대차 - 정면충돌,중앙선침범,건조,맑음,단일로 - 기타,승용,남,69세,상해없음,승용,남,44세,중상
2021121000100295,2021년 12월 10일 14시,금요일,부산광역시 동구 초량동,중상사고,0,1,0,0,차대사람 - 기타,신호위반,건조,맑음,단일로 - 기타,승용,남,41세,상해없음,보행자,여,8세,중상
2021121000100321,2021년 12월 10일 15시,금요일,부산광역시 남구 문현동,경상사고,0,0,1,0,차대차 - 기타,안전운전불이행,건조,맑음,교차로 - 교차로안,화물,남,62세,상해없음,이륜,남,50세,경상
2021121000100322,2021년 12월 10일 15시,금요일,부산광역시 해운대구 좌동,경상사고,0,0,3,0,차대차 - 측면충돌,안전거리미확보,건조,맑음,단일로 - 기타,승용,남,36세,경상,승용,남,35세,경상
2021121000100323,2021년 12월 10일 15시,금요일,부산광역시 사상구 학장동,경상사고,0,0,2,0,차대차 - 측면충돌,안전거리미확보,건조,맑음,교차로 - 교차로안,승용,남,69세,상해없음,승용,여,50세,경상
2021121000100358,2021년 12월 10일 16시,금요일,부산광역시 수영구 민락동,경상사고,0,0,1,0,차대차 - 기타,신호위반,건조,맑음,교차로 - 교차로안,승합,남,62세,상해없음,승용,남,26세,경상
2021121000100359,2021년 12월 10일 16시,금요일,부산광역시 부산진구 양정동,경상사고,0,0,1,0,차대사람 - 기타,안전운전불이행,건조,맑음,단일로 - 기타,승용,남,47세,상해없음,보행자,여,20세,경상
2021121000100360,2021년 12월 10일 16시,금요일,부산광역시 강서구 송정동,경상사고,0,0,1,0,차대차 - 측면충돌,안전거리미확보,건조,맑음,교차로 - 교차로부근,화물,남,52세,상해없음,승용,여,40세,경상
2021121000100386,2021년 12월 10일 17시,금요일,부산광역시 동구 수정동,경상사고,0,0,5,0,차대차 - 기타,중앙선침범,건조,맑음,단일로 - 기타,승용,여,40세,경상,승합,남,52세,경상
2021121000100388,2021년 12월 10일 17시,금요일,부산광역시 남구 대연동,경상사고,0,0,1,0,차대차 - 후진중충돌,안전운전불이행,건조,맑음,단일로 - 기타,승용,남,37세,상해없음,이륜,남,40세,경상
2021121000100389,2021년 12월 10일 17시,금요일,부산광역시 수영구 남천동,경상사고,0,0,1,0,차대차 - 측면충돌,안전거리미확보,건조,맑음,기타 - 기타,승용,남,56세,상해없음,승용,남,43세,경상
2021121000100438,2021년 12월 10일 18시,금요일,부산광역시 북구 화명동,경상사고,0,0,1,0,차대차 - 기타,안전거리미확보,건조,맑음,교차로 - 교차로안,승용,남,67세,상해없음,승용,여,26세,경상
2021121000100439,2021년 12월 10일 18시,금요일,부산광역시 해운대구 우동,경상사고,0,0,3,0,차대차 - 정면충돌,중앙선침범,건조,맑음,단일로 - 기타,승용,남,39세,상해없음,승용,남,39세,경상
2021121000100440,2021년 12월 10일 18시,금요일,부산광역시 부산진구 연지동,경상사고,0,0,1,0,차대차 - 정면충돌,중앙선침범,건조,맑음,기타 - 기타,이륜,남,53세,상해없음,승용,여,57세,경상
2021121000100441,2021년 12월 10일 18시,금요일,부산광역시 부산진구 부전동,중상사고,0,1,0,0,차량단독 - 기타,안전운전불이행,건조,맑음,단일로 - 기타,승합,남,61세,상해없음,,,,
2021121000100442,2021년 12월 10일 18시,금요일,부산광역시 금정구 구서동,경상사고,0,0,1,0,차대차 - 측면충돌,교차로운행방법위반,건조,맑음,교차로 - 교차로안,승용,여,38세,상해없음,이륜,남,33세,경상
2021121000100513,2021년 12월 10일 19시,금요일,부산광역시 영도구 영선동3가,경상사고,0,0,1,0,차대사람 - 기타,안전운전불이행,건조,맑음,단일로 - 기타,승용,남,70세,상해없음,보행자,여,38세,경상
2021121000100514,2021년 12월 10일 19시,금요일,부산광역시 수영구 망미동,경상사고,0,0,2,0,차대차 - 기타,신호위반,건조,맑음,교차로 - 교차로안,승용,여,30세,상해없음,승용,남,68세,경상
2021121000100515,2021년 12월 10일 19시,금요일,부산광역시 연제구 연산동,부상신고사고,0,0,0,1,차대차 - 기타,기타,건조,맑음,단일로 - 기타,승용,남,23세,상해없음,승용,남,46세,부상신고
2021121000100637,2021년 12월 10일 23시,금요일,부산광역시 서구 서대신동2가,경상사고,0,0,1,0,차대차 - 측면충돌,신호위반,건조,맑음,교차로 - 교차로안,승용,남,34세,상해없음,이륜,남,56세,경상
2021121000100638,2021년 12월 10일 23시,금요일,부산광역시 사하구 괴정동,경상사고,0,0,2,0,차대차 - 추돌,안전운전불이행,건조,맑음,교차로 - 교차로부근,승용,여,41세,상해없음,승용,남,25세,경상
2021121100100010,2021년 12월 11일 00시,토요일,부산광역시 해운대구 좌동,경상사고,0,0,1,0,차대사람 - 보도통행중,안전운전불이행,건조,맑음,단일로 - 기타,승용,남,26세,상해없음,보행자,남,30세,경상
2021121100100058,2021년 12월 11일 05시,토요일,부산광역시 서구 서대신동3가,경상사고,0,0,1,0,차대차 - 추돌,안전운전불이행,건조,맑음,교차로 - 교차로부근,승용,남,59세,상해없음,승용,남,70세,경상
2021121100100059,2021년 12월 11일 05시,토요일,부산광역시 연제구 연산동,중상사고,0,1,0,0,차대사람 - 횡단중,안전운전불이행,건조,맑음,교차로 - 교차로부근,승용,남,25세,상해없음,보행자,여,72세,중상
2021121100100079,2021년 12월 11일 07시,토요일,부산광역시 사하구 신평동,경상사고,0,0,1,0,차대차 - 기타,차로위반,건조,맑음,미분류 - 미분류,승용,남,29세,상해없음,이륜,남,18세,경상
2021121100100090,2021년 12월 11일 08시,토요일,부산광역시 사상구 주례동,중상사고,0,2,0,0,차대차 - 측면충돌,신호위반,건조,맑음,교차로 - 교차로안,승용,여,52세,상해없음,승용,남,31세,중상
2021121100100105,2021년 12월 11일 09시,토요일,부산광역시 강서구 송정동,경상사고,0,0,4,0,차대차 - 측면충돌,신호위반,건조,맑음,교차로 - 교차로안,승용,남,76세,상해없음,승용,남,42세,경상
2021121100100106,2021년 12월 11일 09시,토요일,부산광역시 강서구 명지동,중상사고,0,1,0,0,차대차 - 측면충돌,교차로운행방법위반,건조,맑음,교차로 - 교차로안,승용,남,27세,상해없음,자전거,남,72세,중상
2021121100100221,2021년 12월 11일 13시,토요일,부산광역시 부산진구 부전동,중상사고,0,1,0,0,차대차 - 기타,기타,건조,맑음,교차로 - 교차로부근,화물,남,58세,상해없음,이륜,남,37세,중상
2021121100100250,2021년 12월 11일 14시,토요일,부산광역시 동래구 안락동,중상사고,0,1,0,0,차대사람 - 보도통행중,안전운전불이행,건조,맑음,단일로 - 기타,자전거,남,12세,기타불명,보행자,여,68세,중상
2021121100100251,2021년 12월 11일 14시,토요일,부산광역시 해운대구 중동,중상사고,0,1,1,0,차대차 - 기타,안전거리미확보,건조,맑음,기타 - 기타,승용,남,36세,중상,이륜,남,22세,경상
2021121100100284,2021년 12월 11일 15시,토요일,부산광역시 사상구 모라동,중상사고,0,1,0,0,차대사람 - 횡단중,보행자보호의무위반,건조,맑음,교차로 - 교차로횡단보도내,승용,남,59세,상해없음,보행자,여,74세,중상
2021121100100316,2021년 12월 11일 16시,토요일,부산광역시 남구 감만동,부상신고사고,0,0,0,1,차대사람 - 횡단중,안전운전불이행,건조,맑음,단일로 - 기타,승합,남,34세,상해없음,보행자,여,52세,부상신고
2021121100100345,2021년 12월 11일 17시,토요일,부산광역시 사상구 덕포동,경상사고,0,0,1,0,차대사람 - 기타,기타,건조,맑음,기타 - 기타,승용,남,65세,상해없음,보행자,여,54세,경상
2021121100100389,2021년 12월 11일 18시,토요일,부산광역시 북구 화명동,경상사고,0,0,2,0,차대차 - 기타,안전운전불이행,건조,맑음,단일로 - 기타,화물,남,45세,상해없음,승용,남,32세,경상
2021121100100390,2021년 12월 11일 18시,토요일,부산광역시 부산진구 당감동,경상사고,0,0,1,0,차대차 - 기타,안전운전불이행,건조,맑음,교차로 - 교차로안,화물,남,63세,상해없음,이륜,남,26세,경상
2021121100100439,2021년 12월 11일 19시,토요일,부산광역시 부산진구 연지동,경상사고,0,0,2,0,차대차 - 기타,안전거리미확보,건조,맑음,교차로 - 교차로안,승용,여,28세,상해없음,승합,남,55세,경상
2021121100100467,2021년 12월 11일 20시,토요일,부산광역시 강서구 신호동,경상사고,0,0,1,0,차대차 - 측면충돌,안전운전불이행,건조,맑음,단일로 - 기타,승용,남,63세,상해없음,승용,남,40세,경상
2021121100100491,2021년 12월 11일 21시,토요일,부산광역시 사하구 하단동,경상사고,0,0,1,0,차대차 - 기타,안전운전불이행,건조,맑음,단일로 - 지하차도(도로)내,이륜,남,50세,경상,승용,남,22세,상해없음
2021121100100492,2021년 12월 11일 21시,토요일,부산광역시 사하구 하단동,경상사고,0,0,1,0,차대차 - 기타,안전운전불이행,건조,맑음,단일로 - 지하차도(도로)내,승용,남,22세,상해없음,이륜,남,50세,경상
2021121100100506,2021년 12월 11일 22시,토요일,부산광역시 동구 좌천동,부상신고사고,0,0,0,1,차량단독 - 기타,안전운전불이행,건조,맑음,단일로 - 기타,승합,남,44세,상해없음,,,,
2021121100100520,2021년 12월 11일 23시,토요일,부산광역시 중구 대창동2가,경상사고,0,0,3,0,차대차 - 측면충돌,신호위반,건조,맑음,교차로 - 교차로안,승용,남,59세,상해없음,승용,여,32세,경상
2021121100100521,2021년 12월 11일 23시,토요일,부산광역시 부산진구 부전동,중상사고,0,1,0,0,차량단독 - 기타,기타,건조,맑음,교차로 - 교차로안,승용,남,68세,상해없음,,,,
2021121200100006,2021년 12월 12일 00시,일요일,부산광역시 사상구 삼락동,경상사고,0,0,1,0,차대차 - 측면충돌,신호위반,건조,맑음,교차로 - 교차로안,승용,남,74세,상해없음,승용,남,62세,경상
2021121200100038,2021년 12월 12일 02시,일요일,부산광역시 부산진구 부전동,경상사고,0,0,4,0,차대사람 - 기타,안전운전불이행,건조,맑음,교차로 - 교차로안,승용,남,25세,상해없음,보행자,남,23세,경상
2021121200100073,2021년 12월 12일 09시,일요일,부산광역시 기장군 철마면,경상사고,0,0,2,0,차대차 - 기타,기타,건조,맑음,단일로 - 기타,승용,남,37세,상해없음,승용,남,56세,경상
2021121200100104,2021년 12월 12일 11시,일요일,부산광역시 남구 문현동,중상사고,0,1,0,0,차대차 - 측면충돌,신호위반,건조,맑음,단일로 - 기타,승용,남,58세,상해없음,이륜,남,25세,중상
2021121200100121,2021년 12월 12일 12시,일요일,부산광역시 동래구 사직동,경상사고,0,0,1,0,차대차 - 후진중충돌,안전운전불이행,건조,맑음,단일로 - 기타,승용,남,38세,상해없음,원동기,남,45세,경상
2021121200100122,2021년 12월 12일 12시,일요일,부산광역시 부산진구 전포동,경상사고,0,0,1,0,차대차 - 측면충돌,안전거리미확보,건조,맑음,단일로 - 기타,승용,여,25세,상해없음,이륜,남,48세,경상
2021121200100123,2021년 12월 12일 12시,일요일,부산광역시 사하구 다대동,중상사고,0,1,0,0,차대차 - 기타,안전운전불이행,건조,맑음,교차로 - 교차로안,이륜,남,61세,중상,승용,남,62세,상해없음
2021121200100148,2021년 12월 12일 13시,일요일,부산광역시 중구 대청동4가,중상사고,0,1,0,0,차대사람 - 횡단중,신호위반,건조,맑음,단일로 - 기타,승용,남,62세,상해없음,보행자,여,58세,중상
2021121200100149,2021년 12월 12일 13시,일요일,부산광역시 사하구 당리동,경상사고,0,0,1,0,차대차 - 기타,안전운전불이행,건조,맑음,교차로 - 교차로안,승용,여,42세,상해없음,승합,남,49세,경상
2021121200100174,2021년 12월 12일 14시,일요일,부산광역시 강서구 명지동,경상사고,0,0,2,0,차대차 - 측면충돌,신호위반,건조,맑음,단일로 - 기타,승용,남,65세,상해없음,승용,남,30세,경상
2021121200100201,2021년 12월 12일 15시,일요일,부산광역시 수영구 광안동,경상사고,0,0,2,0,차대차 - 추돌,안전운전불이행,건조,맑음,단일로 - 기타,승용,남,70세,상해없음,승용,남,28세,경상
2021121200100202,2021년 12월 12일 15시,일요일,부산광역시 부산진구 양정동,경상사고,0,0,1,0,차대차 - 측면충돌,신호위반,건조,맑음,교차로 - 교차로안,이륜,남,70세,경상,승합,남,47세,상해없음
2021121200100236,2021년 12월 12일 16시,일요일,부산광역시 부산진구 부전동,경상사고,0,0,1,0,차대사람 - 차도통행중,안전운전불이행,건조,맑음,단일로 - 기타,이륜,남,46세,상해없음,보행자,여,19세,경상
2021121200100261,2021년 12월 12일 17시,일요일,부산광역시 동구 초량동,경상사고,0,0,1,0,차대차 - 기타,차로위반,건조,맑음,단일로 - 기타,승용,남,30세,상해없음,승합,남,42세,경상
2021121200100289,2021년 12월 12일 18시,일요일,부산광역시 금정구 장전동,경상사고,0,0,1,0,차대차 - 측면충돌,안전거리미확보,건조,맑음,단일로 - 기타,승용,남,47세,상해없음,원동기,남,30세,경상
2021121200100323,2021년 12월 12일 19시,일요일,부산광역시 남구 용당동,부상신고사고,0,0,0,1,차대차 - 추돌,안전운전불이행,건조,맑음,교차로 - 교차로부근,승용,남,69세,상해없음,원동기,남,38세,부상신고
2021121200100350,2021년 12월 12일 20시,일요일,부산광역시 동래구 명륜동,중상사고,0,1,0,0,차대차 - 측면충돌,신호위반,건조,맑음,교차로 - 교차로안,이륜,남,33세,상해없음,이륜,남,45세,중상
2021121200100351,2021년 12월 12일 20시,일요일,부산광역시 동래구 명장동,부상신고사고,0,0,0,1,차대차 - 기타,안전거리미확보,건조,맑음,교차로 - 교차로안,기타불명,기타불명,미분류,기타불명,이륜,남,38세,부상신고
2021121300100041,2021년 12월 13일 06시,월요일,부산광역시 사상구 모라동,중상사고,0,1,0,0,차대차 - 측면충돌,안전운전불이행,건조,맑음,교차로 - 교차로안,화물,남,68세,상해없음,개인형이동수단(PM),남,21세,중상
2021121300100064,2021년 12월 13일 07시,월요일,부산광역시 북구 만덕동,경상사고,0,0,1,0,차대차 - 기타,중앙선침범,건조,맑음,단일로 - 기타,승용,여,39세,상해없음,승용,남,61세,경상
2021121300100093,2021년 12월 13일 08시,월요일,부산광역시 동구 초량동,경상사고,0,0,1,0,차량단독 - 기타,안전운전불이행,건조,맑음,단일로 - 기타,승합,남,53세,상해없음,,,,
2021121300100094,2021년 12월 13일 08시,월요일,부산광역시 영도구 남항동3가,중상사고,0,1,0,0,차대차 - 기타,안전운전불이행,건조,맑음,단일로 - 기타,승용,남,34세,상해없음,이륜,남,53세,중상
2021121300100095,2021년 12월 13일 08시,월요일,부산광역시 연제구 연산동,중상사고,0,1,0,0,차대차 - 추돌,안전거리미확보,건조,맑음,단일로 - 기타,승용,남,60세,상해없음,승용,여,32세,중상
2021121300100142,2021년 12월 13일 09시,월요일,부산광역시 남구 대연동,경상사고,0,0,1,0,차대차 - 추돌,안전운전불이행,건조,맑음,교차로 - 교차로부근,승용,남,68세,상해없음,승용,남,28세,경상
2021121300100219,2021년 12월 13일 11시,월요일,부산광역시 동구 초량동,경상사고,0,0,1,0,차대차 - 기타,안전거리미확보,건조,맑음,단일로 - 기타,승용,여,25세,상해없음,승용,남,31세,경상
2021121300100220,2021년 12월 13일 11시,월요일,부산광역시 동래구 안락동,경상사고,0,0,1,0,차대사람 - 보도통행중,기타,건조,맑음,단일로 - 기타,이륜,남,68세,상해없음,보행자,여,22세,경상
2021121300100256,2021년 12월 13일 12시,월요일,부산광역시 서구 부용동2가,경상사고,0,0,1,0,차대차 - 추돌,안전운전불이행,건조,맑음,교차로 - 교차로안,원동기,남,63세,경상,승용,남,60세,상해없음
2021121300100257,2021년 12월 13일 12시,월요일,부산광역시 연제구 연산동,경상사고,0,0,1,1,차대사람 - 기타,안전운전불이행,건조,맑음,단일로 - 기타,승용,여,56세,부상신고,보행자,남,31세,경상
2021121300100258,2021년 12월 13일 12시,월요일,부산광역시 연제구 연산동,경상사고,0,0,1,0,차대차 - 추돌,안전운전불이행,건조,맑음,교차로 - 교차로안,승용,남,26세,상해없음,특수,남,47세,경상
2021121300100282,2021년 12월 13일 13시,월요일,부산광역시 동래구 명장동,경상사고,0,0,1,0,차대차 - 추돌,안전운전불이행,건조,맑음,교차로 - 교차로안,화물,남,47세,상해없음,이륜,남,37세,경상
2021121300100283,2021년 12월 13일 13시,월요일,부산광역시 해운대구 반여동,경상사고,0,0,1,0,차대사람 - 횡단중,보행자보호의무위반,건조,맑음,교차로 - 교차로횡단보도내,승용,남,45세,상해없음,보행자,남,71세,경상
2021121300100317,2021년 12월 13일 14시,월요일,부산광역시 금정구 구서동,경상사고,0,0,1,1,차대차 - 측면충돌,안전운전불이행,건조,맑음,교차로 - 교차로안,승용,여,53세,부상신고,특수,남,49세,경상
2021121300100348,2021년 12월 13일 15시,월요일,부산광역시 금정구 서동,경상사고,0,0,2,0,차대차 - 정면충돌,신호위반,건조,맑음,교차로 - 교차로안,승용,여,58세,경상,승용,남,32세,경상
2021121300100349,2021년 12월 13일 15시,월요일,부산광역시 기장군 기장읍,부상신고사고,0,0,0,1,차대차 - 측면충돌,직진우회전진행방해,건조,맑음,교차로 - 교차로안,화물,여,42세,상해없음,승합,남,38세,부상신고
2021121300100379,2021년 12월 13일 16시,월요일,부산광역시 남구 문현동,경상사고,0,0,1,0,차대차 - 기타,안전운전불이행,건조,맑음,교차로 - 교차로안,이륜,남,20세,상해없음,승용,남,44세,경상
2021121300100409,2021년 12월 13일 17시,월요일,부산광역시 북구 덕천동,경상사고,0,0,2,0,차대차 - 측면충돌,신호위반,건조,맑음,교차로 - 교차로안,승용,남,61세,상해없음,승용,남,63세,경상
2021121300100410,2021년 12월 13일 17시,월요일,부산광역시 사하구 구평동,중상사고,0,1,0,0,차대차 - 측면충돌,안전운전불이행,건조,맑음,교차로 - 교차로안,이륜,남,61세,중상,화물,남,78세,상해없음
2021121300100411,2021년 12월 13일 17시,월요일,부산광역시 사하구 구평동,경상사고,0,0,1,0,차대차 - 기타,안전거리미확보,건조,맑음,단일로 - 기타,승용,남,65세,상해없음,화물,남,62세,경상
2021121300100441,2021년 12월 13일 18시,월요일,부산광역시 수영구 남천동,경상사고,0,0,2,0,차대차 - 측면충돌,안전운전불이행,건조,맑음,단일로 - 기타,승용,남,31세,경상,승용,여,43세,경상
2021121300100442,2021년 12월 13일 18시,월요일,부산광역시 남구 감만동,경상사고,0,0,1,0,차대차 - 기타,안전거리미확보,건조,맑음,단일로 - 기타,특수,남,44세,상해없음,승용,남,42세,경상
2021121300100443,2021년 12월 13일 18시,월요일,부산광역시 동래구 복천동,경상사고,0,0,1,0,차대사람 - 기타,기타,건조,맑음,단일로 - 기타,기타불명,기타불명,미분류,기타불명,보행자,여,41세,경상
2021121300100444,2021년 12월 13일 18시,월요일,부산광역시 동래구 안락동,경상사고,0,0,2,0,차대차 - 측면충돌,불법유턴,건조,맑음,단일로 - 기타,승용,남,69세,상해없음,승용,남,32세,경상
2021121300100445,2021년 12월 13일 18시,월요일,부산광역시 연제구 연산동,경상사고,0,0,1,0,차대차 - 측면충돌,안전운전불이행,건조,맑음,단일로 - 기타,승용,여,27세,상해없음,이륜,남,35세,경상
2021121300100502,2021년 12월 13일 19시,월요일,부산광역시 금정구 장전동,경상사고,0,0,2,0,차대차 - 기타,신호위반,건조,맑음,교차로 - 교차로안,승용,남,50세,상해없음,승용,남,52세,경상
2021121300100503,2021년 12월 13일 19시,월요일,부산광역시 사상구 괘법동,중상사고,0,1,0,0,차대사람 - 횡단중,보행자보호의무위반,건조,맑음,교차로 - 교차로부근,승용,남,60세,상해없음,보행자,여,51세,중상
2021121300100529,2021년 12월 13일 20시,월요일,부산광역시 수영구 민락동,경상사고,0,0,1,0,차대차 - 기타,안전운전불이행,건조,맑음,단일로 - 기타,승용,여,50세,상해없음,자전거,남,49세,경상
2021121300100530,2021년 12월 13일 20시,월요일,부산광역시 해운대구 우동,경상사고,0,0,2,0,차대차 - 측면충돌,교차로운행방법위반,건조,맑음,교차로 - 교차로안,승용,남,30세,상해없음,승용,남,67세,경상
2021121400100017,2021년 12월 14일 02시,화요일,부산광역시 동구 수정동,중상사고,0,1,1,0,차대차 - 측면충돌,교차로운행방법위반,건조,맑음,교차로 - 교차로안,승용,남,21세,상해없음,승용,남,22세,경상
2021121400100080,2021년 12월 14일 08시,화요일,부산광역시 동래구 복천동,경상사고,0,0,1,0,차대사람 - 횡단중,안전운전불이행,건조,맑음,단일로 - 기타,승용,남,29세,상해없음,보행자,남,10세,경상
2021121400100081,2021년 12월 14일 08시,화요일,부산광역시 해운대구 우동,사망사고,1,0,3,0,차대차 - 추돌,안전거리미확보,건조,맑음,단일로 - 교량,화물,남,43세,사망,화물,남,54세,경상
2021121400100082,2021년 12월 14일 08시,화요일,부산광역시 수영구 망미동,경상사고,0,0,2,0,차대차 - 기타,교차로운행방법위반,건조,맑음,교차로 - 교차로안,승용,남,34세,경상,화물,남,25세,경상
2021121400100083,2021년 12월 14일 08시,화요일,부산광역시 기장군 정관읍,경상사고,0,0,4,0,차대차 - 추돌,안전운전불이행,건조,맑음,단일로 - 기타,승용,남,27세,상해없음,화물,남,28세,경상
2021121400100109,2021년 12월 14일 09시,화요일,부산광역시 남구 문현동,중상사고,0,1,0,0,차대차 - 기타,신호위반,건조,맑음,교차로 - 교차로안,승용,여,36세,상해없음,승용,여,39세,중상
2021121400100110,2021년 12월 14일 09시,화요일,부산광역시 사하구 하단동,경상사고,0,0,2,0,차대차 - 기타,안전거리미확보,건조,맑음,단일로 - 기타,승용,남,32세,경상,승용,남,41세,경상
2021121400100135,2021년 12월 14일 10시,화요일,부산광역시 동구 초량동,중상사고,0,1,0,0,차대차 - 측면충돌,안전거리미확보,건조,맑음,단일로 - 기타,승용,남,63세,상해없음,이륜,남,39세,중상
2021121400100136,2021년 12월 14일 10시,화요일,부산광역시 남구 감만동,중상사고,0,1,0,0,차대사람 - 횡단중,보행자보호의무위반,건조,맑음,교차로 - 교차로횡단보도내,화물,남,52세,상해없음,보행자,여,63세,중상
2021121400100137,2021년 12월 14일 10시,화요일,부산광역시 사상구 감전동,중상사고,0,1,0,0,차대사람 - 횡단중,안전운전불이행,건조,맑음,교차로 - 교차로안,화물,남,53세,상해없음,보행자,여,80세,중상
2021121400100179,2021년 12월 14일 12시,화요일,부산광역시 강서구 송정동,중상사고,0,1,0,0,차대차 - 측면충돌,안전운전불이행,건조,맑음,단일로 - 기타,화물,남,31세,상해없음,특수,남,40세,중상
2021121400100206,2021년 12월 14일 13시,화요일,부산광역시 동구 초량동,부상신고사고,0,0,0,1,차대차 - 기타,차로위반,건조,맑음,교차로 - 교차로안,이륜,남,55세,부상신고,승용,여,33세,상해없음
2021121400100207,2021년 12월 14일 13시,화요일,부산광역시 서구 암남동,경상사고,0,0,1,0,차대차 - 추돌,안전거리미확보,건조,맑음,교차로 - 교차로안,자전거,남,68세,경상,승합,남,36세,상해없음
2021121400100226,2021년 12월 14일 14시,화요일,부산광역시 수영구 남천동,중상사고,0,1,0,0,차대사람 - 횡단중,보행자보호의무위반,건조,맑음,교차로 - 교차로횡단보도내,승용,남,59세,상해없음,보행자,여,37세,중상
2021121400100252,2021년 12월 14일 15시,화요일,부산광역시 중구 부평동3가,중상사고,0,1,0,0,차대사람 - 보도통행중,안전운전불이행,건조,맑음,기타 - 기타,원동기,여,50세,상해없음,보행자,남,37세,중상
2021121400100253,2021년 12월 14일 15시,화요일,부산광역시 남구 용호동,부상신고사고,0,0,0,1,차대사람 - 기타,보행자보호의무위반,건조,맑음,교차로 - 교차로안,승용,여,52세,상해없음,보행자,남,61세,부상신고
2021121400100282,2021년 12월 14일 16시,화요일,부산광역시 동구 범일동,중상사고,0,1,0,0,차대차 - 기타,안전운전불이행,건조,맑음,단일로 - 기타,화물,남,27세,상해없음,자전거,여,44세,중상
2021121400100283,2021년 12월 14일 16시,화요일,부산광역시 동구 초량동,경상사고,0,0,1,0,차대차 - 측면충돌,안전거리미확보,건조,맑음,단일로 - 기타,승용,여,59세,상해없음,승용,남,41세,경상
2021121400100284,2021년 12월 14일 16시,화요일,부산광역시 영도구 청학동,경상사고,0,0,1,0,차대차 - 기타,안전운전불이행,건조,맑음,단일로 - 기타,승합,남,48세,상해없음,승용,남,83세,상해없음
2021121400100285,2021년 12월 14일 16시,화요일,부산광역시 해운대구 재송동,경상사고,0,0,2,0,차대차 - 측면충돌,안전운전불이행,건조,맑음,교차로 - 교차로안,승용,여,61세,상해없음,승용,여,60세,경상
2021121400100286,2021년 12월 14일 16시,화요일,부산광역시 사하구 신평동,경상사고,0,0,1,0,차대사람 - 기타,안전운전불이행,건조,맑음,단일로 - 지하차도(도로)내,화물,남,55세,상해없음,보행자,남,34세,경상
2021121400100287,2021년 12월 14일 16시,화요일,부산광역시 북구 덕천동,중상사고,0,1,2,0,차대차 - 추돌,안전운전불이행,건조,맑음,단일로 - 교량,승용,남,27세,기타불명,승용,남,33세,경상
2021121400100328,2021년 12월 14일 17시,화요일,부산광역시 동래구 명륜동,경상사고,0,0,1,0,차대차 - 기타,안전거리미확보,건조,맑음,교차로 - 교차로부근,이륜,남,59세,기타불명,승용,여,41세,경상
2021121400100385,2021년 12월 14일 18시,화요일,부산광역시 수영구 광안동,중상사고,0,1,0,0,차대사람 - 차도통행중,안전운전불이행,건조,맑음,교차로 - 교차로안,승용,여,30세,상해없음,보행자,여,54세,중상
2021121400100386,2021년 12월 14일 18시,화요일,부산광역시 해운대구 우동,경상사고,0,0,2,0,차대차 - 기타,안전거리미확보,건조,맑음,단일로 - 교량,승용,남,21세,상해없음,승용,남,20세,경상
2021121400100387,2021년 12월 14일 18시,화요일,부산광역시 사상구 주례동,경상사고,0,0,1,0,차대사람 - 횡단중,안전운전불이행,건조,맑음,교차로 - 교차로안,승용,남,49세,상해없음,보행자,여,83세,경상
2021121400100442,2021년 12월 14일 19시,화요일,부산광역시 해운대구 우동,경상사고,0,0,1,0,차대차 - 측면충돌,안전운전불이행,건조,맑음,교차로 - 교차로안,승용,남,64세,상해없음,승용,남,52세,경상
2021121400100443,2021년 12월 14일 19시,화요일,부산광역시 부산진구 부전동,경상사고,0,0,1,0,차대사람 - 기타,안전운전불이행,건조,맑음,기타 - 기타,화물,남,50세,상해없음,보행자,남,19세,경상
2021121400100444,2021년 12월 14일 19시,화요일,부산광역시 금정구 장전동,부상신고사고,0,0,0,1,차대차 - 기타,신호위반,건조,맑음,교차로 - 교차로안,이륜,남,33세,상해없음,승용,남,61세,부상신고
2021121500100029,2021년 12월 15일 02시,수요일,부산광역시 부산진구 범천동,경상사고,0,0,1,0,차량단독 - 기타,안전운전불이행,건조,맑음,단일로 - 기타,승용,남,73세,상해없음,,,,
2021121500100043,2021년 12월 15일 05시,수요일,부산광역시 중구 대창동1가,중상사고,0,1,1,0,차대차 - 측면충돌,신호위반,건조,맑음,단일로 - 기타,승용,남,47세,상해없음,화물,남,45세,경상