사고번호,사고일시,요일,시군구,사고내용,사망자수,중상자수,경상자수,부상신고자수,사고유형,법규위반,노면상태,기상상태,도로형태,가해운전자 차종,가해운전자 성별,가해운전자 연령,가해운전자 상해정도,피해운전자 차종,피해운전자 성별,피해운전자 연령,피해운전자 상해정도
2021121900100071,2021년 12월 19일 10시,일요일,부산광역시 부산진구 전포동,경상사고,0,0,1,0,차대차 - 기타,안전운전불이행,건조,맑음,교차로 - 교차로부근,승용,여,64세,상해없음,이륜,남,37세,경상
2021121900100081,2021년 12월 19일 11시,일요일,부산광역시 부산진구 당감동,경상사고,0,0,1,0,차대차 - 측면충돌,안전운전불이행,건조,맑음,단일로 - 기타,승용,남,28세,상해없음,이륜,남,34세,경상
2021121900100082,2021년 12월 19일 11시,일요일,부산광역시 부산진구 부암동,경상사고,0,0,1,0,차대차 - 측면충돌,안전운전불이행,건조,맑음,단일로 - 기타,승합,남,61세,상해없음,승용,여,49세,경상
2021121900100083,2021년 12월 19일 11시,일요일,부산광역시 사하구 당리동,경상사고,0,0,1,0,차대차 - 기타,안전운전불이행,건조,맑음,단일로 - 기타,이륜,남,35세,경상,화물,남,65세,상해없음
2021121900100100,2021년 12월 19일 12시,일요일,부산광역시 북구 만덕동,부상신고사고,0,0,0,1,차대차 - 측면충돌,차로위반,건조,맑음,단일로 - 기타,승용,여,50세,상해없음,승용,남,27세,부상신고
2021121900100101,2021년 12월 19일 12시,일요일,부산광역시 부산진구 부암동,경상사고,0,0,3,1,차대차 - 추돌,안전운전불이행,건조,맑음,단일로 - 기타,승용,남,72세,기타불명,승용,남,52세,경상
2021121900100102,2021년 12월 19일 12시,일요일,부산광역시 금정구 부곡동,중상사고,0,1,1,0,차대차 - 추돌,신호위반,건조,맑음,단일로 - 터널,승용,남,27세,경상,승용,남,49세,중상
2021121900100103,2021년 12월 19일 12시,일요일,부산광역시 연제구 연산동,부상신고사고,0,0,0,1,차대차 - 기타,안전거리미확보,건조,맑음,단일로 - 기타,이륜,남,18세,부상신고,승용,남,69세,상해없음
2021121900100120,2021년 12월 19일 13시,일요일,부산광역시 영도구 남항동1가,중상사고,0,1,0,0,차대차 - 측면충돌,안전운전불이행,건조,맑음,단일로 - 기타,승용,여,59세,상해없음,이륜,남,51세,중상
2021121900100121,2021년 12월 19일 13시,일요일,부산광역시 부산진구 부전동,경상사고,0,0,1,0,차대차 - 측면충돌,중앙선침범,건조,맑음,단일로 - 기타,승용,남,37세,상해없음,이륜,남,22세,경상
2021121900100122,2021년 12월 19일 13시,일요일,부산광역시 부산진구 개금동,경상사고,0,0,1,0,차대차 - 기타,중앙선침범,건조,맑음,교차로 - 교차로부근,승용,남,78세,상해없음,이륜,남,41세,경상
2021121900100186,2021년 12월 19일 15시,일요일,부산광역시 부산진구 전포동,경상사고,0,0,1,0,차대차 - 기타,안전운전불이행,건조,맑음,단일로 - 기타,승용,여,20세,상해없음,승용,남,30세,경상
2021121900100187,2021년 12월 19일 15시,일요일,부산광역시 강서구 명지동,경상사고,0,0,1,0,차대차 - 추돌,안전운전불이행,건조,맑음,단일로 - 기타,승용,남,53세,상해없음,승합,남,35세,경상
2021121900100203,2021년 12월 19일 16시,일요일,부산광역시 남구 용당동,경상사고,0,0,3,0,차대차 - 측면충돌,안전거리미확보,건조,맑음,단일로 - 기타,승용,남,23세,상해없음,승용,남,61세,경상
2021121900100204,2021년 12월 19일 16시,일요일,부산광역시 부산진구 개금동,경상사고,0,0,4,0,차대차 - 기타,안전거리미확보,건조,맑음,교차로 - 교차로안,승용,남,65세,상해없음,승용,남,26세,경상
2021121900100205,2021년 12월 19일 16시,일요일,부산광역시 사상구 주례동,경상사고,0,0,1,0,차대차 - 후진중충돌,안전운전불이행,건조,맑음,단일로 - 기타,승용,남,25세,기타불명,이륜,남,45세,경상
2021121900100224,2021년 12월 19일 17시,일요일,부산광역시 연제구 연산동,중상사고,0,1,0,0,차대차 - 추돌,안전운전불이행,건조,맑음,단일로 - 기타,이륜,남,53세,중상,승용,남,60세,기타불명
2021121900100298,2021년 12월 19일 20시,일요일,부산광역시 중구 영주동,경상사고,0,0,1,0,차대사람 - 횡단중,보행자보호의무위반,건조,맑음,단일로 - 기타,이륜,남,54세,상해없음,보행자,여,25세,경상
2021121900100299,2021년 12월 19일 20시,일요일,부산광역시 동구 좌천동,중상사고,0,1,0,0,차대차 - 기타,차로위반,건조,맑음,단일로 - 기타,승용,남,36세,상해없음,이륜,남,42세,중상
2021121900100300,2021년 12월 19일 20시,일요일,부산광역시 북구 구포동,경상사고,0,0,1,0,차대사람 - 기타,안전운전불이행,건조,맑음,기타 - 기타,승용,남,52세,상해없음,보행자,남,66세,경상
2021121900100327,2021년 12월 19일 21시,일요일,부산광역시 강서구 명지동,경상사고,0,0,1,0,차대차 - 추돌,안전운전불이행,건조,맑음,교차로 - 교차로안,승용,남,43세,상해없음,승용,남,35세,경상
2021122000100017,2021년 12월 20일 06시,월요일,부산광역시 해운대구 재송동,경상사고,0,0,1,0,차대차 - 기타,신호위반,건조,맑음,교차로 - 교차로안,기타불명,기타불명,미분류,기타불명,승합,남,37세,상해없음
2021122000100040,2021년 12월 20일 07시,월요일,부산광역시 금정구 금사동,중상사고,0,1,0,0,차대사람 - 차도통행중,안전운전불이행,건조,맑음,교차로 - 교차로안,화물,남,42세,상해없음,보행자,남,67세,중상
2021122000100061,2021년 12월 20일 08시,월요일,부산광역시 강서구 대저1동,중상사고,0,1,0,0,차대사람 - 횡단중,안전운전불이행,건조,맑음,교차로 - 교차로부근,화물,남,32세,상해없음,보행자,남,37세,중상
2021122000100100,2021년 12월 20일 09시,월요일,부산광역시 해운대구 중동,중상사고,0,1,0,0,차대차 - 기타,신호위반,건조,맑음,교차로 - 교차로안,승용,남,58세,상해없음,이륜,남,66세,중상
2021122000100123,2021년 12월 20일 10시,월요일,부산광역시 연제구 거제동,경상사고,0,0,1,0,차대차 - 측면충돌,교차로운행방법위반,건조,맑음,교차로 - 교차로안,승용,남,85세,상해없음,승용,남,66세,경상
2021122000100151,2021년 12월 20일 11시,월요일,부산광역시 동래구 온천동,경상사고,0,0,1,0,차대사람 - 횡단중,보행자보호의무위반,건조,맑음,교차로 - 교차로안,승용,남,59세,상해없음,보행자,여,56세,경상
2021122000100152,2021년 12월 20일 11시,월요일,부산광역시 부산진구 부암동,경상사고,0,0,4,0,차대차 - 정면충돌,중앙선침범,건조,맑음,단일로 - 기타,승용,여,57세,경상,화물,남,47세,경상
2021122000100153,2021년 12월 20일 11시,월요일,부산광역시 부산진구 부암동,경상사고,0,0,1,0,차대차 - 기타,안전거리미확보,건조,맑음,교차로 - 교차로안,자전거,여,64세,경상,승용,남,28세,상해없음
2021122000100154,2021년 12월 20일 11시,월요일,부산광역시 부산진구 부전동,중상사고,0,1,0,0,차대사람 - 기타,안전운전불이행,건조,맑음,단일로 - 기타,승용,여,30세,상해없음,보행자,여,81세,중상
2021122000100155,2021년 12월 20일 11시,월요일,부산광역시 연제구 연산동,경상사고,0,0,1,0,차대사람 - 기타,보행자보호의무위반,건조,맑음,교차로 - 교차로횡단보도내,승용,여,61세,상해없음,보행자,여,33세,경상
2021122000100189,2021년 12월 20일 12시,월요일,부산광역시 강서구 송정동,중상사고,0,1,7,0,차대차 - 측면충돌,신호위반,건조,맑음,교차로 - 교차로안,승용,여,56세,상해없음,승용,여,39세,중상
2021122000100190,2021년 12월 20일 12시,월요일,부산광역시 강서구 범방동,사망사고,1,0,0,0,차대차 - 추돌,안전운전불이행,건조,맑음,단일로 - 기타,화물,남,57세,상해없음,화물,남,56세,사망
2021122000100227,2021년 12월 20일 13시,월요일,부산광역시 부산진구 부전동,경상사고,0,0,1,0,차대사람 - 횡단중,안전운전불이행,건조,맑음,단일로 - 기타,승용,남,28세,상해없음,보행자,여,21세,경상
2021122000100256,2021년 12월 20일 14시,월요일,부산광역시 남구 용호동,경상사고,0,0,1,0,차대차 - 후진중충돌,안전운전불이행,건조,맑음,교차로 - 교차로안,승용,여,39세,상해없음,이륜,남,63세,경상
2021122000100257,2021년 12월 20일 14시,월요일,부산광역시 금정구 서동,중상사고,0,1,0,0,차대사람 - 기타,안전운전불이행,건조,맑음,기타 - 기타,승용,여,60세,상해없음,보행자,남,69세,중상
2021122000100297,2021년 12월 20일 15시,월요일,부산광역시 동래구 온천동,경상사고,0,0,1,0,차대차 - 추돌,안전운전불이행,건조,맑음,단일로 - 기타,승용,남,64세,상해없음,승용,남,66세,경상
2021122000100341,2021년 12월 20일 16시,월요일,부산광역시 서구 부용동1가,경상사고,0,0,1,0,차대사람 - 보도통행중,신호위반,건조,맑음,교차로 - 교차로부근,원동기,남,65세,상해없음,보행자,여,20세,경상
2021122000100342,2021년 12월 20일 16시,월요일,부산광역시 영도구 남항동1가,부상신고사고,0,0,0,1,차대차 - 기타,직진우회전진행방해,건조,맑음,교차로 - 교차로안,이륜,남,79세,부상신고,승용,여,58세,상해없음
2021122000100343,2021년 12월 20일 16시,월요일,부산광역시 기장군 철마면,경상사고,0,0,1,0,차대사람 - 기타,안전운전불이행,건조,맑음,교차로 - 교차로안,화물,남,74세,상해없음,보행자,여,57세,경상
2021122000100383,2021년 12월 20일 17시,월요일,부산광역시 수영구 광안동,중상사고,0,1,0,0,차대사람 - 기타,안전운전불이행,건조,맑음,단일로 - 기타,승용,남,51세,상해없음,보행자,남,9세,중상
2021122000100439,2021년 12월 20일 18시,월요일,부산광역시 해운대구 중동,중상사고,0,1,0,0,차대차 - 기타,안전운전불이행,건조,맑음,단일로 - 기타,이륜,기타불명,미분류,기타불명,자전거,남,48세,중상
2021122000100440,2021년 12월 20일 18시,월요일,부산광역시 금정구 금사동,부상신고사고,0,0,0,2,차대차 - 측면충돌,안전운전불이행,건조,맑음,단일로 - 기타,승용,남,65세,상해없음,승용,남,24세,부상신고
2021122000100441,2021년 12월 20일 18시,월요일,부산광역시 사하구 하단동,경상사고,0,0,2,0,차대차 - 기타,직진우회전진행방해,건조,맑음,교차로 - 교차로안,승용,남,52세,상해없음,승용,남,47세,경상
2021122000100508,2021년 12월 20일 19시,월요일,부산광역시 금정구 장전동,중상사고,0,1,0,0,차대사람 - 차도통행중,안전운전불이행,건조,맑음,단일로 - 기타,승용,여,57세,상해없음,보행자,여,30세,중상
2021122000100509,2021년 12월 20일 19시,월요일,부산광역시 사하구 하단동,경상사고,0,0,1,0,차대사람 - 차도통행중,안전운전불이행,건조,맑음,단일로 - 기타,승용,남,62세,상해없음,보행자,남,63세,경상
2021122000100548,2021년 12월 20일 20시,월요일,부산광역시 기장군 기장읍,경상사고,0,0,1,0,차대차 - 기타,안전운전불이행,건조,맑음,단일로 - 기타,승용,남,61세,상해없음,이륜,남,37세,경상
2021122000100578,2021년 12월 20일 21시,월요일,부산광역시 부산진구 범천동,경상사고,0,0,1,1,차대차 - 기타,안전운전불이행,건조,맑음,단일로 - 기타,이륜,남,48세,상해없음,승용,남,31세,경상
2021122000100579,2021년 12월 20일 21시,월요일,부산광역시 사상구 괘법동,중상사고,0,1,0,0,차대차 - 기타,안전운전불이행,건조,맑음,단일로 - 기타,승용,남,21세,상해없음,기타불명,여,59세,중상
2021122000100608,2021년 12월 20일 22시,월요일,부산광역시 사하구 장림동,경상사고,0,0,3,0,차대차 - 기타,안전운전불이행,건조,맑음,단일로 - 기타,승용,남,29세,경상,승용,여,52세,경상
2021122000100609,2021년 12월 20일 22시,월요일,부산광역시 연제구 연산동,경상사고,0,0,1,0,차대차 - 정면충돌,안전운전불이행,건조,맑음,단일로 - 기타,승용,남,60세,상해없음,승용,남,59세,경상
2021122000100630,2021년 12월 20일 23시,월요일,부산광역시 북구 덕천동,경상사고,0,0,1,0,차대사람 - 기타,안전운전불이행,건조,맑음,교차로 - 교차로안,화물,남,65세,상해없음,보행자,남,58세,경상
2021122100100002,2021년 12월 21일 00시,화요일,부산광역시 부산진구 개금동,경상사고,0,0,2,0,차대차 - 기타,기타,건조,맑음,교차로 - 교차로안,승용,남,58세,기타불명,승용,남,51세,경상
2021122100100022,2021년 12월 21일 06시,화요일,부산광역시 남구 대연동,경상사고,0,0,1,0,차대차 - 정면충돌,신호위반,건조,맑음,교차로 - 교차로안,승용,남,64세,상해없음,승용,남,53세,경상
2021122100100023,2021년 12월 21일 06시,화요일,부산광역시 북구 덕천동,중상사고,0,1,0,0,차대사람 - 기타,안전운전불이행,건조,맑음,단일로 - 기타,승용,남,54세,상해없음,보행자,여,31세,중상
2021122100100024,2021년 12월 21일 06시,화요일,부산광역시 동래구 수안동,경상사고,0,0,1,0,차대차 - 측면충돌,안전거리미확보,건조,맑음,단일로 - 기타,화물,남,60세,상해없음,승용,남,38세,경상
2021122100100025,2021년 12월 21일 06시,화요일,부산광역시 사상구 학장동,경상사고,0,0,1,0,차대차 - 추돌,안전운전불이행,건조,맑음,교차로 - 교차로부근,화물,남,44세,상해없음,화물,남,53세,경상
2021122100100078,2021년 12월 21일 08시,화요일,부산광역시 중구 중앙동3가,경상사고,0,0,1,0,차대차 - 측면충돌,교차로운행방법위반,건조,맑음,교차로 - 교차로안,승용,남,69세,상해없음,승용,남,41세,경상
2021122100100079,2021년 12월 21일 08시,화요일,부산광역시 서구 아미동2가,경상사고,0,0,1,0,차량단독 - 기타,안전운전불이행,건조,맑음,단일로 - 기타,승용,남,72세,상해없음,,,,
2021122100100080,2021년 12월 21일 08시,화요일,부산광역시 부산진구 부암동,경상사고,0,0,1,0,차대차 - 추돌,안전거리미확보,건조,맑음,단일로 - 기타,승용,여,38세,상해없음,승용,여,55세,경상
2021122100100081,2021년 12월 21일 08시,화요일,부산광역시 연제구 연산동,경상사고,0,0,1,0,차대사람 - 횡단중,신호위반,건조,맑음,단일로 - 기타,승용,여,32세,상해없음,보행자,여,50세,경상
2021122100100138,2021년 12월 21일 10시,화요일,부산광역시 부산진구 부전동,중상사고,0,1,0,0,차대사람 - 기타,안전운전불이행,건조,맑음,단일로 - 기타,화물,남,72세,상해없음,보행자,여,62세,중상
2021122100100139,2021년 12월 21일 10시,화요일,부산광역시 강서구 명지동,중상사고,0,1,1,0,차대차 - 측면충돌,안전운전불이행,건조,맑음,교차로 - 교차로안,승용,남,37세,경상,승용,여,58세,중상
2021122100100169,2021년 12월 21일 11시,화요일,부산광역시 동래구 온천동,경상사고,0,0,1,0,차대사람 - 횡단중,보행자보호의무위반,건조,맑음,교차로 - 교차로안,승용,남,81세,상해없음,보행자,남,37세,경상
2021122100100170,2021년 12월 21일 11시,화요일,부산광역시 기장군 기장읍,중상사고,0,1,0,0,차대차 - 기타,안전운전불이행,건조,맑음,단일로 - 기타,승용,여,62세,상해없음,자전거,여,64세,중상
2021122100100192,2021년 12월 21일 12시,화요일,부산광역시 부산진구 전포동,중상사고,0,1,0,0,차대차 - 추돌,안전운전불이행,건조,맑음,단일로 - 기타,승용,남,21세,상해없음,이륜,남,37세,중상
2021122100100218,2021년 12월 21일 13시,화요일,부산광역시 서구 충무동3가,중상사고,0,1,0,0,차대사람 - 기타,안전운전불이행,건조,맑음,교차로 - 교차로안,승용,남,75세,상해없음,보행자,남,86세,중상
2021122100100219,2021년 12월 21일 13시,화요일,부산광역시 부산진구 범천동,경상사고,0,0,1,0,차대차 - 추돌,안전운전불이행,건조,맑음,교차로 - 교차로안,승용,남,61세,상해없음,승용,남,69세,경상
2021122100100220,2021년 12월 21일 13시,화요일,부산광역시 사상구 감전동,경상사고,0,0,1,0,차대차 - 기타,안전거리미확보,건조,맑음,교차로 - 교차로부근,승용,남,62세,상해없음,이륜,남,36세,경상
2021122100100309,2021년 12월 21일 16시,화요일,부산광역시 수영구 망미동,경상사고,0,0,1,0,차대차 - 추돌,교차로운행방법위반,건조,맑음,교차로 - 교차로안,승용,남,64세,상해없음,자전거,남,56세,경상
2021122100100325,2021년 12월 21일 17시,화요일,부산광역시 동래구 사직동,경상사고,0,0,1,0,차대차 - 기타,안전운전불이행,건조,맑음,단일로 - 기타,승용,여,47세,상해없음,승용,여,30세,경상
2021122100100326,2021년 12월 21일 17시,화요일,부산광역시 해운대구 좌동,경상사고,0,0,1,0,차대차 - 측면충돌,안전거리미확보,건조,맑음,단일로 - 기타,승용,여,64세,상해없음,승용,여,58세,경상
2021122100100327,2021년 12월 21일 17시,화요일,부산광역시 부산진구 가야동,경상사고,0,0,2,0,차대차 - 추돌,안전거리미확보,건조,맑음,단일로 - 기타,특수,남,37세,상해없음,승용,남,27세,경상
2021122100100328,2021년 12월 21일 17시,화요일,부산광역시 사하구 신평동,부상신고사고,0,0,0,1,차대차 - 측면충돌,안전거리미확보,건조,맑음,단일로 - 기타,승합,남,69세,상해없음,승용,여,29세,부상신고
2021122100100329,2021년 12월 21일 17시,화요일,부산광역시 연제구 연산동,경상사고,0,0,1,0,차대차 - 추돌,신호위반,건조,맑음,교차로 - 교차로안,승용,남,55세,상해없음,이륜,남,25세,경상
2021122100100368,2021년 12월 21일 18시,화요일,부산광역시 사하구 괴정동,부상신고사고,0,0,0,1,차대차 - 측면충돌,직진우회전진행방해,건조,맑음,교차로 - 교차로안,승용,여,61세,기타불명,승용,남,28세,부상신고
2021122100100369,2021년 12월 21일 18시,화요일,부산광역시 기장군 일광면,중상사고,0,2,1,0,차대차 - 기타,신호위반,건조,맑음,교차로 - 교차로안,승용,남,56세,상해없음,승용,남,59세,경상
2021122100100437,2021년 12월 21일 19시,화요일,부산광역시 동래구 사직동,경상사고,0,0,1,0,차대차 - 측면충돌,차로위반,건조,맑음,단일로 - 기타,승용,남,67세,상해없음,원동기,남,46세,경상
2021122100100438,2021년 12월 21일 19시,화요일,부산광역시 해운대구 재송동,경상사고,0,0,1,0,차대사람 - 기타,안전운전불이행,건조,맑음,단일로 - 기타,승용,남,56세,상해없음,보행자,여,32세,경상
2021122100100439,2021년 12월 21일 19시,화요일,부산광역시 연제구 거제동,경상사고,0,0,1,0,차대차 - 기타,안전운전불이행,건조,맑음,단일로 - 기타,승용,남,67세,상해없음,승용,남,51세,경상
2021122100100473,2021년 12월 21일 20시,화요일,부산광역시 동래구 명장동,경상사고,0,0,1,0,차대차 - 기타,중앙선침범,건조,맑음,교차로 - 교차로부근,이륜,남,26세,상해없음,승용,남,66세,경상
2021122100100497,2021년 12월 21일 21시,화요일,부산광역시 수영구 광안동,중상사고,0,1,0,0,차대차 - 기타,안전운전불이행,건조,맑음,교차로 - 교차로안,승용,남,22세,상해없음,이륜,남,27세,중상
2021122100100498,2021년 12월 21일 21시,화요일,부산광역시 영도구 봉래동1가,부상신고사고,0,0,0,1,차대차 - 정면충돌,신호위반,건조,맑음,단일로 - 기타,자전거,남,68세,부상신고,승용,남,54세,상해없음
2021122200100017,2021년 12월 22일 06시,수요일,부산광역시 사상구 학장동,중상사고,0,1,0,0,차대사람 - 보도통행중,보행자보호의무위반,건조,맑음,교차로 - 교차로횡단보도내,승용,남,62세,상해없음,보행자,남,44세,중상
2021122200100037,2021년 12월 22일 07시,수요일,부산광역시 해운대구 반송동,중상사고,0,1,0,0,차대사람 - 횡단중,안전운전불이행,건조,맑음,단일로 - 기타,화물,남,76세,상해없음,보행자,남,71세,중상
2021122200100038,2021년 12월 22일 07시,수요일,부산광역시 부산진구 전포동,경상사고,0,0,1,0,차량단독 - 기타,기타,건조,맑음,단일로 - 기타,승합,남,37세,상해없음,,,,
2021122200100069,2021년 12월 22일 08시,수요일,부산광역시 영도구 대교동1가,부상신고사고,0,0,0,1,차대차 - 측면충돌,기타,건조,맑음,단일로 - 기타,개인형이동수단(PM),남,16세,부상신고,승용,여,34세,상해없음
2021122200100070,2021년 12월 22일 08시,수요일,부산광역시 연제구 거제동,중상사고,0,2,0,0,차대차 - 측면충돌,직진우회전진행방해,건조,맑음,교차로 - 교차로안,승용,여,50세,상해없음,화물,남,58세,중상
2021122200100107,2021년 12월 22일 09시,수요일,부산광역시 동구 범일동,중상사고,0,1,1,0,차대차 - 기타,신호위반,건조,맑음,교차로 - 교차로안,화물,남,80세,상해없음,승용,남,47세,중상
2021122200100108,2021년 12월 22일 09시,수요일,부산광역시 동래구 수안동,경상사고,0,0,1,0,차대차 - 측면충돌,교차로운행방법위반,건조,맑음,교차로 - 교차로부근,승용,남,82세,상해없음,승용,남,40세,상해없음
2021122200100146,2021년 12월 22일 10시,수요일,부산광역시 부산진구 전포동,경상사고,0,0,2,0,차대차 - 측면충돌,안전운전불이행,건조,맑음,교차로 - 교차로안,승용,여,40세,상해없음,화물,남,61세,경상
2021122200100170,2021년 12월 22일 11시,수요일,부산광역시 연제구 연산동,중상사고,0,1,0,0,차대차 - 측면충돌,교차로운행방법위반,건조,맑음,교차로 - 교차로안,화물,남,59세,상해없음,이륜,남,59세,중상
2021122200100202,2021년 12월 22일 12시,수요일,부산광역시 동구 좌천동,중상사고,0,1,2,0,차대차 - 기타,신호위반,건조,맑음,교차로 - 교차로안,승용,여,52세,상해없음,승용,남,67세,경상
2021122200100203,2021년 12월 22일 12시,수요일,부산광역시 북구 화명동,경상사고,0,0,1,0,차대차 - 측면충돌,안전운전불이행,건조,맑음,단일로 - 기타,승용,여,66세,상해없음,이륜,남,21세,경상
2021122200100204,2021년 12월 22일 12시,수요일,부산광역시 부산진구 부암동,중상사고,0,1,0,0,차대차 - 측면충돌,교차로운행방법위반,건조,맑음,교차로 - 교차로안,승용,남,48세,상해없음,이륜,남,79세,중상
2021122200100235,2021년 12월 22일 13시,수요일,부산광역시 수영구 수영동,사망사고,2,0,0,0,차대사람 - 기타,기타,건조,맑음,교차로 - 교차로안,승용,남,82세,상해없음,보행자,여,59세,사망
2021122200100307,2021년 12월 22일 15시,수요일,부산광역시 북구 만덕동,부상신고사고,0,0,0,2,차대사람 - 기타,안전운전불이행,건조,맑음,교차로 - 교차로안,화물,여,57세,상해없음,보행자,여,40세,부상신고
2021122200100308,2021년 12월 22일 15시,수요일,부산광역시 동래구 수안동,경상사고,0,0,2,0,차대차 - 추돌,안전거리미확보,건조,맑음,단일로 - 기타,승용,여,58세,상해없음,승용,남,42세,경상
2021122200100309,2021년 12월 22일 15시,수요일,부산광역시 사하구 하단동,경상사고,0,0,1,0,차대차 - 기타,안전거리미확보,건조,맑음,단일로 - 기타,승용,남,42세,상해없음,승용,남,79세,경상
2021122200100310,2021년 12월 22일 15시,수요일,부산광역시 기장군 기장읍,경상사고,0,0,2,0,차대차 - 측면충돌,신호위반,건조,맑음,교차로 - 교차로안,승용,남,61세,상해없음,승합,남,44세,경상
2021122200100348,2021년 12월 22일 16시,수요일,부산광역시 부산진구 범천동,경상사고,0,0,1,0,차대사람 - 기타,안전운전불이행,건조,맑음,기타 - 기타,승용,남,58세,상해없음,보행자,남,10세,경상
2021122200100349,2021년 12월 22일 16시,수요일,부산광역시 부산진구 전포동,경상사고,0,0,2,0,차대차 - 추돌,안전운전불이행,건조,맑음,기타 - 기타,승용,남,27세,상해없음,화물,남,58세,경상
2021122200100350,2021년 12월 22일 16시,수요일,부산광역시 금정구 구서동,경상사고,0,0,1,0,차대차 - 측면충돌,중앙선침범,건조,맑음,단일로 - 기타,승용,남,50세,상해없음,승합,남,60세,경상
2021122200100389,2021년 12월 22일 17시,수요일,부산광역시 동래구 수안동,경상사고,0,0,1,0,차대사람 - 횡단중,안전운전불이행,건조,맑음,교차로 - 교차로안,이륜,남,49세,상해없음,보행자,남,60세,경상
2021122200100493,2021년 12월 22일 19시,수요일,부산광역시 서구 암남동,중상사고,0,1,0,0,차대사람 - 횡단중,신호위반,건조,맑음,단일로 - 기타,이륜,남,59세,상해없음,보행자,여,76세,중상
2021122200100531,2021년 12월 22일 20시,수요일,부산광역시 연제구 연산동,경상사고,0,0,1,0,차대차 - 기타,교차로운행방법위반,건조,맑음,교차로 - 교차로안,자전거,남,47세,경상,승용,여,52세,상해없음
2021122200100602,2021년 12월 22일 22시,수요일,부산광역시 부산진구 전포동,경상사고,0,0,1,0,차대차 - 정면충돌,신호위반,건조,맑음,교차로 - 교차로부근,승용,남,45세,상해없음,화물,남,58세,경상
2021122300100027,2021년 12월 23일 06시,목요일,부산광역시 부산진구 당감동,경상사고,0,0,2,0,차대차 - 측면충돌,신호위반,건조,맑음,교차로 - 교차로안,화물,남,73세,상해없음,승용,남,60세,경상
2021122300100045,2021년 12월 23일 07시,목요일,부산광역시 금정구 회동동,경상사고,0,0,1,0,차대사람 - 횡단중,보행자보호의무위반,건조,맑음,단일로 - 기타,승합,남,56세,상해없음,보행자,남,48세,경상
2021122300100128,2021년 12월 23일 10시,목요일,부산광역시 부산진구 양정동,중상사고,0,4,12,0,차대차 - 기타,신호위반,건조,맑음,교차로 - 교차로부근,화물,남,58세,상해없음,승합,남,34세,경상
2021122300100155,2021년 12월 23일 11시,목요일,부산광역시 동구 수정동,중상사고,0,1,0,0,차대사람 - 차도통행중,안전운전불이행,건조,맑음,단일로 - 기타,승용,남,53세,상해없음,보행자,남,70세,중상
2021122300100156,2021년 12월 23일 11시,목요일,부산광역시 북구 구포동,경상사고,0,0,1,0,차대차 - 측면충돌,안전운전불이행,건조,맑음,단일로 - 지하차도(도로)내,승용,여,68세,상해없음,이륜,남,47세,경상
2021122300100157,2021년 12월 23일 11시,목요일,부산광역시 동구 범일동,경상사고,0,0,1,0,차대차 - 기타,신호위반,건조,맑음,교차로 - 교차로안,이륜,남,33세,상해없음,화물,남,19세,경상
2021122300100158,2021년 12월 23일 11시,목요일,부산광역시 금정구 금사동,경상사고,0,0,1,0,차대차 - 측면충돌,안전운전불이행,건조,맑음,교차로 - 교차로안,승용,남,43세,상해없음,승용,남,53세,경상
2021122300100185,2021년 12월 23일 12시,목요일,부산광역시 연제구 연산동,중상사고,0,1,1,0,차대차 - 측면충돌,교차로운행방법위반,건조,맑음,교차로 - 교차로안,승용,남,47세,경상,이륜,남,37세,중상
2021122300100186,2021년 12월 23일 12시,목요일,부산광역시 강서구 송정동,경상사고,0,0,1,0,차대차 - 기타,안전운전불이행,건조,맑음,단일로 - 기타,승용,여,35세,상해없음,승용,남,31세,경상
2021122300100187,2021년 12월 23일 12시,목요일,부산광역시 사상구 괘법동,중상사고,0,1,0,0,차대사람 - 길가장자리구역통행중,안전운전불이행,건조,맑음,단일로 - 기타,승용,남,66세,상해없음,보행자,여,82세,중상
2021122300100243,2021년 12월 23일 14시,목요일,부산광역시 동래구 온천동,경상사고,0,0,1,0,차대차 - 기타,안전운전불이행,건조,맑음,단일로 - 기타,승용,여,75세,상해없음,승용,남,63세,경상
2021122300100244,2021년 12월 23일 14시,목요일,부산광역시 강서구 명지동,경상사고,0,0,1,0,차대차 - 기타,안전운전불이행,건조,맑음,교차로 - 교차로안,승용,여,32세,상해없음,이륜,남,17세,경상
2021122300100279,2021년 12월 23일 15시,목요일,부산광역시 북구 만덕동,중상사고,0,1,0,0,차대사람 - 기타,안전운전불이행,건조,맑음,단일로 - 지하차도(도로)내,이륜,남,24세,상해없음,보행자,여,9세,중상
2021122300100280,2021년 12월 23일 15시,목요일,부산광역시 부산진구 범천동,부상신고사고,0,0,0,1,차대사람 - 기타,안전운전불이행,건조,맑음,단일로 - 교량,화물,남,35세,상해없음,보행자,여,58세,부상신고
2021122300100311,2021년 12월 23일 16시,목요일,부산광역시 해운대구 반송동,부상신고사고,0,0,0,1,차대차 - 측면충돌,신호위반,건조,맑음,교차로 - 교차로안,승용,여,51세,부상신고,승합,남,61세,상해없음